{
  "Total Instances (Deduped)": 543,
  "Total Evaluated (No generation failures)": 542,
  "Ranking Accuracy (All valid < distractor)": 0.6715867158671587,
  "Ranking Accuracy (Any valid < distractor)": 0.8579335793357934,
  "Mean KL Divergence (Valid Options)": 0.050733479894583565,
  "Mean KL Divergence (Distractor)": 0.17348840353384523
}