{
  "Total Instances (Deduped)": 543,
  "Total Evaluated (No generation failures)": 542,
  "Ranking Accuracy (All valid < distractor)": 0.3966789667896679,
  "Ranking Accuracy (Any valid < distractor)": 0.7287822878228782,
  "Mean KL Divergence (Valid Options)": 0.06497250087923176,
  "Mean KL Divergence (Distractor)": 0.14689852571383752
}