{
    "llada8b-n10-d8": {
        "diversity_mean_cosine_dist": 0.7881742632411023,
        "perplexity_median": 1061.8269653320312,
        "perplexity_mean": 3051.0315482955525,
        "overlap_mean": 0.11835118794477373,
        "num_evaluated_instances": 543,
        "local_save_path": "results/llada8b-n10-d8/task2_semantic_metrics_llada8b-n10-d8.json"
    }
}