id,source_type,num_disambiguations,labels,changed_view_num_pairs,changed_view_cosine_mean,changed_view_cosine_min,changed_view_cosine_max,changed_view_jaccard_mean,changed_view_same_label_cosine_mean,changed_view_cross_label_cosine_mean,changed_view_same_label_jaccard_mean,changed_view_cross_label_jaccard_mean,changed_view_mean_disambig_to_ambiguous_cosine,changed_view_mean_disambig_to_ambiguous_jaccard,changed_view_min_disambig_to_ambiguous_cosine,changed_view_max_disambig_to_ambiguous_cosine,changed_view_mean_disambig_to_distractor_cosine,changed_view_mean_disambig_to_distractor_jaccard,changed_view_min_disambig_to_distractor_cosine,changed_view_max_disambig_to_distractor_cosine,full_pair_view_num_pairs,full_pair_view_cosine_mean,full_pair_view_cosine_min,full_pair_view_cosine_max,full_pair_view_jaccard_mean,full_pair_view_same_label_cosine_mean,full_pair_view_cross_label_cosine_mean,full_pair_view_same_label_jaccard_mean,full_pair_view_cross_label_jaccard_mean,full_pair_view_mean_disambig_to_ambiguous_cosine,full_pair_view_mean_disambig_to_ambiguous_jaccard,full_pair_view_min_disambig_to_ambiguous_cosine,full_pair_view_max_disambig_to_ambiguous_cosine,full_pair_view_mean_disambig_to_distractor_cosine,full_pair_view_mean_disambig_to_distractor_jaccard,full_pair_view_min_disambig_to_distractor_cosine,full_pair_view_max_disambig_to_distractor_cosine
942,premise,2,entailment | neutral,1,0.030051469802856445,0.030051469802856445,0.030051469802856445,0.25,,0.030051469802856445,,0.25,0.049548953771591187,0.4391025641025641,0.04837828874588013,0.050719618797302246,0.2693804204463959,0.554945054945055,0.2642750144004822,0.27448582649230957,1,0.019900202751159668,0.019900202751159668,0.019900202751159668,0.2142857142857143,,0.019900202751159668,,0.2142857142857143,0.024556457996368408,0.2404761904761905,0.024404406547546387,0.02470850944519043,0.2741212248802185,0.28958333333333336,0.2729448080062866,0.2752976417541504
22_c,premise,2,entailment | neutral,1,0.02263963222503662,0.02263963222503662,0.02263963222503662,0.2727272727272727,,0.02263963222503662,,0.2727272727272727,0.019675523042678833,0.1925837320574163,0.011236965656280518,0.02811408042907715,0.07104068994522095,0.27717391304347827,0.06424176692962646,0.07783961296081543,1,0.009665310382843018,0.009665310382843018,0.009665310382843018,0.21739130434782605,,0.009665310382843018,,0.21739130434782605,0.007075488567352295,0.15416666666666667,0.005099654197692871,0.009051322937011719,0.029925256967544556,0.19142857142857145,0.027541935443878174,0.03230857849121094
51435,hypothesis,2,entailment | neutral,1,0.03334158658981323,0.03334158658981323,0.03334158658981323,0.2727272727272727,,0.03334158658981323,,0.2727272727272727,0.01704847812652588,0.21969696969696967,0.015952587127685547,0.01814436912536621,0.03777077794075012,0.36217948717948717,0.03516101837158203,0.04038053750991821,1,0.016479432582855225,0.016479432582855225,0.016479432582855225,0.25,,0.016479432582855225,,0.25,0.009073406457901001,0.20192307692307693,0.0086478590965271,0.009498953819274902,0.01507464051246643,0.260989010989011,0.014573752880096436,0.015575528144836426
52718,premise,2,neutral | entailment,1,0.03852975368499756,0.03852975368499756,0.03852975368499756,0.33333333333333337,,0.03852975368499756,,0.33333333333333337,0.024116426706314087,0.25,0.01628214120864868,0.03195071220397949,0.15507444739341736,0.3666666666666667,0.13941580057144165,0.17073309421539307,1,0.015479326248168945,0.015479326248168945,0.015479326248168945,0.3125,,0.015479326248168945,,0.3125,0.008378058671951294,0.23333333333333334,0.004701018333435059,0.01205509901046753,0.06485754251480103,0.28125,0.060324668884277344,0.06939041614532471
97035,hypothesis,2,entailment | neutral,1,0.11789590120315552,0.11789590120315552,0.11789590120315552,0.25,,0.11789590120315552,,0.25,0.06113418936729431,0.1428571428571429,0.057934463024139404,0.06433391571044922,0.2817365229129791,0.375,0.27876490354537964,0.2847081422805786,1,0.06360423564910889,0.06360423564910889,0.06360423564910889,0.19999999999999996,,0.06360423564910889,,0.19999999999999996,0.03142186999320984,0.11111111111111116,0.026872992515563965,0.03597074747085571,0.14912331104278564,0.30000000000000004,0.13783490657806396,0.16041171550750732
59570,both,2,contradiction | neutral,1,0.05304604768753052,0.05304604768753052,0.05304604768753052,0.23076923076923073,,0.05304604768753052,,0.23076923076923073,0.03227618336677551,0.12878787878787878,0.029856979846954346,0.03469538688659668,0.1659471094608307,0.2582417582417582,0.15783149003982544,0.17406272888183594,1,0.05304604768753052,0.05304604768753052,0.05304604768753052,0.23076923076923073,,0.05304604768753052,,0.23076923076923073,0.03227618336677551,0.12878787878787878,0.029856979846954346,0.03469538688659668,0.1659471094608307,0.2582417582417582,0.15783149003982544,0.17406272888183594
87325,both,4,entailment | neutral | contradiction | contradiction,6,0.03616824746131897,0.0050010085105896,0.05650812387466431,0.3799001924001924,0.048300981521606445,0.03374170064926148,0.47619047619047616,0.36064213564213565,0.037184521555900574,0.4003267973856208,0.025097787380218506,0.05081838369369507,0.16432829201221466,0.46184210526315794,0.14693528413772583,0.18373775482177734,6,0.03616824746131897,0.0050010085105896,0.05650812387466431,0.3799001924001924,0.048300981521606445,0.03374170064926148,0.47619047619047616,0.36064213564213565,0.037184521555900574,0.4003267973856208,0.025097787380218506,0.05081838369369507,0.16432829201221466,0.46184210526315794,0.14693528413772583,0.18373775482177734
89448,premise,2,entailment | neutral,1,0.047011613845825195,0.047011613845825195,0.047011613845825195,0.3076923076923077,,0.047011613845825195,,0.3076923076923077,0.021810531616210938,0.16666666666666669,0.00472944974899292,0.038891613483428955,0.2511928677558899,0.30769230769230765,0.2466646432876587,0.2557210922241211,1,0.02152717113494873,0.02152717113494873,0.02152717113494873,0.2857142857142857,,0.02152717113494873,,0.2857142857142857,0.010036110877990723,0.1538461538461538,0.002977132797241211,0.017095088958740234,0.10731613636016846,0.2142857142857143,0.10183453559875488,0.11279773712158203
60459,premise,2,entailment | neutral,1,0.05621480941772461,0.05621480941772461,0.05621480941772461,0.5,,0.05621480941772461,,0.5,0.05891719460487366,0.37777777777777777,0.057961225509643555,0.05987316370010376,0.38058483600616455,0.43125,0.3796701431274414,0.3814995288848877,1,0.02661895751953125,0.02661895751953125,0.02661895751953125,0.38095238095238093,,0.02661895751953125,,0.38095238095238093,0.02196374535560608,0.27142857142857146,0.016293764114379883,0.027633726596832275,0.26179078221321106,0.3142857142857143,0.2589150071144104,0.2646665573120117
81977,premise,2,entailment | neutral,1,0.007685422897338867,0.007685422897338867,0.007685422897338867,0.09090909090909094,,0.007685422897338867,,0.09090909090909094,0.006778091192245483,0.04545454545454547,0.004773318767547607,0.00878286361694336,0.06712180376052856,0.21590909090909088,0.06618785858154297,0.06805574893951416,1,0.0028073787689208984,0.0028073787689208984,0.0028073787689208984,0.0,,0.0028073787689208984,,0.0,0.005240917205810547,0.0,0.004499316215515137,0.005982518196105957,0.06725448369979858,0.16666666666666663,0.06618046760559082,0.06832849979400635
16733,hypothesis,2,entailment | contradiction,1,0.019252240657806396,0.019252240657806396,0.019252240657806396,0.33333333333333337,,0.019252240657806396,,0.33333333333333337,0.010182023048400879,0.16666666666666669,0.001882314682006836,0.018481731414794922,0.1267002522945404,0.2625,0.11421185731887817,0.13918864727020264,1,0.010973334312438965,0.010973334312438965,0.010973334312438965,0.25,,0.010973334312438965,,0.25,0.006177365779876709,0.125,0.0008647441864013672,0.01148998737335205,0.06117084622383118,0.19930069930069932,0.053663671016693115,0.06867802143096924
17416,premise,2,contradiction | neutral,1,0.008179068565368652,0.008179068565368652,0.008179068565368652,0.19999999999999996,,0.008179068565368652,,0.19999999999999996,0.02656450867652893,0.2582417582417582,0.024111926555633545,0.029017090797424316,0.353228896856308,0.37857142857142856,0.3480314612388611,0.3584263324737549,1,0.00344085693359375,0.00344085693359375,0.00344085693359375,0.1875,,0.00344085693359375,,0.1875,0.014075994491577148,0.17142857142857143,0.012369394302368164,0.015782594680786133,0.1606428027153015,0.22499999999999998,0.15994489192962646,0.16134071350097656
54530,hypothesis,2,entailment | contradiction,1,0.036766886711120605,0.036766886711120605,0.036766886711120605,0.4,,0.036766886711120605,,0.4,0.02318987250328064,0.25,0.014683544635772705,0.031696200370788574,0.2498747706413269,0.4444444444444444,0.24771630764007568,0.2520332336425781,1,0.021393239498138428,0.021393239498138428,0.021393239498138428,0.2727272727272727,,0.021393239498138428,,0.2727272727272727,0.012085199356079102,0.15555555555555556,0.010736644268035889,0.013433754444122314,0.08716839551925659,0.23636363636363633,0.08221817016601562,0.09211862087249756
45595,hypothesis,2,contradiction | entailment,1,0.040888428688049316,0.040888428688049316,0.040888428688049316,0.33333333333333337,,0.040888428688049316,,0.33333333333333337,0.023953497409820557,0.19999999999999996,0.0236663818359375,0.024240612983703613,0.5135181546211243,0.5,0.5111943483352661,0.5158419609069824,1,0.03235805034637451,0.03235805034637451,0.03235805034637451,0.25,,0.03235805034637451,,0.25,0.018525302410125732,0.1428571428571429,0.015407145023345947,0.021643459796905518,0.17787131667137146,0.25,0.17507946491241455,0.18066316843032837
69709,premise,2,entailment | neutral,1,0.013852417469024658,0.013852417469024658,0.013852417469024658,0.0,,0.013852417469024658,,0.0,0.016151726245880127,0.09999999999999998,0.015301823616027832,0.017001628875732422,0.2546521723270416,0.2727272727272727,0.24570000171661377,0.2636043429374695,1,0.007266879081726074,0.007266879081726074,0.007266879081726074,0.0,,0.007266879081726074,,0.0,0.007357805967330933,0.09090909090909094,0.0056095123291015625,0.009106099605560303,0.16716235876083374,0.25,0.16015398502349854,0.17417073249816895
17497,premise,2,neutral | contradiction,1,0.025925934314727783,0.025925934314727783,0.025925934314727783,0.15384615384615385,,0.025925934314727783,,0.15384615384615385,0.010037720203399658,0.15384615384615385,0.0025997161865234375,0.01747572422027588,0.03454086184501648,0.2142857142857143,0.025269031524658203,0.043812692165374756,1,0.009766161441802979,0.009766161441802979,0.009766161441802979,0.1333333333333333,,0.009766161441802979,,0.1333333333333333,0.004096299409866333,0.1333333333333333,0.0012139678001403809,0.006978631019592285,0.02409183979034424,0.1875,0.020405948162078857,0.02777773141860962
22376,premise,2,contradiction | neutral,1,0.023505747318267822,0.023505747318267822,0.023505747318267822,0.3846153846153846,,0.023505747318267822,,0.3846153846153846,0.015128761529922485,0.30303030303030304,0.011019587516784668,0.019237935543060303,0.4852352738380432,0.4391025641025641,0.4829363226890564,0.48753422498703003,1,0.015023291110992432,0.015023291110992432,0.015023291110992432,0.33333333333333337,,0.015023291110992432,,0.33333333333333337,0.008041948080062866,0.2582417582417582,0.0055969953536987305,0.010486900806427002,0.2818458080291748,0.30952380952380953,0.2817305326461792,0.2819610834121704
56909,premise,2,entailment | neutral,1,0.0059092044830322266,0.0059092044830322266,0.0059092044830322266,0.18181818181818177,,0.0059092044830322266,,0.18181818181818177,0.004622668027877808,0.18181818181818177,0.0027133822441101074,0.006531953811645508,0.44226759672164917,0.33333333333333337,0.44067925214767456,0.4438559412956238,1,0.004642069339752197,0.004642069339752197,0.004642069339752197,0.16666666666666663,,0.004642069339752197,,0.16666666666666663,0.0027234256267547607,0.16666666666666663,0.0012572407722473145,0.004189610481262207,0.27295124530792236,0.23076923076923073,0.2701665163040161,0.2757359743118286
108_c,premise,2,neutral | entailment,1,0.10067009925842285,0.10067009925842285,0.10067009925842285,0.5384615384615384,,0.10067009925842285,,0.5384615384615384,0.05678167939186096,0.2692307692307692,0.022345781326293945,0.09121757745742798,0.11231666803359985,0.4325396825396825,0.07884478569030762,0.1457885503768921,1,0.04745674133300781,0.04745674133300781,0.04745674133300781,0.33333333333333337,,0.04745674133300781,,0.33333333333333337,0.025509923696517944,0.16666666666666669,0.011124074459075928,0.03989577293395996,0.05699542164802551,0.2956730769230769,0.040869176387786865,0.07312166690826416
103802,premise,2,contradiction | neutral,1,0.12021052837371826,0.12021052837371826,0.12021052837371826,0.25,,0.12021052837371826,,0.25,0.06398218870162964,0.1333333333333333,0.030132532119750977,0.0978318452835083,0.240830659866333,0.2902097902097902,0.2218799591064453,0.2597813606262207,1,0.035674095153808594,0.035674095153808594,0.035674095153808594,0.23076923076923073,,0.035674095153808594,,0.23076923076923073,0.02422061562538147,0.1223776223776224,0.014116168022155762,0.03432506322860718,0.17120948433876038,0.26785714285714285,0.1599554419517517,0.18246352672576904
53095,premise,2,entailment | neutral,1,0.04382467269897461,0.04382467269897461,0.04382467269897461,0.46153846153846156,,0.04382467269897461,,0.46153846153846156,0.03521418571472168,0.26136363636363635,0.02531719207763672,0.04511117935180664,0.2470724880695343,0.4006410256410256,0.2399449348449707,0.2542000412940979,1,0.020855188369750977,0.020855188369750977,0.020855188369750977,0.2666666666666667,,0.020855188369750977,,0.2666666666666667,0.016028285026550293,0.14358974358974358,0.00989842414855957,0.022158145904541016,0.115969717502594,0.20089285714285715,0.11590695381164551,0.11603248119354248
37_c,premise,2,entailment | neutral,1,0.03338843584060669,0.03338843584060669,0.03338843584060669,0.3571428571428571,,0.03338843584060669,,0.3571428571428571,0.019789040088653564,0.21590909090909088,0.007060408592224121,0.03251767158508301,0.12054303288459778,0.358974358974359,0.10905283689498901,0.13203322887420654,1,0.02587890625,0.02587890625,0.02587890625,0.2941176470588235,,0.02587890625,,0.2941176470588235,0.01537439227104187,0.17142857142857143,0.0054931640625,0.02525562047958374,0.08391278982162476,0.22499999999999998,0.07315504550933838,0.09467053413391113
139_c,premise,2,entailment | neutral,1,0.0672336220741272,0.0672336220741272,0.0672336220741272,0.4285714285714286,,0.0672336220741272,,0.4285714285714286,0.03581112623214722,0.25384615384615383,0.015597939491271973,0.05602431297302246,0.053421974182128906,0.3149350649350649,0.03839981555938721,0.0684441328048706,1,0.03638875484466553,0.03638875484466553,0.03638875484466553,0.23529411764705888,,0.03638875484466553,,0.23529411764705888,0.01964038610458374,0.12916666666666665,0.009313344955444336,0.029967427253723145,0.03264746069908142,0.18198529411764708,0.022458255290985107,0.042836666107177734
83923,premise,2,neutral | contradiction,1,0.019706904888153076,0.019706904888153076,0.019706904888153076,0.36363636363636365,,0.019706904888153076,,0.36363636363636365,0.010491490364074707,0.19999999999999996,0.009997963905334473,0.010985016822814941,0.2796384394168854,0.36363636363636365,0.279154896736145,0.28012198209762573,1,0.016360104084014893,0.016360104084014893,0.016360104084014893,0.33333333333333337,,0.016360104084014893,,0.33333333333333337,0.010044276714324951,0.18181818181818177,0.008418679237365723,0.01166987419128418,0.19835901260375977,0.25,0.19684946537017822,0.1998685598373413
75877,hypothesis,2,entailment | neutral,1,0.02304530143737793,0.02304530143737793,0.02304530143737793,0.19999999999999996,,0.02304530143737793,,0.19999999999999996,0.014888972043991089,0.11111111111111116,0.0137251615524292,0.01605278253555298,0.10204637050628662,0.30000000000000004,0.0982658863067627,0.10582685470581055,1,0.009540736675262451,0.009540736675262451,0.009540736675262451,0.09999999999999998,,0.009540736675262451,,0.09999999999999998,0.006027281284332275,0.052631578947368474,0.005526185035705566,0.006528377532958984,0.03534725308418274,0.15000000000000002,0.03315097093582153,0.037543535232543945
6566,premise,2,entailment | neutral,1,0.05824798345565796,0.05824798345565796,0.05824798345565796,0.18181818181818177,,0.05824798345565796,,0.18181818181818177,0.0863003134727478,0.5,0.08054065704345703,0.09205996990203857,0.09652674198150635,0.5333333333333333,0.09121596813201904,0.10183751583099365,1,0.03167927265167236,0.03167927265167236,0.03167927265167236,0.1428571428571429,,0.03167927265167236,,0.1428571428571429,0.045081645250320435,0.33333333333333337,0.044453203678131104,0.045710086822509766,0.05086404085159302,0.375,0.050439298152923584,0.05128878355026245
79603,premise,2,contradiction | neutral,1,0.03557908535003662,0.03557908535003662,0.03557908535003662,0.41666666666666663,,0.03557908535003662,,0.41666666666666663,0.02041405439376831,0.2611111111111111,0.019274652004241943,0.021553456783294678,0.47331517934799194,0.4272727272727273,0.45087218284606934,0.49575817584991455,1,0.017516732215881348,0.017516732215881348,0.017516732215881348,0.2941176470588235,,0.017516732215881348,,0.2941176470588235,0.017219364643096924,0.17142857142857143,0.011224865913391113,0.023213863372802734,0.1832152009010315,0.22499999999999998,0.17859327793121338,0.1878371238708496
3711,hypothesis,2,entailment | neutral,1,0.09237921237945557,0.09237921237945557,0.09237921237945557,0.5,,0.09237921237945557,,0.5,0.05134272575378418,0.39285714285714285,0.050148844718933105,0.052536606788635254,0.13829472661018372,0.5833333333333334,0.13333851099014282,0.1432509422302246,1,0.017604053020477295,0.017604053020477295,0.017604053020477295,0.23529411764705888,,0.017604053020477295,,0.23529411764705888,0.009441852569580078,0.18014705882352944,0.008330345153808594,0.010553359985351562,0.028165817260742188,0.22712418300653597,0.027690649032592773,0.0286409854888916
51834,premise,2,entailment | neutral,1,0.229633629322052,0.229633629322052,0.229633629322052,0.6666666666666667,,0.229633629322052,,0.6666666666666667,0.11848026514053345,0.41538461538461535,0.04836404323577881,0.18859648704528809,0.2783154845237732,0.5223214285714286,0.19005370140075684,0.36657726764678955,1,0.1134379506111145,0.1134379506111145,0.1134379506111145,0.55,,0.1134379506111145,,0.55,0.056319355964660645,0.3352941176470588,0.016203880310058594,0.0964348316192627,0.10259255766868591,0.375,0.05793583393096924,0.1472492814064026
74872,premise,3,entailment | contradiction | neutral,3,0.07569257418314616,0.034821927547454834,0.11410123109817505,0.29292929292929293,,0.07569257418314616,,0.29292929292929293,0.0358811616897583,0.1909090909090909,0.005929112434387207,0.07191282510757446,0.15059582889080048,0.351010101010101,0.12690973281860352,0.17631840705871582,3,0.027073840300242107,0.016726016998291016,0.03819233179092407,0.23174603174603178,,0.027073840300242107,,0.23174603174603178,0.013288100250065327,0.14835164835164835,0.003859400749206543,0.02255493402481079,0.08149667829275131,0.2777777777777778,0.07226204872131348,0.09104859828948975
132_c,premise,2,entailment | neutral,1,0.032882630825042725,0.032882630825042725,0.032882630825042725,0.36363636363636365,,0.032882630825042725,,0.36363636363636365,0.017555326223373413,0.21250000000000002,0.016251862049102783,0.018858790397644043,0.3055793344974518,0.393939393939394,0.2988080382347107,0.31235063076019287,1,0.01873648166656494,0.01873648166656494,0.01873648166656494,0.1333333333333333,,0.01873648166656494,,0.1333333333333333,0.008403390645980835,0.0714285714285714,0.007363438606262207,0.009443342685699463,0.1704847812652588,0.1333333333333333,0.17033052444458008,0.1706390380859375
40_c,premise,2,entailment | neutral,1,0.06347876787185669,0.06347876787185669,0.06347876787185669,0.41666666666666663,,0.06347876787185669,,0.41666666666666663,0.05271589756011963,0.3666666666666667,0.048781514167785645,0.05665028095245361,0.06758290529251099,0.5227272727272727,0.05794179439544678,0.0772240161895752,1,0.023226380348205566,0.023226380348205566,0.023226380348205566,0.3846153846153846,,0.023226380348205566,,0.3846153846153846,0.018000662326812744,0.23636363636363633,0.014425575733184814,0.021575748920440674,0.026563644409179688,0.30303030303030304,0.020803987979888916,0.03232330083847046
58103,hypothesis,2,entailment | neutral,1,0.02493983507156372,0.02493983507156372,0.02493983507156372,0.15000000000000002,,0.02493983507156372,,0.15000000000000002,0.010927796363830566,0.07894736842105265,0.009574651718139648,0.012280941009521484,0.11046528816223145,0.175,0.10945391654968262,0.11147665977478027,1,0.005618631839752197,0.005618631839752197,0.005618631839752197,0.07692307692307687,,0.005618631839752197,,0.07692307692307687,0.0025608837604522705,0.040000000000000036,0.0017405152320861816,0.0033812522888183594,0.015412390232086182,0.07692307692307687,0.015407204627990723,0.01541757583618164
94_c,premise,2,entailment | neutral,1,0.011062383651733398,0.011062383651733398,0.011062383651733398,0.0,,0.011062383651733398,,0.0,0.004117012023925781,0.0,0.002931952476501465,0.005302071571350098,0.044759392738342285,0.15384615384615385,0.040972352027893066,0.048546433448791504,1,0.005832374095916748,0.005832374095916748,0.005832374095916748,0.0,,0.005832374095916748,,0.0,0.0028292834758758545,0.0,0.001767873764038086,0.003890693187713623,0.026811867952346802,0.1428571428571429,0.026560842990875244,0.02706289291381836
78_c,premise,2,neutral | entailment,1,0.03814464807510376,0.03814464807510376,0.03814464807510376,0.25,,0.03814464807510376,,0.25,0.06764078140258789,0.2857142857142857,0.06135714054107666,0.07392442226409912,0.3537004292011261,0.5,0.34474772214889526,0.36265313625335693,1,0.018959760665893555,0.018959760665893555,0.018959760665893555,0.2222222222222222,,0.018959760665893555,,0.2222222222222222,0.028156787157058716,0.125,0.027134716510772705,0.029178857803344727,0.21509277820587158,0.2222222222222222,0.21185874938964844,0.21832680702209473
3578,both,2,contradiction | neutral,1,0.11412376165390015,0.11412376165390015,0.11412376165390015,0.3571428571428571,,0.11412376165390015,,0.3571428571428571,0.05557188391685486,0.20192307692307693,0.036979615688323975,0.07416415214538574,0.20707979798316956,0.33516483516483514,0.2066459059715271,0.207513689994812,1,0.11412376165390015,0.11412376165390015,0.11412376165390015,0.3571428571428571,,0.11412376165390015,,0.3571428571428571,0.05557188391685486,0.20192307692307693,0.036979615688323975,0.07416415214538574,0.20707979798316956,0.33516483516483514,0.2066459059715271,0.207513689994812
9139,hypothesis,2,contradiction | neutral,1,0.05537712574005127,0.05537712574005127,0.05537712574005127,0.4545454545454546,,0.05537712574005127,,0.4545454545454546,0.0316605269908905,0.27142857142857146,0.014165103435516357,0.04915595054626465,0.18445435166358948,0.4602272727272727,0.17009103298187256,0.1988176703453064,1,0.02703225612640381,0.02703225612640381,0.02703225612640381,0.3846153846153846,,0.02703225612640381,,0.3846153846153846,0.01550409197807312,0.22222222222222227,0.013257145881652832,0.017751038074493408,0.07736960053443909,0.29230769230769227,0.07579827308654785,0.07894092798233032
140_c,premise,2,neutral | contradiction,1,0.2892153263092041,0.2892153263092041,0.2892153263092041,0.33333333333333337,,0.2892153263092041,,0.33333333333333337,0.1661367416381836,0.2916666666666667,0.08407294750213623,0.24820053577423096,0.17566433548927307,0.4722222222222222,0.08791542053222656,0.2634132504463196,1,0.13656014204025269,0.13656014204025269,0.13656014204025269,0.15384615384615385,,0.13656014204025269,,0.15384615384615385,0.08863592147827148,0.15384615384615385,0.05284065008163452,0.12443119287490845,0.09087476134300232,0.2857142857142857,0.053701043128967285,0.12804847955703735
77092,premise,2,neutral | contradiction,1,0.07951003313064575,0.07951003313064575,0.07951003313064575,0.3846153846153846,,0.07951003313064575,,0.3846153846153846,0.033844172954559326,0.2698412698412699,0.01623404026031494,0.05145430564880371,0.3154643177986145,0.4166666666666667,0.29750072956085205,0.33342790603637695,1,0.053859055042266846,0.053859055042266846,0.053859055042266846,0.3571428571428571,,0.053859055042266846,,0.3571428571428571,0.02009168267250061,0.25,0.007797360420227051,0.03238600492477417,0.21088868379592896,0.3096590909090909,0.2023768424987793,0.2194005250930786
3654,premise,2,neutral | entailment,1,0.00971531867980957,0.00971531867980957,0.00971531867980957,0.09999999999999998,,0.00971531867980957,,0.09999999999999998,0.023019105195999146,0.15555555555555556,0.019747614860534668,0.026290595531463623,0.12669819593429565,0.33181818181818185,0.12193989753723145,0.13145649433135986,1,0.004559993743896484,0.004559993743896484,0.004559993743896484,0.08333333333333337,,0.004559993743896484,,0.08333333333333337,0.013735085725784302,0.12878787878787878,0.012606024742126465,0.014864146709442139,0.04972955584526062,0.19871794871794868,0.04758131504058838,0.05187779664993286
59560,hypothesis,2,entailment | contradiction,1,0.06303787231445312,0.06303787231445312,0.06303787231445312,0.25,,0.06303787231445312,,0.25,0.03285759687423706,0.25,0.02393817901611328,0.04177701473236084,0.18832969665527344,0.33333333333333337,0.16856151819229126,0.20809787511825562,1,0.014013111591339111,0.014013111591339111,0.014013111591339111,0.18181818181818177,,0.014013111591339111,,0.18181818181818177,0.006761133670806885,0.09999999999999998,0.004003763198852539,0.00951850414276123,0.07011216878890991,0.18181818181818177,0.063412606716156,0.07681173086166382
102113,premise,2,entailment | neutral,1,0.0231320858001709,0.0231320858001709,0.0231320858001709,0.23529411764705888,,0.0231320858001709,,0.23529411764705888,0.014440774917602539,0.1294642857142857,0.011984825134277344,0.016896724700927734,0.014440774917602539,0.1294642857142857,0.011984825134277344,0.016896724700927734,1,0.014989733695983887,0.014989733695983887,0.014989733695983887,0.16666666666666663,,0.014989733695983887,,0.16666666666666663,0.010639011859893799,0.09007352941176472,0.006059229373931885,0.015218794345855713,0.010639011859893799,0.09007352941176472,0.006059229373931885,0.015218794345855713
15380,hypothesis,2,contradiction | entailment,1,0.02702915668487549,0.02702915668487549,0.02702915668487549,0.30000000000000004,,0.02702915668487549,,0.30000000000000004,0.024995028972625732,0.1736111111111111,0.01970219612121582,0.030287861824035645,0.13492372632026672,0.3666666666666667,0.13121366500854492,0.13863378763198853,1,0.01904517412185669,0.01904517412185669,0.01904517412185669,0.18181818181818177,,0.01904517412185669,,0.18181818181818177,0.017319828271865845,0.09999999999999998,0.01645725965499878,0.01818239688873291,0.039715975522994995,0.18181818181818177,0.0379406213760376,0.04149132966995239
76612,premise,2,entailment | neutral,1,0.0452311635017395,0.0452311635017395,0.0452311635017395,0.4375,,0.0452311635017395,,0.4375,0.02844730019569397,0.25,0.009598970413208008,0.04729562997817993,0.28164348006248474,0.38636363636363635,0.2572619318962097,0.30602502822875977,1,0.03764176368713379,0.03764176368713379,0.03764176368713379,0.368421052631579,,0.03764176368713379,,0.368421052631579,0.022995680570602417,0.20512820512820512,0.006237149238586426,0.03975421190261841,0.09392768144607544,0.25563909774436094,0.08400601148605347,0.10384935140609741
24621,both,2,neutral | contradiction,1,0.0629967451095581,0.0629967451095581,0.0629967451095581,0.19999999999999996,,0.0629967451095581,,0.19999999999999996,0.038238853216171265,0.1578947368421053,0.02931225299835205,0.04716545343399048,0.09402242302894592,0.23809523809523814,0.08860856294631958,0.09943628311157227,1,0.0629967451095581,0.0629967451095581,0.0629967451095581,0.19999999999999996,,0.0629967451095581,,0.19999999999999996,0.038238853216171265,0.1578947368421053,0.02931225299835205,0.04716545343399048,0.09402242302894592,0.23809523809523814,0.08860856294631958,0.09943628311157227
35782,hypothesis,2,neutral | entailment,1,0.057443976402282715,0.057443976402282715,0.057443976402282715,0.6428571428571428,,0.057443976402282715,,0.6428571428571428,0.047806382179260254,0.4166666666666667,0.044272780418395996,0.05133998394012451,0.13789770007133484,0.5576923076923077,0.13265031576156616,0.14314508438110352,1,0.022857367992401123,0.022857367992401123,0.022857367992401123,0.3913043478260869,,0.022857367992401123,,0.3913043478260869,0.016210168600082397,0.22619047619047616,0.01424640417098999,0.018173933029174805,0.10029783844947815,0.3133971291866029,0.09625130891799927,0.10434436798095703
71932,premise,2,neutral | contradiction,1,0.0285491943359375,0.0285491943359375,0.0285491943359375,0.5333333333333333,,0.0285491943359375,,0.5333333333333333,0.03508538007736206,0.3418803418803419,0.025347471237182617,0.044823288917541504,0.3119770288467407,0.4857142857142857,0.29156219959259033,0.3323918581008911,1,0.010642945766448975,0.010642945766448975,0.010642945766448975,0.47058823529411764,,0.010642945766448975,,0.47058823529411764,0.008969128131866455,0.2909090909090909,0.006257414817810059,0.011680841445922852,0.15346431732177734,0.34375,0.14911913871765137,0.15780949592590332
105_c,premise,2,contradiction | neutral,1,0.06405699253082275,0.06405699253082275,0.06405699253082275,0.5,,0.06405699253082275,,0.5,0.07769244909286499,0.4523809523809524,0.042262911796569824,0.11312198638916016,0.28707897663116455,0.5,0.2706754207611084,0.3034825325012207,1,0.01810353994369507,0.01810353994369507,0.01810353994369507,0.3125,,0.01810353994369507,,0.3125,0.025885462760925293,0.30288461538461536,0.018425822257995605,0.03334510326385498,0.1756504476070404,0.3487394957983193,0.1734180450439453,0.1778828501701355
133_c,premise,2,neutral | entailment,1,0.012924432754516602,0.012924432754516602,0.012924432754516602,0.16666666666666663,,0.012924432754516602,,0.16666666666666663,0.004534989595413208,0.08333333333333331,0.004419803619384766,0.00465017557144165,0.07897710800170898,0.23717948717948717,0.07431960105895996,0.08363461494445801,1,0.010938465595245361,0.010938465595245361,0.010938465595245361,0.1428571428571429,,0.010938465595245361,,0.1428571428571429,0.003782421350479126,0.07142857142857145,0.003468930721282959,0.004095911979675293,0.08291980624198914,0.2047619047619048,0.07899212837219238,0.08684748411178589
11_c,premise,2,neutral | entailment,1,0.015249669551849365,0.015249669551849365,0.015249669551849365,0.34782608695652173,,0.015249669551849365,,0.34782608695652173,0.009489655494689941,0.19285714285714284,0.007023990154266357,0.011955320835113525,0.12283650040626526,0.27705627705627706,0.12084335088729858,0.12482964992523193,1,0.015102922916412354,0.015102922916412354,0.015102922916412354,0.16666666666666663,,0.015102922916412354,,0.16666666666666663,0.009464800357818604,0.08902691511387167,0.004147887229919434,0.014781713485717773,0.08491268754005432,0.17234848484848486,0.08169049024581909,0.08813488483428955
39987,hypothesis,2,contradiction | entailment,1,0.007790625095367432,0.007790625095367432,0.007790625095367432,0.18181818181818177,,0.007790625095367432,,0.18181818181818177,0.02447330951690674,0.19999999999999996,0.023082613945007324,0.025864005088806152,0.29900413751602173,0.36363636363636365,0.2963073253631592,0.3017009496688843,1,0.009506285190582275,0.009506285190582275,0.009506285190582275,0.16666666666666663,,0.009506285190582275,,0.16666666666666663,0.014495491981506348,0.09090909090909094,0.013370871543884277,0.015620112419128418,0.1015964150428772,0.16666666666666663,0.09870290756225586,0.10448992252349854
72944,premise,2,neutral | contradiction,1,0.020260393619537354,0.020260393619537354,0.020260393619537354,0.4736842105263158,,0.020260393619537354,,0.4736842105263158,0.0225389301776886,0.37259615384615385,0.015990018844604492,0.029087841510772705,0.3067081570625305,0.4789915966386555,0.3056011199951172,0.30781519412994385,1,0.0077002644538879395,0.0077002644538879395,0.0077002644538879395,0.4,,0.0077002644538879395,,0.4,0.012918293476104736,0.30980392156862746,0.010099291801452637,0.015737295150756836,0.18070590496063232,0.3506944444444444,0.17714905738830566,0.18426275253295898
77_c,premise,2,contradiction | neutral,1,0.07680195569992065,0.07680195569992065,0.07680195569992065,0.19999999999999996,,0.07680195569992065,,0.19999999999999996,0.09425270557403564,0.11111111111111116,0.0772213339805603,0.11128407716751099,0.32567447423934937,0.30000000000000004,0.29708659648895264,0.3542623519897461,1,0.04618459939956665,0.04618459939956665,0.04618459939956665,0.09090909090909094,,0.04618459939956665,,0.09090909090909094,0.03499472141265869,0.04545454545454547,0.02718663215637207,0.04280281066894531,0.24637246131896973,0.21590909090909088,0.22736424207687378,0.2653806805610657
9136,both,2,contradiction | neutral,1,0.05233877897262573,0.05233877897262573,0.05233877897262573,0.33333333333333337,,0.05233877897262573,,0.33333333333333337,0.03193211555480957,0.18831168831168832,0.031180143356323242,0.0326840877532959,0.3165169954299927,0.325,0.3151475191116333,0.31788647174835205,1,0.05233877897262573,0.05233877897262573,0.05233877897262573,0.33333333333333337,,0.05233877897262573,,0.33333333333333337,0.03193211555480957,0.18831168831168832,0.031180143356323242,0.0326840877532959,0.3165169954299927,0.325,0.3151475191116333,0.31788647174835205
114_c,premise,2,neutral | entailment,1,0.018652498722076416,0.018652498722076416,0.018652498722076416,0.09999999999999998,,0.018652498722076416,,0.09999999999999998,0.012315213680267334,0.14090909090909087,0.011414885520935059,0.01321554183959961,0.21842625737190247,0.30303030303030304,0.21068942546844482,0.2261630892753601,1,0.007629454135894775,0.007629454135894775,0.007629454135894775,0.09090909090909094,,0.007629454135894775,,0.09090909090909094,0.007327347993850708,0.12878787878787878,0.007021129131317139,0.007633566856384277,0.10148012638092041,0.19871794871794868,0.10117316246032715,0.10178709030151367
27_c,premise,2,entailment | neutral,1,0.005659520626068115,0.005659520626068115,0.005659520626068115,0.25,,0.005659520626068115,,0.25,0.004488557577133179,0.1428571428571429,0.0038140416145324707,0.005163073539733887,0.2057594358921051,0.375,0.2020583152770996,0.2094605565071106,1,0.0031601786613464355,0.0031601786613464355,0.0031601786613464355,0.19999999999999996,,0.0031601786613464355,,0.19999999999999996,0.002609074115753174,0.11111111111111116,0.0023589730262756348,0.002859175205230713,0.07175663113594055,0.19999999999999996,0.07148849964141846,0.07202476263046265
101467,premise,2,entailment | neutral,1,0.013147830963134766,0.013147830963134766,0.013147830963134766,0.4,,0.013147830963134766,,0.4,0.019117236137390137,0.32867132867132864,0.018839895725250244,0.01939457654953003,0.11036697030067444,0.4583333333333333,0.11022168397903442,0.11051225662231445,1,0.005685091018676758,0.005685091018676758,0.005685091018676758,0.2941176470588235,,0.005685091018676758,,0.2941176470588235,0.010401725769042969,0.16346153846153844,0.009801208972930908,0.01100224256515503,0.044592052698135376,0.2184873949579832,0.044531166553497314,0.04465293884277344
63905,premise,2,neutral | entailment,1,0.02108943462371826,0.02108943462371826,0.02108943462371826,0.3571428571428571,,0.02108943462371826,,0.3571428571428571,0.010003775358200073,0.2554945054945055,0.009230196475982666,0.01077735424041748,0.3596913814544678,0.3761904761904762,0.35828840732574463,0.3610943555831909,1,0.010943770408630371,0.010943770408630371,0.010943770408630371,0.26315789473684215,,0.010943770408630371,,0.26315789473684215,0.005558222532272339,0.18713450292397665,0.004717707633972168,0.00639873743057251,0.13657861948013306,0.22894736842105268,0.1317683458328247,0.1413888931274414
84747,both,4,neutral | neutral | entailment | contradiction,6,0.01061171293258667,0.0060176849365234375,0.020234107971191406,0.1722222222222222,0.006987512111663818,0.01133655309677124,0.1333333333333333,0.18,0.017077669501304626,0.19999999999999996,0.009041190147399902,0.027107536792755127,0.07473152875900269,0.2941176470588235,0.06549906730651855,0.08536028861999512,6,0.01061171293258667,0.0060176849365234375,0.020234107971191406,0.1722222222222222,0.006987512111663818,0.01133655309677124,0.1333333333333333,0.18,0.017077669501304626,0.19999999999999996,0.009041190147399902,0.027107536792755127,0.07473152875900269,0.2941176470588235,0.06549906730651855,0.08536028861999512
98877,hypothesis,2,entailment | neutral,1,0.13607460260391235,0.13607460260391235,0.13607460260391235,0.5833333333333333,,0.13607460260391235,,0.5833333333333333,0.05653741955757141,0.3484848484848485,0.04744589328765869,0.06562894582748413,0.09329068660736084,0.5,0.08607685565948486,0.10050451755523682,1,0.046757638454437256,0.046757638454437256,0.046757638454437256,0.33333333333333337,,0.046757638454437256,,0.33333333333333337,0.02263978123664856,0.18452380952380953,0.008135020732879639,0.03714454174041748,0.045546114444732666,0.2435897435897436,0.034951090812683105,0.05614113807678223
115_c,premise,2,contradiction | neutral,1,0.05934661626815796,0.05934661626815796,0.05934661626815796,0.375,,0.05934661626815796,,0.375,0.029901087284088135,0.20833333333333337,0.006311655044555664,0.053490519523620605,0.48022598028182983,0.33413461538461536,0.468489408493042,0.4919625520706177,1,0.03060007095336914,0.03060007095336914,0.03060007095336914,0.2857142857142857,,0.03060007095336914,,0.2857142857142857,0.015316933393478394,0.15441176470588236,0.0022649168968200684,0.02836894989013672,0.23574569821357727,0.25,0.22646182775497437,0.24502956867218018
94677,premise,2,neutral | entailment,1,0.0014153718948364258,0.0014153718948364258,0.0014153718948364258,0.0714285714285714,,0.0014153718948364258,,0.0714285714285714,0.012077361345291138,0.2582417582417582,0.012062370777130127,0.012092351913452148,0.23683762550354004,0.37857142857142856,0.2367624044418335,0.23691284656524658,1,0.0007883310317993164,0.0007883310317993164,0.0007883310317993164,0.05882352941176472,,0.0007883310317993164,,0.05882352941176472,0.0043475329875946045,0.15073529411764708,0.004289686679840088,0.004405379295349121,0.09509801864624023,0.19934640522875818,0.09486448764801025,0.09533154964447021
89916,premise,2,contradiction | neutral,1,0.061086833477020264,0.061086833477020264,0.061086833477020264,0.375,,0.061086833477020264,,0.375,0.046060532331466675,0.22619047619047616,0.03251618146896362,0.05960488319396973,0.3554617762565613,0.4642857142857143,0.35056591033935547,0.3603576421737671,1,0.040573298931121826,0.040573298931121826,0.040573298931121826,0.33333333333333337,,0.040573298931121826,,0.33333333333333337,0.027822643518447876,0.19642857142857145,0.018359243869781494,0.03728604316711426,0.2034483551979065,0.2916666666666667,0.19116318225860596,0.21573352813720703
16747,premise,2,entailment | neutral,1,0.03442108631134033,0.03442108631134033,0.03442108631134033,0.25,,0.03442108631134033,,0.25,0.022656500339508057,0.21666666666666667,0.012443184852600098,0.032869815826416016,0.2705738842487335,0.36713286713286714,0.26874834299087524,0.2723994255065918,1,0.022964894771575928,0.022964894771575928,0.022964894771575928,0.23076923076923073,,0.022964894771575928,,0.23076923076923073,0.018372029066085815,0.19930069930069932,0.011364400386810303,0.025379657745361328,0.24035000801086426,0.3392857142857143,0.23911309242248535,0.24158692359924316
70407,premise,2,entailment | neutral,1,0.028845787048339844,0.028845787048339844,0.028845787048339844,0.4117647058823529,,0.028845787048339844,,0.4117647058823529,0.016223549842834473,0.25,0.015622735023498535,0.01682436466217041,0.10136076807975769,0.3666666666666667,0.08943581581115723,0.11328572034835815,1,0.010478198528289795,0.010478198528289795,0.010478198528289795,0.33333333333333337,,0.010478198528289795,,0.33333333333333337,0.010126769542694092,0.19999999999999996,0.008961677551269531,0.011291861534118652,0.06060802936553955,0.25,0.05492854118347168,0.06628751754760742
94969,premise,2,entailment | neutral,1,0.034758687019348145,0.034758687019348145,0.034758687019348145,0.3846153846153846,,0.034758687019348145,,0.3846153846153846,0.020669102668762207,0.22499999999999998,0.020194530487060547,0.021143674850463867,0.24097317457199097,0.3741258741258741,0.22580349445343018,0.25614285469055176,1,0.02121734619140625,0.02121734619140625,0.02121734619140625,0.19999999999999996,,0.02121734619140625,,0.19999999999999996,0.00977092981338501,0.10989010989010989,0.005576729774475098,0.013965129852294922,0.08086425065994263,0.17142857142857143,0.08041942119598389,0.08130908012390137
102690,premise,2,entailment | neutral,1,0.10891574621200562,0.10891574621200562,0.10891574621200562,0.6111111111111112,,0.10891574621200562,,0.6111111111111112,0.07208821177482605,0.512987012987013,0.05948173999786377,0.08469468355178833,0.18746572732925415,0.55,0.1675674319267273,0.207364022731781,1,0.050132572650909424,0.050132572650909424,0.050132572650909424,0.31818181818181823,,0.050132572650909424,,0.31818181818181823,0.04048442840576172,0.17410714285714285,0.027802109718322754,0.053166747093200684,0.10879001021385193,0.21791443850267384,0.09102869033813477,0.1265513300895691
73089,premise,2,neutral | contradiction,1,0.022856056690216064,0.022856056690216064,0.022856056690216064,0.1428571428571429,,0.022856056690216064,,0.1428571428571429,0.016787201166152954,0.07142857142857145,0.009413957595825195,0.024160444736480713,0.4144722521305084,0.33035714285714285,0.39830857515335083,0.430635929107666,1,0.014401555061340332,0.014401555061340332,0.014401555061340332,0.11111111111111116,,0.014401555061340332,,0.11111111111111116,0.010741651058197021,0.05555555555555558,0.005310416221618652,0.01617288589477539,0.3042975068092346,0.15555555555555556,0.291290283203125,0.31730473041534424
96088,premise,2,entailment | neutral,1,0.00923776626586914,0.00923776626586914,0.00923776626586914,0.19999999999999996,,0.00923776626586914,,0.19999999999999996,0.009267717599868774,0.11111111111111116,0.007543504238128662,0.010991930961608887,0.12965595722198486,0.19999999999999996,0.12765026092529297,0.13166165351867676,1,0.008299529552459717,0.008299529552459717,0.008299529552459717,0.16666666666666663,,0.008299529552459717,,0.16666666666666663,0.00627213716506958,0.09090909090909094,0.006183147430419922,0.006361126899719238,0.0746757984161377,0.16666666666666663,0.0739901065826416,0.07536149024963379
12324,hypothesis,2,contradiction | entailment,1,0.2299349308013916,0.2299349308013916,0.2299349308013916,0.6666666666666667,,0.2299349308013916,,0.6666666666666667,0.19401493668556213,0.5333333333333334,0.10005652904510498,0.2879733443260193,0.41991138458251953,0.7333333333333334,0.3315788507461548,0.5082439184188843,1,0.12266218662261963,0.12266218662261963,0.12266218662261963,0.5454545454545454,,0.12266218662261963,,0.5454545454545454,0.11730599403381348,0.41558441558441556,0.06292945146560669,0.17168253660202026,0.24230799078941345,0.47916666666666663,0.20551621913909912,0.2790997624397278
106_c,premise,2,neutral | entailment,1,0.4544939398765564,0.4544939398765564,0.4544939398765564,0.7,,0.4544939398765564,,0.7,0.2424987554550171,0.5,0.06945323944091797,0.4155442714691162,0.3414534330368042,0.6875,0.14448344707489014,0.5384234189987183,1,0.13705724477767944,0.13705724477767944,0.13705724477767944,0.5833333333333333,,0.13705724477767944,,0.5833333333333333,0.07679709792137146,0.3888888888888889,0.02854013442993164,0.12505406141281128,0.13539698719978333,0.55,0.0888414978981018,0.18195247650146484
62_c,premise,2,entailment | contradiction,1,0.004845261573791504,0.004845261573791504,0.004845261573791504,0.19999999999999996,,0.004845261573791504,,0.19999999999999996,0.00441133975982666,0.11111111111111116,0.004013538360595703,0.004809141159057617,0.07166755199432373,0.30000000000000004,0.06913435459136963,0.07420074939727783,1,0.002584397792816162,0.002584397792816162,0.002584397792816162,0.16666666666666663,,0.002584397792816162,,0.16666666666666663,0.0019863247871398926,0.09090909090909094,0.0015946626663208008,0.0023779869079589844,0.03716287016868591,0.25,0.0359417200088501,0.03838402032852173
52155,premise,2,neutral | entailment,1,0.004495501518249512,0.004495501518249512,0.004495501518249512,0.15384615384615385,,0.004495501518249512,,0.15384615384615385,0.002953767776489258,0.08333333333333337,0.002386331558227539,0.0035212039947509766,0.08645480871200562,0.23076923076923073,0.08473527431488037,0.08817434310913086,1,0.003810107707977295,0.003810107707977295,0.003810107707977295,0.0714285714285714,,0.003810107707977295,,0.0714285714285714,0.0018288493156433105,0.0357142857142857,0.0012909770011901855,0.0023667216300964355,0.022557199001312256,0.10238095238095235,0.02135026454925537,0.02376413345336914
6813,premise,2,contradiction | neutral,1,0.035675644874572754,0.035675644874572754,0.035675644874572754,0.36363636363636365,,0.035675644874572754,,0.36363636363636365,0.04332974553108215,0.33333333333333337,0.033297717571258545,0.05336177349090576,0.22930356860160828,0.5,0.2188098430633545,0.23979729413986206,1,0.02796328067779541,0.02796328067779541,0.02796328067779541,0.33333333333333337,,0.02796328067779541,,0.33333333333333337,0.027171671390533447,0.30000000000000004,0.018845081329345703,0.03549826145172119,0.16629120707511902,0.4545454545454546,0.15678489208221436,0.17579752206802368
26524,premise,2,neutral | contradiction,1,0.09713035821914673,0.09713035821914673,0.09713035821914673,0.30000000000000004,,0.09713035821914673,,0.30000000000000004,0.10587015748023987,0.39285714285714285,0.09164643287658691,0.12009388208389282,0.4492584466934204,0.5681818181818181,0.4397085905075073,0.4588083028793335,1,0.03766310214996338,0.03766310214996338,0.03766310214996338,0.2727272727272727,,0.03766310214996338,,0.2727272727272727,0.03823944926261902,0.24431818181818182,0.025604605674743652,0.050874292850494385,0.22138318419456482,0.3194444444444444,0.2168331742286682,0.22593319416046143
13987,hypothesis,2,neutral | entailment,1,0.290574312210083,0.290574312210083,0.290574312210083,0.75,,0.290574312210083,,0.75,0.14035707712173462,0.4350649350649351,0.03202211856842041,0.24869203567504883,0.3365296721458435,0.6041666666666667,0.24930983781814575,0.42374950647354126,1,0.10890394449234009,0.10890394449234009,0.10890394449234009,0.5384615384615384,,0.10890394449234009,,0.5384615384615384,0.05343365669250488,0.3125,0.0174562931060791,0.08941102027893066,0.13195422291755676,0.3803418803418803,0.10572218894958496,0.15818625688552856
30056,premise,2,neutral | contradiction,1,0.11087077856063843,0.11087077856063843,0.11087077856063843,0.33333333333333337,,0.11087077856063843,,0.33333333333333337,0.044003576040267944,0.19642857142857145,0.012611329555511475,0.07539582252502441,0.28348013758659363,0.4097222222222222,0.26611578464508057,0.3008444905281067,1,0.07969093322753906,0.07969093322753906,0.07969093322753906,0.2727272727272727,,0.07969093322753906,,0.2727272727272727,0.03215345740318298,0.15555555555555556,0.007117271423339844,0.05718964338302612,0.16102764010429382,0.23636363636363633,0.14477914571762085,0.1772761344909668
7366,both,4,contradiction | entailment | entailment | neutral,6,0.03584473331769308,0.00929933786392212,0.09045344591140747,0.25932199845243326,0.03203791379928589,0.03660609722137451,0.34782608695652173,0.24162118075161554,0.0221242755651474,0.24967320261437911,0.00948643684387207,0.03201037645339966,0.24113373458385468,0.37099282296650715,0.23299652338027954,0.25231945514678955,6,0.03584473331769308,0.00929933786392212,0.09045344591140747,0.25932199845243326,0.03203791379928589,0.03660609722137451,0.34782608695652173,0.24162118075161554,0.0221242755651474,0.24967320261437911,0.00948643684387207,0.03201037645339966,0.24113373458385468,0.37099282296650715,0.23299652338027954,0.25231945514678955
81333,premise,2,neutral | contradiction,1,0.08468252420425415,0.08468252420425415,0.08468252420425415,0.4545454545454546,,0.08468252420425415,,0.4545454545454546,0.03806266188621521,0.2777777777777778,0.015520811080932617,0.0606045126914978,0.26028889417648315,0.45,0.24281185865402222,0.2777659296989441,1,0.07796871662139893,0.07796871662139893,0.07796871662139893,0.41666666666666663,,0.07796871662139893,,0.41666666666666663,0.03656962513923645,0.25,0.008819162845611572,0.06432008743286133,0.1643642783164978,0.3181818181818182,0.14928805828094482,0.17944049835205078
43732,premise,2,neutral | contradiction,1,0.0849694013595581,0.0849694013595581,0.0849694013595581,0.6470588235294117,,0.0849694013595581,,0.6470588235294117,0.054638177156448364,0.46923076923076923,0.05090224742889404,0.058374106884002686,0.24464866518974304,0.5941558441558441,0.2443215250968933,0.24497580528259277,1,0.034592270851135254,0.034592270851135254,0.034592270851135254,0.55,,0.034592270851135254,,0.55,0.02365279197692871,0.37259615384615385,0.021996676921844482,0.02530890703201294,0.2008446455001831,0.41386554621848737,0.19890713691711426,0.20278215408325195
135_c,hypothesis,2,entailment | neutral,1,0.05272179841995239,0.05272179841995239,0.05272179841995239,0.16666666666666663,,0.05272179841995239,,0.16666666666666663,0.029189258813858032,0.16666666666666663,0.009870350360870361,0.0485081672668457,0.13422611355781555,0.3076923076923077,0.1123993992805481,0.156052827835083,1,0.02247488498687744,0.02247488498687744,0.02247488498687744,0.07692307692307687,,0.02247488498687744,,0.07692307692307687,0.014024287462234497,0.10989010989010989,0.006522238254547119,0.021526336669921875,0.045242130756378174,0.17142857142857143,0.03525352478027344,0.05523073673248291
120_c,premise,2,contradiction | neutral,1,0.13789570331573486,0.13789570331573486,0.13789570331573486,0.33333333333333337,,0.13789570331573486,,0.33333333333333337,0.07870763540267944,0.19090909090909086,0.06162261962890625,0.09579265117645264,0.08877629041671753,0.2863636363636364,0.07558578252792358,0.10196679830551147,1,0.08581030368804932,0.08581030368804932,0.08581030368804932,0.21052631578947367,,0.08581030368804932,,0.21052631578947367,0.05470091104507446,0.1143790849673203,0.05307358503341675,0.05632823705673218,0.05761754512786865,0.1715686274509804,0.0574030876159668,0.05783200263977051
71750,hypothesis,2,neutral | contradiction,1,0.02040731906890869,0.02040731906890869,0.02040731906890869,0.2727272727272727,,0.02040731906890869,,0.2727272727272727,0.016562312841415405,0.15555555555555556,0.012805044651031494,0.020319581031799316,0.12313637137413025,0.33181818181818185,0.11655199527740479,0.1297207474708557,1,0.02086818218231201,0.02086818218231201,0.02086818218231201,0.17647058823529416,,0.02086818218231201,,0.17647058823529416,0.013277918100357056,0.09583333333333333,0.003725290298461914,0.022830545902252197,0.05112132430076599,0.15073529411764708,0.040423452854156494,0.06181919574737549
4728,hypothesis,2,entailment | neutral,1,0.09819924831390381,0.09819924831390381,0.09819924831390381,0.375,,0.09819924831390381,,0.375,0.060396671295166016,0.22619047619047616,0.05497443675994873,0.0658189058303833,0.34813451766967773,0.4642857142857143,0.33729827404022217,0.3589707612991333,1,0.05148392915725708,0.05148392915725708,0.05148392915725708,0.2727272727272727,,0.05148392915725708,,0.2727272727272727,0.02973601222038269,0.15555555555555556,0.022940337657928467,0.036531686782836914,0.13204941153526306,0.23636363636363633,0.12587064504623413,0.138228178024292
10452,premise,2,entailment | neutral,1,0.04628938436508179,0.04628938436508179,0.04628938436508179,0.2941176470588235,,0.04628938436508179,,0.2941176470588235,0.037545084953308105,0.2404761904761905,0.01868075132369995,0.05640941858291626,0.2475815713405609,0.3541666666666667,0.235704243183136,0.25945889949798584,1,0.015530228614807129,0.015530228614807129,0.015530228614807129,0.21052631578947367,,0.015530228614807129,,0.21052631578947367,0.019757598638534546,0.11764705882352944,0.012318730354309082,0.02719646692276001,0.19368159770965576,0.16666666666666663,0.19060277938842773,0.1967604160308838
98_c,premise,2,entailment | neutral,1,0.23913758993148804,0.23913758993148804,0.23913758993148804,0.47058823529411764,,0.23913758993148804,,0.47058823529411764,0.12368136644363403,0.3269230769230769,0.019379854202270508,0.22798287868499756,0.24865901470184326,0.39285714285714285,0.23090094327926636,0.26641708612442017,1,0.05956369638442993,0.05956369638442993,0.05956369638442993,0.35,,0.05956369638442993,,0.35,0.032326459884643555,0.2467105263157895,0.013587713241577148,0.05106520652770996,0.13915589451789856,0.2882352941176471,0.13866287469863892,0.1396489143371582
35_c,hypothesis,2,neutral | entailment,1,0.0510445237159729,0.0510445237159729,0.0510445237159729,0.3846153846153846,,0.0510445237159729,,0.3846153846153846,0.03486010432243347,0.23636363636363633,0.011625468730926514,0.05809473991394043,0.21987396478652954,0.39015151515151514,0.20124423503875732,0.23850369453430176,1,0.032261788845062256,0.032261788845062256,0.032261788845062256,0.3125,,0.032261788845062256,,0.3125,0.01965343952178955,0.18406593406593408,0.005819141864776611,0.03348773717880249,0.10066622495651245,0.2404761904761905,0.08352327346801758,0.11780917644500732
45119,hypothesis,2,entailment | neutral,1,0.14293044805526733,0.14293044805526733,0.14293044805526733,0.33333333333333337,,0.14293044805526733,,0.33333333333333337,0.10320591926574707,0.1875,0.07955992221832275,0.1268519163131714,0.12311103940010071,0.3888888888888889,0.11418032646179199,0.13204175233840942,1,0.08224904537200928,0.08224904537200928,0.08224904537200928,0.2142857142857143,,0.08224904537200928,,0.2142857142857143,0.04661098122596741,0.11538461538461536,0.028584957122802734,0.06463700532913208,0.06130710244178772,0.1785714285714286,0.059056103229522705,0.06355810165405273
59262,premise,2,entailment | neutral,1,0.08581787347793579,0.08581787347793579,0.08581787347793579,0.30000000000000004,,0.08581787347793579,,0.30000000000000004,0.08179792761802673,0.39285714285714285,0.05403470993041992,0.10956114530563354,0.2214779257774353,0.4857142857142857,0.21122848987579346,0.23172736167907715,1,0.022240936756134033,0.022240936756134033,0.022240936756134033,0.2272727272727273,,0.022240936756134033,,0.2272727272727273,0.03266042470932007,0.11363636363636365,0.023376762866973877,0.04194408655166626,0.09270486235618591,0.15821256038647347,0.09236598014831543,0.0930437445640564
103_c,premise,2,entailment | neutral,1,0.01321321725845337,0.01321321725845337,0.01321321725845337,0.15384615384615385,,0.01321321725845337,,0.15384615384615385,0.010112762451171875,0.16521739130434782,0.00306546688079834,0.01716005802154541,0.2708142101764679,0.23878205128205132,0.2676275372505188,0.274000883102417,1,0.006078183650970459,0.006078183650970459,0.006078183650970459,0.1428571428571429,,0.006078183650970459,,0.1428571428571429,0.004207909107208252,0.0755555555555556,0.001971423625946045,0.006444394588470459,0.05157572031021118,0.10989010989010989,0.050549089908599854,0.05260235071182251
45_c,premise,2,contradiction | entailment,1,0.08974689245223999,0.08974689245223999,0.08974689245223999,0.33333333333333337,,0.08974689245223999,,0.33333333333333337,0.048558712005615234,0.5,0.009601712226867676,0.08751571178436279,0.38349810242652893,0.7142857142857143,0.3764130473136902,0.3905831575393677,1,0.045558273792266846,0.045558273792266846,0.045558273792266846,0.25,,0.045558273792266846,,0.25,0.024884343147277832,0.375,0.0050827860832214355,0.04468590021133423,0.11988508701324463,0.4444444444444444,0.11499452590942383,0.12477564811706543
14789,premise,2,entailment | neutral,1,0.07854926586151123,0.07854926586151123,0.07854926586151123,0.368421052631579,,0.07854926586151123,,0.368421052631579,0.04837918281555176,0.25563909774436094,0.014251232147216797,0.08250713348388672,0.07377439737319946,0.35833333333333334,0.04451727867126465,0.10303151607513428,1,0.02593153715133667,0.02593153715133667,0.02593153715133667,0.31818181818181823,,0.02593153715133667,,0.31818181818181823,0.016422957181930542,0.21791443850267384,0.0034450888633728027,0.02940082550048828,0.0355677604675293,0.2572463768115942,0.0233612060546875,0.047774314880371094
34579,hypothesis,2,contradiction | neutral,1,0.22721129655838013,0.22721129655838013,0.22721129655838013,0.6,,0.22721129655838013,,0.6,0.2285049855709076,0.55,0.21444761753082275,0.24256235361099243,0.43939208984375,0.696969696969697,0.4277372360229492,0.4510469436645508,1,0.13559824228286743,0.13559824228286743,0.13559824228286743,0.5,,0.13559824228286743,,0.5,0.13948166370391846,0.45,0.12585556507110596,0.15310776233673096,0.18359273672103882,0.4965034965034965,0.1645451784133911,0.20264029502868652
91_c,premise,2,contradiction | entailment,1,0.05681014060974121,0.05681014060974121,0.05681014060974121,0.19999999999999996,,0.05681014060974121,,0.19999999999999996,0.038001567125320435,0.11111111111111116,0.03336697816848755,0.04263615608215332,0.43474918603897095,0.30000000000000004,0.426379919052124,0.44311845302581787,1,0.016119003295898438,0.016119003295898438,0.016119003295898438,0.08333333333333337,,0.016119003295898438,,0.08333333333333337,0.01036536693572998,0.041666666666666685,0.006176114082336426,0.014554619789123535,0.24383294582366943,0.11858974358974361,0.243039071559906,0.24462682008743286
141_c,premise,2,contradiction | entailment,1,0.17839616537094116,0.17839616537094116,0.17839616537094116,0.7142857142857143,,0.17839616537094116,,0.7142857142857143,0.10549646615982056,0.6333333333333333,0.057457804679870605,0.1535351276397705,0.3191917836666107,0.8452380952380953,0.30223578214645386,0.3361477851867676,1,0.06815171241760254,0.06815171241760254,0.06815171241760254,0.33333333333333337,,0.06815171241760254,,0.33333333333333337,0.04171076416969299,0.2916666666666667,0.030025959014892578,0.05339556932449341,0.15899544954299927,0.3666666666666667,0.15850603580474854,0.15948486328125
131_c,premise,2,neutral | entailment,1,0.011338114738464355,0.011338114738464355,0.011338114738464355,0.0,,0.011338114738464355,,0.0,0.014642775058746338,0.0,0.00965118408203125,0.019634366035461426,0.09156110882759094,0.18181818181818177,0.08823120594024658,0.0948910117149353,1,0.0038797855377197266,0.0038797855377197266,0.0038797855377197266,0.0,,0.0038797855377197266,,0.0,0.009889155626296997,0.0,0.00752711296081543,0.012251198291778564,0.0548856258392334,0.16666666666666663,0.05324864387512207,0.05652260780334473
103217,premise,2,entailment | neutral,1,0.009986400604248047,0.009986400604248047,0.009986400604248047,0.1428571428571429,,0.009986400604248047,,0.1428571428571429,0.005950927734375,0.1428571428571429,0.0044193267822265625,0.0074825286865234375,0.15955579280853271,0.2666666666666667,0.15809696912765503,0.1610146164894104,1,0.004939556121826172,0.004939556121826172,0.004939556121826172,0.125,,0.004939556121826172,,0.125,0.0026102662086486816,0.125,0.002080082893371582,0.0031404495239257812,0.06738758087158203,0.17647058823529416,0.06633269786834717,0.0684424638748169
13321,premise,2,entailment | neutral,1,0.010101497173309326,0.010101497173309326,0.010101497173309326,0.19999999999999996,,0.010101497173309326,,0.19999999999999996,0.019476771354675293,0.2222222222222222,0.01839691400527954,0.020556628704071045,0.14231178164482117,0.4,0.14006900787353516,0.14455455541610718,1,0.004848003387451172,0.004848003387451172,0.004848003387451172,0.07692307692307687,,0.004848003387451172,,0.07692307692307687,0.010996788740158081,0.11858974358974361,0.010495364665985107,0.011498212814331055,0.09964597225189209,0.18406593406593408,0.09731245040893555,0.10197949409484863
55390,hypothesis,2,entailment | contradiction,1,0.043839991092681885,0.043839991092681885,0.043839991092681885,0.18181818181818177,,0.043839991092681885,,0.18181818181818177,0.034779757261276245,0.09999999999999998,0.019533634185791016,0.050025880336761475,0.17329242825508118,0.2727272727272727,0.16461080312728882,0.18197405338287354,1,0.007448673248291016,0.007448673248291016,0.007448673248291016,0.15384615384615385,,0.007448673248291016,,0.15384615384615385,0.005448281764984131,0.08333333333333337,0.004295527935028076,0.0066010355949401855,0.08781778812408447,0.15384615384615385,0.08458220958709717,0.09105336666107178
53458,premise,2,entailment | neutral,1,0.03540390729904175,0.03540390729904175,0.03540390729904175,0.33333333333333337,,0.03540390729904175,,0.33333333333333337,0.025879710912704468,0.18831168831168832,0.009863853454589844,0.04189556837081909,0.05101722478866577,0.325,0.03689074516296387,0.06514370441436768,1,0.018074870109558105,0.018074870109558105,0.018074870109558105,0.25,,0.018074870109558105,,0.25,0.013955086469650269,0.1384615384615384,0.004937171936035156,0.02297300100326538,0.032349079847335815,0.26339285714285715,0.022463560104370117,0.042234599590301514
17623,both,4,neutral | neutral | entailment | entailment,6,0.0612583855787913,0.00398629903793335,0.15941470861434937,0.15,0.08170050382614136,0.05103732645511627,0.15000000000000002,0.14999999999999997,0.08219563961029053,0.23680555555555557,0.05185067653656006,0.12580007314682007,0.10927999019622803,0.41060606060606064,0.09078407287597656,0.14689427614212036,6,0.0612583855787913,0.00398629903793335,0.15941470861434937,0.15,0.08170050382614136,0.05103732645511627,0.15000000000000002,0.14999999999999997,0.08219563961029053,0.23680555555555557,0.05185067653656006,0.12580007314682007,0.10927999019622803,0.41060606060606064,0.09078407287597656,0.14689427614212036
25701,both,2,contradiction | neutral,1,0.05204802751541138,0.05204802751541138,0.05204802751541138,0.125,,0.05204802751541138,,0.125,0.03525856137275696,0.1736111111111111,0.026358306407928467,0.04415881633758545,0.2970997095108032,0.4272727272727273,0.29303252696990967,0.3011668920516968,1,0.05204802751541138,0.05204802751541138,0.05204802751541138,0.125,,0.05204802751541138,,0.125,0.03525856137275696,0.1736111111111111,0.026358306407928467,0.04415881633758545,0.2970997095108032,0.4272727272727273,0.29303252696990967,0.3011668920516968
128_c,hypothesis,2,neutral | entailment,1,0.08671247959136963,0.08671247959136963,0.08671247959136963,0.16666666666666663,,0.08671247959136963,,0.16666666666666663,0.04327654838562012,0.08333333333333331,0.027110040187835693,0.05944305658340454,0.24520504474639893,0.380952380952381,0.21985536813735962,0.27055472135543823,1,0.026536285877227783,0.026536285877227783,0.026536285877227783,0.09999999999999998,,0.026536285877227783,,0.09999999999999998,0.013142108917236328,0.04999999999999999,0.005086839199066162,0.021197378635406494,0.08955711126327515,0.14090909090909087,0.08097267150878906,0.09814155101776123
96245,premise,2,neutral | entailment,1,0.0843152403831482,0.0843152403831482,0.0843152403831482,0.6363636363636364,,0.0843152403831482,,0.6363636363636364,0.05061507225036621,0.4375,0.0305325984954834,0.07069754600524902,0.42292824387550354,0.5277777777777778,0.3956988453865051,0.45015764236450195,1,0.03344619274139404,0.03344619274139404,0.03344619274139404,0.4375,,0.03344619274139404,,0.4375,0.020752668380737305,0.2692307692307692,0.013793468475341797,0.027711868286132812,0.3535306453704834,0.3324175824175824,0.34308457374572754,0.36397671699523926
12_c,premise,2,entailment | neutral,1,0.1729891300201416,0.1729891300201416,0.1729891300201416,0.375,,0.1729891300201416,,0.375,0.07366737723350525,0.2142857142857143,0.03524470329284668,0.11209005117416382,0.23727509379386902,0.4375,0.20423781871795654,0.2703123688697815,1,0.09081083536148071,0.09081083536148071,0.09081083536148071,0.19999999999999996,,0.09081083536148071,,0.19999999999999996,0.0372309684753418,0.10555555555555557,0.024356603622436523,0.05010533332824707,0.194306880235672,0.2863636363636364,0.18431705236434937,0.20429670810699463
49222,both,3,contradiction | neutral | entailment,3,0.21901609500249228,0.06169390678405762,0.3255975842475891,0.3860294117647059,,0.21901609500249228,,0.3860294117647059,0.196510910987854,0.3304738562091503,0.10889232158660889,0.2599691152572632,0.4219297468662262,0.5332776385407964,0.31560617685317993,0.50567626953125,3,0.21901609500249228,0.06169390678405762,0.3255975842475891,0.3860294117647059,,0.21901609500249228,,0.3860294117647059,0.196510910987854,0.3304738562091503,0.10889232158660889,0.2599691152572632,0.4219297468662262,0.5332776385407964,0.31560617685317993,0.50567626953125
75121,premise,2,entailment | contradiction,1,0.1333063244819641,0.1333063244819641,0.1333063244819641,0.4,,0.1333063244819641,,0.4,0.08732348680496216,0.4,0.06003892421722412,0.1146080493927002,0.20328131318092346,0.4,0.1949598789215088,0.21160274744033813,1,0.06858175992965698,0.06858175992965698,0.06858175992965698,0.2857142857142857,,0.06858175992965698,,0.2857142857142857,0.040413618087768555,0.2857142857142857,0.016970276832580566,0.06385695934295654,0.12556079030036926,0.2857142857142857,0.1147351861000061,0.13638639450073242
23_c,premise,2,contradiction | neutral,1,0.03153461217880249,0.03153461217880249,0.03153461217880249,0.33333333333333337,,0.03153461217880249,,0.33333333333333337,0.020786792039871216,0.27244582043343657,0.014068841934204102,0.02750474214553833,0.22237369418144226,0.27244582043343657,0.21815729141235352,0.226590096950531,1,0.01443547010421753,0.01443547010421753,0.01443547010421753,0.2727272727272727,,0.01443547010421753,,0.2727272727272727,0.009010791778564453,0.22360248447204972,0.004452407360076904,0.013569176197052002,0.11767807602882385,0.22360248447204972,0.11554974317550659,0.11980640888214111
111_c,hypothesis,2,neutral | entailment,1,0.03490400314331055,0.03490400314331055,0.03490400314331055,0.36363636363636365,,0.03490400314331055,,0.36363636363636365,0.08272254467010498,0.6060606060606061,0.0804094672203064,0.08503562211990356,0.35788851976394653,0.717948717948718,0.3422454595565796,0.3735315799713135,1,0.01091533899307251,0.01091533899307251,0.01091533899307251,0.1428571428571429,,0.01091533899307251,,0.1428571428571429,0.02017119526863098,0.3229166666666667,0.018700122833251953,0.02164226770401001,0.09455934166908264,0.3639705882352941,0.0927305817604065,0.09638810157775879
22443,premise,2,contradiction | neutral,1,0.032314181327819824,0.032314181327819824,0.032314181327819824,0.2666666666666667,,0.032314181327819824,,0.2666666666666667,0.031096160411834717,0.22619047619047616,0.022480666637420654,0.03971165418624878,0.33938345313072205,0.35384615384615387,0.3365360498428345,0.3422308564186096,1,0.04882293939590454,0.04882293939590454,0.04882293939590454,0.25,,0.04882293939590454,,0.25,0.03211739659309387,0.1384615384615384,0.015253663063049316,0.04898113012313843,0.2696020007133484,0.19642857142857145,0.25578904151916504,0.28341495990753174
32945,hypothesis,2,neutral | entailment,1,0.07403522729873657,0.07403522729873657,0.07403522729873657,0.5,,0.07403522729873657,,0.5,0.038035422563552856,0.2976190476190476,0.02383500337600708,0.05223584175109863,0.5155913233757019,0.5267857142857143,0.5096006393432617,0.5215820074081421,1,0.022030413150787354,0.022030413150787354,0.022030413150787354,0.2727272727272727,,0.022030413150787354,,0.2727272727272727,0.010677874088287354,0.14999999999999997,0.009267330169677734,0.012088418006896973,0.17964178323745728,0.22727272727272724,0.17963069677352905,0.1796528697013855
4_c,premise,2,neutral | entailment,1,0.14561831951141357,0.14561831951141357,0.14561831951141357,0.25,,0.14561831951141357,,0.25,0.06049278378486633,0.1428571428571429,0.04483187198638916,0.0761536955833435,0.4670961797237396,0.375,0.4640304446220398,0.47016191482543945,1,0.03697484731674194,0.03697484731674194,0.03697484731674194,0.11111111111111116,,0.03697484731674194,,0.11111111111111116,0.015530645847320557,0.05555555555555558,0.010546326637268066,0.020514965057373047,0.1827198565006256,0.2611111111111111,0.17717653512954712,0.1882631778717041
92061,hypothesis,2,contradiction | entailment,1,0.11086851358413696,0.11086851358413696,0.11086851358413696,0.5,,0.11086851358413696,,0.5,0.08692941069602966,0.3142857142857143,0.08232975006103516,0.09152907133102417,0.1394796073436737,0.5625,0.13386648893356323,0.14509272575378418,1,0.06860387325286865,0.06860387325286865,0.06860387325286865,0.36363636363636365,,0.06860387325286865,,0.36363636363636365,0.049539655447006226,0.21250000000000002,0.04282492399215698,0.05625438690185547,0.0644344687461853,0.29292929292929293,0.06160926818847656,0.06725966930389404
30_c,premise,2,contradiction | entailment,1,0.00929415225982666,0.00929415225982666,0.00929415225982666,0.2857142857142857,,0.00929415225982666,,0.2857142857142857,0.006485313177108765,0.16666666666666663,0.005612552165985107,0.007358074188232422,0.0667533278465271,0.4285714285714286,0.06527680158615112,0.06822985410690308,1,0.003916501998901367,0.003916501998901367,0.003916501998901367,0.11111111111111116,,0.003916501998901367,,0.11111111111111116,0.003145664930343628,0.05555555555555558,0.002582728862762451,0.0037086009979248047,0.06571364402770996,0.2611111111111111,0.06477558612823486,0.06665170192718506
84927,premise,2,entailment | neutral,1,0.10054349899291992,0.10054349899291992,0.10054349899291992,0.6666666666666667,,0.10054349899291992,,0.6666666666666667,0.058170199394226074,0.55,0.05815935134887695,0.058181047439575195,0.2591596245765686,0.64375,0.25095510482788086,0.26736414432525635,1,0.06559610366821289,0.06559610366821289,0.06559610366821289,0.5909090909090908,,0.06559610366821289,,0.5909090909090908,0.033845335245132446,0.4647058823529412,0.026253879070281982,0.04143679141998291,0.202294260263443,0.5555555555555556,0.19674557447433472,0.20784294605255127
103037,premise,2,neutral | entailment,1,0.16827678680419922,0.16827678680419922,0.16827678680419922,0.33333333333333337,,0.16827678680419922,,0.33333333333333337,0.1539885401725769,0.19642857142857145,0.08574074506759644,0.22223633527755737,0.4035835862159729,0.2916666666666667,0.36918532848358154,0.43798184394836426,1,0.10613119602203369,0.10613119602203369,0.10613119602203369,0.2727272727272727,,0.10613119602203369,,0.2727272727272727,0.09023937582969666,0.15555555555555556,0.057483971118927,0.12299478054046631,0.2590982913970947,0.23636363636363633,0.24734961986541748,0.270846962928772
102600,premise,2,entailment | neutral,1,0.019410133361816406,0.019410133361816406,0.019410133361816406,0.36363636363636365,,0.019410133361816406,,0.36363636363636365,0.010440707206726074,0.2055555555555556,0.005902290344238281,0.014979124069213867,0.18000108003616333,0.3772727272727273,0.1755167841911316,0.18448537588119507,1,0.01900583505630493,0.01900583505630493,0.01900583505630493,0.2857142857142857,,0.01900583505630493,,0.2857142857142857,0.01071995496749878,0.15705128205128205,0.005797982215881348,0.01564192771911621,0.06868529319763184,0.21978021978021978,0.0676037073135376,0.06976687908172607
81_c,premise,2,entailment | neutral,1,0.09824246168136597,0.09824246168136597,0.09824246168136597,0.23076923076923073,,0.09824246168136597,,0.23076923076923073,0.05380168557167053,0.19871794871794868,0.023930788040161133,0.08367258310317993,0.22991684079170227,0.3324175824175824,0.19454151391983032,0.2652921676635742,1,0.045660197734832764,0.045660197734832764,0.045660197734832764,0.19999999999999996,,0.045660197734832764,,0.19999999999999996,0.026009708642959595,0.17142857142857143,0.012974858283996582,0.03904455900192261,0.13643833994865417,0.22499999999999998,0.11982786655426025,0.1530488133430481
37060,premise,2,entailment | neutral,1,0.10178607702255249,0.10178607702255249,0.10178607702255249,0.4444444444444444,,0.10178607702255249,,0.4444444444444444,0.05339452624320984,0.2708333333333333,0.04191005229949951,0.06487900018692017,0.4380764365196228,0.4920634920634921,0.43584203720092773,0.44031083583831787,1,0.052923619747161865,0.052923619747161865,0.052923619747161865,0.36363636363636365,,0.052923619747161865,,0.36363636363636365,0.02632284164428711,0.21250000000000002,0.010007619857788086,0.04263806343078613,0.2687627673149109,0.29292929292929293,0.257179856300354,0.2803456783294678
84972,premise,2,entailment | neutral,1,0.04036182165145874,0.04036182165145874,0.04036182165145874,0.5,,0.04036182165145874,,0.5,0.035425007343292236,0.5,0.015065431594848633,0.05578458309173584,0.3988300859928131,0.6258741258741258,0.37767481803894043,0.4199853539466858,1,0.018799781799316406,0.018799781799316406,0.018799781799316406,0.4545454545454546,,0.018799781799316406,,0.4545454545454546,0.014582931995391846,0.4580419580419581,0.005999922752380371,0.02316594123840332,0.18092936277389526,0.5,0.1788339614868164,0.18302476406097412
25187,premise,2,entailment | neutral,1,0.03894674777984619,0.03894674777984619,0.03894674777984619,0.41666666666666663,,0.03894674777984619,,0.41666666666666663,0.029991209506988525,0.2611111111111111,0.020767927169799805,0.039214491844177246,0.35200390219688416,0.4272727272727273,0.35135120153427124,0.35265660285949707,1,0.021752119064331055,0.021752119064331055,0.021752119064331055,0.3846153846153846,,0.021752119064331055,,0.3846153846153846,0.016458243131637573,0.23636363636363633,0.01133418083190918,0.021582305431365967,0.17839914560317993,0.30303030303030304,0.17337805032730103,0.18342024087905884
86796,hypothesis,2,neutral | entailment,1,0.07511782646179199,0.07511782646179199,0.07511782646179199,0.4,,0.07511782646179199,,0.4,0.033595114946365356,0.22916666666666669,0.015375912189483643,0.05181431770324707,0.11307334899902344,0.4166666666666667,0.10881161689758301,0.11733508110046387,1,0.03396207094192505,0.03396207094192505,0.03396207094192505,0.2857142857142857,,0.03396207094192505,,0.2857142857142857,0.016001015901565552,0.15705128205128205,0.01073920726776123,0.021262824535369873,0.03941276669502258,0.21978021978021978,0.034944236278533936,0.04388129711151123
101658,both,3,entailment | contradiction | neutral,3,0.06986622015635173,0.028562963008880615,0.1010369062423706,0.16666666666666663,,0.06986622015635173,,0.16666666666666663,0.033226072788238525,0.09090909090909094,0.014972507953643799,0.059019625186920166,0.2490466982126236,0.25,0.2254709005355835,0.26717841625213623,3,0.06986622015635173,0.028562963008880615,0.1010369062423706,0.16666666666666663,,0.06986622015635173,,0.16666666666666663,0.033226072788238525,0.09090909090909094,0.014972507953643799,0.059019625186920166,0.2490466982126236,0.25,0.2254709005355835,0.26717841625213623
78003,premise,2,contradiction | neutral,1,0.12254071235656738,0.12254071235656738,0.12254071235656738,0.33333333333333337,,0.12254071235656738,,0.33333333333333337,0.0747857391834259,0.19191919191919193,0.03249233961105347,0.11707913875579834,0.2488931119441986,0.35833333333333334,0.22843164205551147,0.26935458183288574,1,0.06989032030105591,0.06989032030105591,0.06989032030105591,0.3076923076923077,,0.06989032030105591,,0.3076923076923077,0.04895171523094177,0.175,0.029494822025299072,0.06840860843658447,0.11129772663116455,0.32867132867132864,0.08347225189208984,0.13912320137023926
93186,premise,2,neutral | entailment,1,0.014023840427398682,0.014023840427398682,0.014023840427398682,0.09999999999999998,,0.014023840427398682,,0.09999999999999998,0.005386948585510254,0.14090909090909087,0.005005598068237305,0.005768299102783203,0.2269483506679535,0.30303030303030304,0.2237626314163208,0.23013406991958618,1,0.01462256908416748,0.01462256908416748,0.01462256908416748,0.08333333333333337,,0.01462256908416748,,0.08333333333333337,0.005639523267745972,0.11858974358974361,0.004256546497344971,0.007022500038146973,0.1744084358215332,0.18406593406593408,0.16617214679718018,0.18264472484588623
79580,hypothesis,2,neutral | entailment,1,0.1457298994064331,0.1457298994064331,0.1457298994064331,0.6,,0.1457298994064331,,0.6,0.07788842916488647,0.4444444444444445,0.011600732803344727,0.14417612552642822,0.3592604100704193,0.6,0.3340878486633301,0.38443297147750854,1,0.09942018985748291,0.09942018985748291,0.09942018985748291,0.5,,0.09942018985748291,,0.5,0.05123502016067505,0.36363636363636365,0.008414983749389648,0.09405505657196045,0.1565418243408203,0.4166666666666667,0.13248902559280396,0.18059462308883667
99712,premise,2,contradiction | neutral,1,0.026843130588531494,0.026843130588531494,0.026843130588531494,0.25,,0.026843130588531494,,0.25,0.015118539333343506,0.1384615384615384,0.013446450233459473,0.01679062843322754,0.08164122700691223,0.26339285714285715,0.07285410165786743,0.09042835235595703,1,0.014345645904541016,0.014345645904541016,0.014345645904541016,0.2222222222222222,,0.014345645904541016,,0.2222222222222222,0.01141253113746643,0.1215686274509804,0.008252382278442383,0.014572679996490479,0.11195072531700134,0.1736111111111111,0.0985107421875,0.12539070844650269
25_c,both,4,contradiction | entailment | neutral | entailment,6,0.04963125785191854,0.009419739246368408,0.07913088798522949,0.22896825396825402,0.06718426942825317,0.04612065553665161,0.2857142857142857,0.21761904761904766,0.05379974842071533,0.27416333666333664,0.03095024824142456,0.0776028037071228,0.38260743021965027,0.4032967032967033,0.36438822746276855,0.39959871768951416,6,0.04963125785191854,0.009419739246368408,0.07913088798522949,0.22896825396825402,0.06718426942825317,0.04612065553665161,0.2857142857142857,0.21761904761904766,0.05379974842071533,0.27416333666333664,0.03095024824142456,0.0776028037071228,0.38260743021965027,0.4032967032967033,0.36438822746276855,0.39959871768951416
96018,premise,2,entailment | neutral,1,0.014145731925964355,0.014145731925964355,0.014145731925964355,0.15384615384615385,,0.014145731925964355,,0.15384615384615385,0.05349290370941162,0.35384615384615387,0.05037146806716919,0.05661433935165405,0.12889859080314636,0.4642857142857143,0.12793761491775513,0.1298595666885376,1,0.005739450454711914,0.005739450454711914,0.005739450454711914,0.1428571428571429,,0.005739450454711914,,0.1428571428571429,0.02350771427154541,0.26339285714285715,0.02350592613220215,0.023509502410888672,0.07144272327423096,0.30980392156862746,0.07039475440979004,0.07249069213867188
68210,premise,2,contradiction | neutral,1,0.07238149642944336,0.07238149642944336,0.07238149642944336,0.11111111111111116,,0.07238149642944336,,0.11111111111111116,0.04136490821838379,0.05555555555555558,0.031395673751831055,0.05133414268493652,0.20125824213027954,0.2611111111111111,0.19067132472991943,0.21184515953063965,1,0.04249727725982666,0.04249727725982666,0.04249727725982666,0.09090909090909094,,0.04249727725982666,,0.09090909090909094,0.02167525887489319,0.04545454545454547,0.012865722179412842,0.030484795570373535,0.07854041457176208,0.12878787878787878,0.07037729024887085,0.08670353889465332
9271,both,4,contradiction | contradiction | contradiction | neutral,6,0.03569162885348002,0.015525400638580322,0.07017499208450317,0.3526772247360482,0.04102623462677002,0.03035702308019002,0.38672699849170433,0.31862745098039214,0.028582006692886353,0.36235119047619047,0.02254009246826172,0.04290330410003662,0.20187611877918243,0.4464285714285714,0.18186253309249878,0.22677987813949585,6,0.03569162885348002,0.015525400638580322,0.07017499208450317,0.3526772247360482,0.04102623462677002,0.03035702308019002,0.38672699849170433,0.31862745098039214,0.028582006692886353,0.36235119047619047,0.02254009246826172,0.04290330410003662,0.20187611877918243,0.4464285714285714,0.18186253309249878,0.22677987813949585
45281,premise,2,contradiction | neutral,1,0.020178914070129395,0.020178914070129395,0.020178914070129395,0.4285714285714286,,0.020178914070129395,,0.4285714285714286,0.008951753377914429,0.25,0.006536900997161865,0.011366605758666992,0.2899715304374695,0.38461538461538464,0.28829705715179443,0.29164600372314453,1,0.009807169437408447,0.009807169437408447,0.009807169437408447,0.25,,0.009807169437408447,,0.25,0.004525601863861084,0.1428571428571429,0.0037147998809814453,0.005336403846740723,0.19941261410713196,0.19999999999999996,0.19483518600463867,0.20399004220962524
46_c,premise,2,neutral | entailment,1,0.02828902006149292,0.02828902006149292,0.02828902006149292,0.5555555555555556,,0.02828902006149292,,0.5555555555555556,0.012774109840393066,0.35714285714285715,0.006535530090332031,0.0190126895904541,0.17953261733055115,0.5625,0.17196911573410034,0.18709611892700195,1,0.021314263343811035,0.021314263343811035,0.021314263343811035,0.4,,0.021314263343811035,,0.4,0.008829832077026367,0.22916666666666669,0.0026630163192749023,0.014996647834777832,0.1369868516921997,0.4166666666666667,0.1299036741256714,0.14407002925872803
46294,premise,2,contradiction | neutral,1,0.021073579788208008,0.021073579788208008,0.021073579788208008,0.2857142857142857,,0.021073579788208008,,0.2857142857142857,0.013134568929672241,0.22252747252747251,0.008858442306518555,0.017410695552825928,0.11862897872924805,0.34523809523809523,0.11838006973266602,0.11887788772583008,1,0.014914631843566895,0.014914631843566895,0.014914631843566895,0.2222222222222222,,0.014914631843566895,,0.2222222222222222,0.009589314460754395,0.1715686274509804,0.007065832614898682,0.012112796306610107,0.08995357155799866,0.21637426900584794,0.08688348531723022,0.09302365779876709
72831,premise,2,contradiction | neutral,1,0.03846406936645508,0.03846406936645508,0.03846406936645508,0.19999999999999996,,0.03846406936645508,,0.19999999999999996,0.019763201475143433,0.11111111111111116,0.0024347305297851562,0.03709167242050171,0.2045864760875702,0.30000000000000004,0.18973541259765625,0.21943753957748413,1,0.009311020374298096,0.009311020374298096,0.009311020374298096,0.16666666666666663,,0.009311020374298096,,0.16666666666666663,0.004701405763626099,0.09090909090909094,0.001251220703125,0.008151590824127197,0.05004355311393738,0.16666666666666663,0.04696369171142578,0.053123414516448975
40717,premise,2,contradiction | neutral,1,0.03326761722564697,0.03326761722564697,0.03326761722564697,0.3076923076923077,,0.03326761722564697,,0.3076923076923077,0.018103718757629395,0.16666666666666669,0.014502286911010742,0.021705150604248047,0.0795367956161499,0.24038461538461536,0.07084453105926514,0.08822906017303467,1,0.01833021640777588,0.01833021640777588,0.01833021640777588,0.2666666666666667,,0.01833021640777588,,0.2666666666666667,0.011590689420700073,0.14285714285714285,0.010593175888061523,0.012588202953338623,0.04100370407104492,0.20714285714285713,0.03748452663421631,0.044522881507873535
45528,premise,2,entailment | neutral,1,0.025112152099609375,0.025112152099609375,0.025112152099609375,0.3571428571428571,,0.025112152099609375,,0.3571428571428571,0.013811051845550537,0.20192307692307693,0.00970447063446045,0.017917633056640625,0.17414218187332153,0.33516483516483514,0.1738954782485962,0.17438888549804688,1,0.010958075523376465,0.010958075523376465,0.010958075523376465,0.2941176470588235,,0.010958075523376465,,0.2941176470588235,0.007728755474090576,0.16249999999999998,0.006325244903564453,0.0091322660446167,0.11884802579879761,0.21323529411764708,0.11775195598602295,0.11994409561157227
55037,both,2,neutral | entailment,1,0.07404792308807373,0.07404792308807373,0.07404792308807373,0.25,,0.07404792308807373,,0.25,0.04082760214805603,0.14090909090909087,0.03020036220550537,0.05145484209060669,0.39062753319740295,0.27884615384615385,0.38151466846466064,0.39974039793014526,1,0.07404792308807373,0.07404792308807373,0.07404792308807373,0.25,,0.07404792308807373,,0.25,0.04082760214805603,0.14090909090909087,0.03020036220550537,0.05145484209060669,0.39062753319740295,0.27884615384615385,0.38151466846466064,0.39974039793014526
31860,premise,2,contradiction | neutral,1,0.07668423652648926,0.07668423652648926,0.07668423652648926,0.1428571428571429,,0.07668423652648926,,0.1428571428571429,0.06348133087158203,0.23076923076923073,0.025264382362365723,0.10169827938079834,0.15269887447357178,0.3571428571428571,0.11813366413116455,0.187264084815979,1,0.011155426502227783,0.011155426502227783,0.011155426502227783,0.1333333333333333,,0.011155426502227783,,0.1333333333333333,0.01428002119064331,0.1428571428571429,0.01179206371307373,0.01676797866821289,0.04645386338233948,0.2666666666666667,0.044663310050964355,0.0482444167137146
68839,premise,2,entailment | neutral,1,0.01974952220916748,0.01974952220916748,0.01974952220916748,0.33333333333333337,,0.01974952220916748,,0.33333333333333337,0.03212222456932068,0.18552036199095018,0.023891746997833252,0.040352702140808105,0.4132828116416931,0.30158730158730157,0.40661489963531494,0.4199507236480713,1,0.01065683364868164,0.01065683364868164,0.01065683364868164,0.2857142857142857,,0.01065683364868164,,0.2857142857142857,0.013259023427963257,0.15625,0.01084136962890625,0.015676677227020264,0.14850327372550964,0.20168067226890757,0.14711207151412964,0.14989447593688965
112_c,hypothesis,2,neutral | entailment,1,0.028562545776367188,0.028562545776367188,0.028562545776367188,0.25,,0.028562545776367188,,0.25,0.026725590229034424,0.4227941176470588,0.01920604705810547,0.03424513339996338,0.30956071615219116,0.5130718954248366,0.28235936164855957,0.33676207065582275,1,0.009476959705352783,0.009476959705352783,0.009476959705352783,0.11111111111111116,,0.009476959705352783,,0.11111111111111116,0.006857454776763916,0.20833333333333331,0.003604292869567871,0.010110616683959961,0.08130446076393127,0.24812030075187969,0.07270312309265137,0.08990579843521118
16317,premise,2,entailment | neutral,1,0.05533623695373535,0.05533623695373535,0.05533623695373535,0.4545454545454546,,0.05533623695373535,,0.4545454545454546,0.036521077156066895,0.27142857142857146,0.012671709060668945,0.060370445251464844,0.20259401202201843,0.4602272727272727,0.1822161078453064,0.22297191619873047,1,0.02042335271835327,0.02042335271835327,0.02042335271835327,0.41666666666666663,,0.02042335271835327,,0.41666666666666663,0.013991862535476685,0.24431818181818182,0.007165431976318359,0.02081829309463501,0.09200918674468994,0.3194444444444444,0.08584123849868774,0.09817713499069214
74488,hypothesis,2,entailment | neutral,1,0.1088065505027771,0.1088065505027771,0.1088065505027771,0.5555555555555556,,0.1088065505027771,,0.5555555555555556,0.08357444405555725,0.4027777777777778,0.05325174331665039,0.11389714479446411,0.08455610275268555,0.5722222222222222,0.06960117816925049,0.0995110273361206,1,0.06058239936828613,0.06058239936828613,0.06058239936828613,0.30000000000000004,,0.06058239936828613,,0.30000000000000004,0.04373624920845032,0.2611111111111111,0.0374225378036499,0.05004996061325073,0.04796871542930603,0.33181818181818185,0.03775930404663086,0.0581781268119812
109_c,hypothesis,2,neutral | entailment,1,0.03059595823287964,0.03059595823287964,0.03059595823287964,0.30000000000000004,,0.03059595823287964,,0.30000000000000004,0.11916053295135498,0.6181818181818182,0.11448013782501221,0.12384092807769775,0.2747219204902649,0.7386363636363636,0.2742180824279785,0.27522575855255127,1,0.012693822383880615,0.012693822383880615,0.012693822383880615,0.15384615384615385,,0.012693822383880615,,0.15384615384615385,0.037763237953186035,0.2102564102564103,0.033527374267578125,0.041999101638793945,0.09238451719284058,0.26339285714285715,0.089485764503479,0.09528326988220215
20021,premise,2,entailment | neutral,1,0.20760345458984375,0.20760345458984375,0.20760345458984375,0.7,,0.20760345458984375,,0.7,0.15120679140090942,0.4642857142857143,0.0730283260345459,0.22938525676727295,0.33996185660362244,0.6458333333333334,0.2936190962791443,0.3863046169281006,1,0.09787744283676147,0.09787744283676147,0.09787744283676147,0.5,,0.09787744283676147,,0.5,0.05509099364280701,0.30303030303030304,0.028128087520599365,0.08205389976501465,0.16579720377922058,0.358974358974359,0.14769458770751953,0.18389981985092163
28269,premise,2,contradiction | neutral,1,0.04961037635803223,0.04961037635803223,0.04961037635803223,0.18181818181818177,,0.04961037635803223,,0.18181818181818177,0.033708274364471436,0.09999999999999998,0.014249324798583984,0.05316722393035889,0.3331679105758667,0.2727272727272727,0.3068186044692993,0.3595172166824341,1,0.025921940803527832,0.025921940803527832,0.025921940803527832,0.15384615384615385,,0.025921940803527832,,0.15384615384615385,0.016843676567077637,0.08333333333333337,0.0106925368309021,0.022994816303253174,0.19356131553649902,0.15384615384615385,0.18617451190948486,0.20094811916351318
70_c,premise,2,contradiction | neutral,1,0.03885388374328613,0.03885388374328613,0.03885388374328613,0.5,,0.03885388374328613,,0.5,0.02067551016807556,0.3125,0.006258904933929443,0.03509211540222168,0.23628497123718262,0.5,0.22190964221954346,0.2506603002548218,1,0.016610383987426758,0.016610383987426758,0.016610383987426758,0.25,,0.016610383987426758,,0.25,0.008000880479812622,0.1333333333333333,0.002643883228302002,0.013357877731323242,0.07118365168571472,0.20629370629370625,0.0628097653388977,0.07955753803253174
19306,premise,2,entailment | neutral,1,0.13627290725708008,0.13627290725708008,0.13627290725708008,0.5714285714285714,,0.13627290725708008,,0.5714285714285714,0.09649309515953064,0.42857142857142855,0.08323609828948975,0.10975009202957153,0.4859146475791931,0.5515151515151515,0.4655877947807312,0.506241500377655,1,0.05612468719482422,0.05612468719482422,0.05612468719482422,0.5333333333333333,,0.05612468719482422,,0.5333333333333333,0.03784996271133423,0.3151515151515152,0.037538886070251465,0.03816103935241699,0.2835320234298706,0.3645833333333333,0.2683457136154175,0.29871833324432373
5599,both,2,contradiction | neutral,1,0.027284681797027588,0.027284681797027588,0.027284681797027588,0.2857142857142857,,0.027284681797027588,,0.2857142857142857,0.017925173044204712,0.16083916083916083,0.017733275890350342,0.018117070198059082,0.3202051520347595,0.22619047619047616,0.3186222314834595,0.32178807258605957,1,0.027284681797027588,0.027284681797027588,0.027284681797027588,0.2857142857142857,,0.027284681797027588,,0.2857142857142857,0.017925173044204712,0.16083916083916083,0.017733275890350342,0.018117070198059082,0.3202051520347595,0.22619047619047616,0.3186222314834595,0.32178807258605957
104_c,premise,2,neutral | contradiction,1,0.005709588527679443,0.005709588527679443,0.005709588527679443,0.2222222222222222,,0.005709588527679443,,0.2222222222222222,0.007802188396453857,0.1241446725317693,0.00633317232131958,0.009271204471588135,0.01850089430809021,0.18106617647058826,0.017485082149505615,0.019516706466674805,1,0.0034556984901428223,0.0034556984901428223,0.0034556984901428223,0.17500000000000004,,0.0034556984901428223,,0.17500000000000004,0.003843545913696289,0.09436090225563909,0.002756178379058838,0.00493091344833374,0.005853116512298584,0.11858974358974361,0.0047272443771362305,0.0069789886474609375
28157,hypothesis,2,entailment | contradiction,1,0.0649564266204834,0.0649564266204834,0.0649564266204834,0.5,,0.0649564266204834,,0.5,0.061073243618011475,0.28076923076923077,0.029944181442260742,0.09220230579376221,0.1481896936893463,0.42207792207792205,0.10762166976928711,0.18875771760940552,1,0.07672280073165894,0.07672280073165894,0.07672280073165894,0.375,,0.07672280073165894,,0.375,0.051867783069610596,0.20833333333333337,0.024153411388397217,0.07958215475082397,0.0811583399772644,0.2644230769230769,0.053771376609802246,0.10854530334472656
82_c,premise,2,entailment | neutral,1,0.21894943714141846,0.21894943714141846,0.21894943714141846,0.3846153846153846,,0.21894943714141846,,0.3846153846153846,0.10073074698448181,0.21666666666666667,0.06824064254760742,0.1332208514213562,0.29753923416137695,0.36713286713286714,0.2502453327178955,0.3448331356048584,1,0.07951569557189941,0.07951569557189941,0.07951569557189941,0.1428571428571429,,0.07951569557189941,,0.1428571428571429,0.04077434539794922,0.07417582417582413,0.028543293476104736,0.0530053973197937,0.12620526552200317,0.1380952380952381,0.1070939302444458,0.14531660079956055
31_c,premise,2,entailment | neutral,1,0.013643980026245117,0.013643980026245117,0.013643980026245117,0.2857142857142857,,0.013643980026245117,,0.2857142857142857,0.012101471424102783,0.16666666666666663,0.011896014213562012,0.012306928634643555,0.012101471424102783,0.16666666666666663,0.011896014213562012,0.012306928634643555,1,0.007384359836578369,0.007384359836578369,0.007384359836578369,0.25,,0.007384359836578369,,0.25,0.008370012044906616,0.1428571428571429,0.007934510707855225,0.008805513381958008,0.008370012044906616,0.1428571428571429,0.007934510707855225,0.008805513381958008
55_c,premise,2,entailment | neutral,1,0.07139945030212402,0.07139945030212402,0.07139945030212402,0.33333333333333337,,0.07139945030212402,,0.33333333333333337,0.03170529007911682,0.18636363636363634,0.023020446300506592,0.04039013385772705,0.35322126746177673,0.34469696969696967,0.3482164740562439,0.35822606086730957,1,0.025765180587768555,0.025765180587768555,0.025765180587768555,0.15384615384615385,,0.025765180587768555,,0.15384615384615385,0.013259828090667725,0.07692307692307693,0.011667490005493164,0.014852166175842285,0.24899613857269287,0.22619047619047616,0.2485802173614502,0.24941205978393555
96652,both,2,contradiction | neutral,1,0.0254361629486084,0.0254361629486084,0.0254361629486084,0.15384615384615385,,0.0254361629486084,,0.15384615384615385,0.013043731451034546,0.08012820512820512,0.012071192264556885,0.014016270637512207,0.15828236937522888,0.20714285714285713,0.14696639776229858,0.16959834098815918,1,0.0254361629486084,0.0254361629486084,0.0254361629486084,0.15384615384615385,,0.0254361629486084,,0.15384615384615385,0.013043731451034546,0.08012820512820512,0.012071192264556885,0.014016270637512207,0.15828236937522888,0.20714285714285713,0.14696639776229858,0.16959834098815918
29252,premise,2,entailment | neutral,1,0.21047550439834595,0.21047550439834595,0.21047550439834595,0.5,,0.21047550439834595,,0.5,0.10662704706192017,0.55,0.06720244884490967,0.14605164527893066,0.13090643286705017,0.5909090909090909,0.08697950839996338,0.17483335733413696,1,0.16208529472351074,0.16208529472351074,0.16208529472351074,0.4545454545454546,,0.16208529472351074,,0.4545454545454546,0.07520392537117004,0.3181818181818182,0.048864126205444336,0.10154372453689575,0.07964083552360535,0.375,0.03504669666290283,0.12423497438430786
51_c,premise,2,contradiction | neutral,1,0.03942972421646118,0.03942972421646118,0.03942972421646118,0.1875,,0.03942972421646118,,0.1875,0.022327035665512085,0.10238095238095235,0.01898723840713501,0.02566683292388916,0.11988306045532227,0.22499999999999998,0.1162639856338501,0.12350213527679443,1,0.025113940238952637,0.025113940238952637,0.025113940238952637,0.09999999999999998,,0.025113940238952637,,0.09999999999999998,0.01175883412361145,0.052631578947368474,0.011246144771575928,0.012271523475646973,0.07219836115837097,0.15000000000000002,0.06991970539093018,0.07447701692581177
23495,premise,2,entailment | neutral,1,0.03727316856384277,0.03727316856384277,0.03727316856384277,0.5714285714285714,,0.03727316856384277,,0.5714285714285714,0.03098195791244507,0.4,0.02794438600540161,0.034019529819488525,0.31538480520248413,0.5454545454545454,0.3151794672012329,0.31559014320373535,1,0.017284870147705078,0.017284870147705078,0.017284870147705078,0.5,,0.017284870147705078,,0.5,0.019357532262802124,0.33333333333333337,0.01739656925201416,0.021318495273590088,0.09061366319656372,0.3846153846153846,0.08988595008850098,0.09134137630462646
125_c,premise,2,contradiction | entailment,1,0.01481407880783081,0.01481407880783081,0.01481407880783081,0.2941176470588235,,0.01481407880783081,,0.2941176470588235,0.008856475353240967,0.1607142857142857,0.00565725564956665,0.012055695056915283,0.021790891885757446,0.2764705882352941,0.019847393035888672,0.02373439073562622,1,0.00935298204421997,0.00935298204421997,0.00935298204421997,0.15000000000000002,,0.00935298204421997,,0.15000000000000002,0.00644269585609436,0.07894736842105265,0.004531264305114746,0.008354127407073975,0.013260126113891602,0.125,0.011513948440551758,0.015006303787231445
41_c,hypothesis,2,contradiction | entailment,1,0.26747649908065796,0.26747649908065796,0.26747649908065796,0.4666666666666667,,0.26747649908065796,,0.4666666666666667,0.14472869038581848,0.2642857142857143,0.015431761741638184,0.2740256190299988,0.20265936851501465,0.403030303030303,0.06927812099456787,0.3360406160354614,1,0.08879643678665161,0.08879643678665161,0.08879643678665161,0.2857142857142857,,0.08879643678665161,,0.2857142857142857,0.04752534627914429,0.15625,0.006493687629699707,0.08855700492858887,0.06252425909042358,0.20168067226890757,0.021374225616455078,0.10367429256439209
92_c,premise,2,entailment | neutral,1,0.029740512371063232,0.029740512371063232,0.029740512371063232,0.08333333333333337,,0.029740512371063232,,0.08333333333333337,0.04042884707450867,0.11858974358974361,0.03205978870391846,0.04879790544509888,0.2297067642211914,0.2582417582417582,0.22951114177703857,0.22990238666534424,1,0.025840938091278076,0.025840938091278076,0.025840938091278076,0.0714285714285714,,0.025840938091278076,,0.0714285714285714,0.026554346084594727,0.10238095238095235,0.020122051239013672,0.03298664093017578,0.23424595594406128,0.22499999999999998,0.23346877098083496,0.2350231409072876
43773,premise,2,contradiction | neutral,1,0.033780694007873535,0.033780694007873535,0.033780694007873535,0.33333333333333337,,0.033780694007873535,,0.33333333333333337,0.024450868368148804,0.19871794871794868,0.013648688793182373,0.035253047943115234,0.03825002908706665,0.3324175824175824,0.024626731872558594,0.05187332630157471,1,0.018820524215698242,0.018820524215698242,0.018820524215698242,0.3125,,0.018820524215698242,,0.3125,0.01642182469367981,0.18406593406593408,0.008475899696350098,0.02436774969100952,0.01899927854537964,0.30952380952380953,0.010345816612243652,0.027652740478515625
38708,premise,2,neutral | contradiction,1,0.23769032955169678,0.23769032955169678,0.23769032955169678,0.6428571428571428,,0.23769032955169678,,0.6428571428571428,0.22614499926567078,0.6753246753246753,0.1671154499053955,0.28517454862594604,0.4273641109466553,0.775,0.41196179389953613,0.4427664279937744,1,0.08052569627761841,0.08052569627761841,0.08052569627761841,0.4,,0.08052569627761841,,0.4,0.0745823085308075,0.4145658263305322,0.05990844964981079,0.0892561674118042,0.12889355421066284,0.4444444444444444,0.11232680082321167,0.145460307598114
103542,hypothesis,2,entailment | neutral,1,0.21225005388259888,0.21225005388259888,0.21225005388259888,0.6,,0.21225005388259888,,0.6,0.11282801628112793,0.55,0.07602888345718384,0.14962714910507202,0.2287556529045105,0.8166666666666667,0.19358915090560913,0.26392215490341187,1,0.07764393091201782,0.07764393091201782,0.07764393091201782,0.23076923076923073,,0.07764393091201782,,0.23076923076923073,0.03699186444282532,0.19871794871794868,0.03127628564834595,0.04270744323730469,0.054842084646224976,0.2582417582417582,0.050061047077178955,0.059623122215270996
1883,premise,2,entailment | neutral,1,0.03472268581390381,0.03472268581390381,0.03472268581390381,0.35,,0.03472268581390381,,0.35,0.02394843101501465,0.3277777777777778,0.005163311958312988,0.04273355007171631,0.25505656003952026,0.4243421052631579,0.23215258121490479,0.27796053886413574,1,0.01572120189666748,0.01572120189666748,0.01572120189666748,0.2857142857142857,,0.01572120189666748,,0.2857142857142857,0.012897878885269165,0.21250000000000002,0.005390822887420654,0.020404934883117676,0.1939564049243927,0.25490196078431376,0.1837593913078308,0.2041534185409546
90140,premise,2,neutral | contradiction,1,0.03495067358016968,0.03495067358016968,0.03495067358016968,0.36363636363636365,,0.03495067358016968,,0.36363636363636365,0.0352899432182312,0.21250000000000002,0.03144526481628418,0.03913462162017822,0.21903342008590698,0.393939393939394,0.215692400932312,0.22237443923950195,1,0.01727008819580078,0.01727008819580078,0.01727008819580078,0.3076923076923077,,0.01727008819580078,,0.3076923076923077,0.016426414251327515,0.175,0.014380276203155518,0.01847255229949951,0.11191648244857788,0.24475524475524474,0.10975968837738037,0.11407327651977539
63_c,premise,2,entailment | contradiction,1,0.006141304969787598,0.006141304969787598,0.006141304969787598,0.2142857142857143,,0.006141304969787598,,0.2142857142857143,0.007677525281906128,0.11858974358974361,0.006347715854644775,0.00900733470916748,0.0945177674293518,0.2582417582417582,0.09220129251480103,0.09683424234390259,1,0.004258334636688232,0.004258334636688232,0.004258334636688232,0.1875,,0.004258334636688232,,0.1875,0.005454212427139282,0.10238095238095235,0.0039939284324646,0.006914496421813965,0.03703862428665161,0.16041666666666665,0.03681361675262451,0.03726363182067871
37201,premise,2,contradiction | entailment,1,0.09967309236526489,0.09967309236526489,0.09967309236526489,0.4,,0.09967309236526489,,0.4,0.04914692044258118,0.29870129870129875,0.024905622005462646,0.07338821887969971,0.10962700843811035,0.47916666666666663,0.08457362651824951,0.1346803903579712,1,0.04496109485626221,0.04496109485626221,0.04496109485626221,0.36363636363636365,,0.04496109485626221,,0.36363636363636365,0.024065792560577393,0.2708333333333333,0.015279948711395264,0.03285163640975952,0.043312519788742065,0.3418803418803419,0.03510606288909912,0.05151897668838501
31167,premise,2,neutral | entailment,1,0.0255734920501709,0.0255734920501709,0.0255734920501709,0.2941176470588235,,0.0255734920501709,,0.2941176470588235,0.03439837694168091,0.37857142857142856,0.0223386287689209,0.04645812511444092,0.2248629331588745,0.48333333333333334,0.2164909839630127,0.23323488235473633,1,0.009842991828918457,0.009842991828918457,0.009842991828918457,0.25,,0.009842991828918457,,0.25,0.017455697059631348,0.25653594771241833,0.014954090118408203,0.019957304000854492,0.19224411249160767,0.3508771929824562,0.19077199697494507,0.19371622800827026
65728,premise,2,contradiction | neutral,1,0.02415400743484497,0.02415400743484497,0.02415400743484497,0.33333333333333337,,0.02415400743484497,,0.33333333333333337,0.013550043106079102,0.18831168831168832,0.0053299665451049805,0.021770119667053223,0.3797115385532379,0.325,0.3758809566497803,0.38354212045669556,1,0.011227011680603027,0.011227011680603027,0.011227011680603027,0.2777777777777778,,0.011227011680603027,,0.2777777777777778,0.005918562412261963,0.15336134453781514,0.0020127296447753906,0.009824395179748535,0.19854432344436646,0.20555555555555555,0.1962236762046814,0.2008649706840515
64_c,premise,2,entailment | contradiction,1,0.004394590854644775,0.004394590854644775,0.004394590854644775,0.2142857142857143,,0.004394590854644775,,0.2142857142857143,0.00573393702507019,0.11858974358974361,0.0048389434814453125,0.006628930568695068,0.10205376148223877,0.2582417582417582,0.10018754005432129,0.10391998291015625,1,0.003048121929168701,0.003048121929168701,0.003048121929168701,0.1875,,0.003048121929168701,,0.1875,0.004517167806625366,0.10238095238095235,0.003588378429412842,0.005445957183837891,0.03678792715072632,0.16041666666666665,0.036712050437927246,0.03686380386352539
37555,premise,2,neutral | entailment,1,0.17523878812789917,0.17523878812789917,0.17523878812789917,0.2222222222222222,,0.17523878812789917,,0.2222222222222222,0.11058491468429565,0.125,0.09384602308273315,0.12732380628585815,0.34276771545410156,0.33333333333333337,0.3211100101470947,0.3644254207611084,1,0.11236047744750977,0.11236047744750977,0.11236047744750977,0.16666666666666663,,0.11236047744750977,,0.16666666666666663,0.07202380895614624,0.09090909090909094,0.06230008602142334,0.08174753189086914,0.2505466043949127,0.25,0.2312602400779724,0.269832968711853
12406,hypothesis,2,neutral | entailment,1,0.028711974620819092,0.028711974620819092,0.028711974620819092,0.375,,0.028711974620819092,,0.375,0.02204585075378418,0.22619047619047616,0.020910024642944336,0.023181676864624023,0.1550152599811554,0.4642857142857143,0.15113532543182373,0.15889519453048706,1,0.022804439067840576,0.022804439067840576,0.022804439067840576,0.30000000000000004,,0.022804439067840576,,0.30000000000000004,0.014282971620559692,0.1736111111111111,0.013127684593200684,0.015438258647918701,0.0563187301158905,0.2611111111111111,0.05450475215911865,0.058132708072662354
54172,both,2,contradiction | neutral,1,0.04222369194030762,0.04222369194030762,0.04222369194030762,0.2727272727272727,,0.04222369194030762,,0.2727272727272727,0.024083077907562256,0.14845938375350143,0.01574486494064331,0.0324212908744812,0.12445282936096191,0.2416267942583732,0.11923956871032715,0.12966609001159668,1,0.04222369194030762,0.04222369194030762,0.04222369194030762,0.2727272727272727,,0.04222369194030762,,0.2727272727272727,0.024083077907562256,0.14845938375350143,0.01574486494064331,0.0324212908744812,0.12445282936096191,0.2416267942583732,0.11923956871032715,0.12966609001159668
61597,premise,2,entailment | neutral,1,0.011680841445922852,0.011680841445922852,0.011680841445922852,0.15384615384615385,,0.011680841445922852,,0.15384615384615385,0.03869861364364624,0.15384615384615385,0.0372847318649292,0.04011249542236328,0.214752197265625,0.2857142857142857,0.21441984176635742,0.21508455276489258,1,0.01426398754119873,0.01426398754119873,0.01426398754119873,0.1333333333333333,,0.01426398754119873,,0.1333333333333333,0.020542502403259277,0.1333333333333333,0.018920421600341797,0.022164583206176758,0.13216522336006165,0.25,0.13153046369552612,0.13279998302459717
18036,premise,2,entailment | contradiction,1,0.014925718307495117,0.014925718307495117,0.014925718307495117,0.3076923076923077,,0.014925718307495117,,0.3076923076923077,0.010893255472183228,0.17045454545454547,0.005792796611785889,0.015993714332580566,0.1519850492477417,0.3173076923076923,0.1422824263572693,0.1616876721382141,1,0.014766395092010498,0.014766395092010498,0.014766395092010498,0.19999999999999996,,0.014766395092010498,,0.19999999999999996,0.007742434740066528,0.10989010989010989,0.00745391845703125,0.008030951023101807,0.06559404730796814,0.17142857142857143,0.06426018476486206,0.06692790985107422
93283,premise,2,contradiction | neutral,1,0.08487015962600708,0.08487015962600708,0.08487015962600708,0.5625,,0.08487015962600708,,0.5625,0.04560959339141846,0.38125,0.019504189491271973,0.07171499729156494,0.3124963641166687,0.5053475935828877,0.28474175930023193,0.34025096893310547,1,0.06426417827606201,0.06426417827606201,0.06426417827606201,0.38888888888888884,,0.06426417827606201,,0.38888888888888884,0.031030237674713135,0.27136752136752135,0.016134023666381836,0.045926451683044434,0.20222550630569458,0.3176691729323308,0.18024587631225586,0.2242051362991333
77608,premise,2,entailment | neutral,1,0.140281081199646,0.140281081199646,0.140281081199646,0.2857142857142857,,0.140281081199646,,0.2857142857142857,0.1156972348690033,0.3571428571428571,0.09786051511764526,0.13353395462036133,0.30567964911460876,0.4666666666666667,0.30543380975723267,0.30592548847198486,1,0.08660167455673218,0.08660167455673218,0.08660167455673218,0.19999999999999996,,0.08660167455673218,,0.19999999999999996,0.06619417667388916,0.21052631578947367,0.05311453342437744,0.07927381992340088,0.22881314158439636,0.25,0.22559982538223267,0.23202645778656006
93258,premise,2,entailment | neutral,1,0.003846108913421631,0.003846108913421631,0.003846108913421631,0.1428571428571429,,0.003846108913421631,,0.1428571428571429,0.003363192081451416,0.1428571428571429,0.0031557679176330566,0.0035706162452697754,0.10181465744972229,0.2666666666666667,0.09985196590423584,0.10377734899520874,1,0.0019186735153198242,0.0019186735153198242,0.0019186735153198242,0.1333333333333333,,0.0019186735153198242,,0.1333333333333333,0.0015602707862854004,0.1333333333333333,0.0014838576316833496,0.0016366839408874512,0.07340380549430847,0.25,0.07258611917495728,0.07422149181365967
101_c,premise,2,entailment | neutral,1,0.15134257078170776,0.15134257078170776,0.15134257078170776,0.2857142857142857,,0.15134257078170776,,0.2857142857142857,0.0903533399105072,0.16666666666666663,0.05658024549484253,0.12412643432617188,0.6240048408508301,0.4285714285714286,0.6170506477355957,0.6309590339660645,1,0.02492702007293701,0.02492702007293701,0.02492702007293701,0.125,,0.02492702007293701,,0.125,0.01777207851409912,0.0625,0.013827145099639893,0.02171701192855835,0.13994765281677246,0.1736111111111111,0.13320398330688477,0.14669132232666016
19_c,premise,2,contradiction | neutral,1,0.01192241907119751,0.01192241907119751,0.01192241907119751,0.0,,0.01192241907119751,,0.0,0.013669490814208984,0.0,0.011804163455963135,0.015534818172454834,0.22976437211036682,0.2222222222222222,0.2295512557029724,0.22997748851776123,1,0.008906841278076172,0.008906841278076172,0.008906841278076172,0.0,,0.008906841278076172,,0.0,0.009018808603286743,0.0,0.007913291454315186,0.0101243257522583,0.11821755766868591,0.06666666666666665,0.11780816316604614,0.11862695217132568
49215,premise,2,entailment | neutral,1,0.0395282506942749,0.0395282506942749,0.0395282506942749,0.3846153846153846,,0.0395282506942749,,0.3846153846153846,0.027574658393859863,0.22222222222222227,0.016589879989624023,0.0385594367980957,0.04242393374443054,0.3807692307692308,0.030367493629455566,0.05448037385940552,1,0.021500766277313232,0.021500766277313232,0.021500766277313232,0.3571428571428571,,0.021500766277313232,,0.3571428571428571,0.016277313232421875,0.20384615384615384,0.015600800514221191,0.01695382595062256,0.02521875500679016,0.35064935064935066,0.023400485515594482,0.02703702449798584
78255,premise,2,entailment | neutral,1,0.00785517692565918,0.00785517692565918,0.00785517692565918,0.2142857142857143,,0.00785517692565918,,0.2142857142857143,0.005146771669387817,0.18406593406593408,0.0020635128021240234,0.008230030536651611,0.01644834876060486,0.30952380952380953,0.014716923236846924,0.018179774284362793,1,0.0077152252197265625,0.0077152252197265625,0.0077152252197265625,0.16666666666666663,,0.0077152252197265625,,0.16666666666666663,0.005463898181915283,0.14215686274509803,0.0014930963516235352,0.009434700012207031,0.010332286357879639,0.18859649122807015,0.009348273277282715,0.011316299438476562
102411,hypothesis,2,neutral | entailment,1,0.0236891508102417,0.0236891508102417,0.0236891508102417,0.2857142857142857,,0.0236891508102417,,0.2857142857142857,0.010043561458587646,0.22619047619047616,0.007480144500732422,0.012606978416442871,0.1649456024169922,0.35384615384615387,0.1640477180480957,0.16584348678588867,1,0.015657126903533936,0.015657126903533936,0.015657126903533936,0.16666666666666663,,0.015657126903533936,,0.16666666666666663,0.007078826427459717,0.14215686274509803,0.004953622817993164,0.00920403003692627,0.09990236163139343,0.18859649122807015,0.09987151622772217,0.0999332070350647
16873,hypothesis,2,entailment | neutral,1,0.07537263631820679,0.07537263631820679,0.07537263631820679,0.19999999999999996,,0.07537263631820679,,0.19999999999999996,0.03562697768211365,0.11111111111111116,0.028969764709472656,0.04228419065475464,0.21667161583900452,0.30000000000000004,0.19703418016433716,0.23630905151367188,1,0.02023547887802124,0.02023547887802124,0.02023547887802124,0.09090909090909094,,0.02023547887802124,,0.09090909090909094,0.009376496076583862,0.04545454545454547,0.004047691822052002,0.014705300331115723,0.09735789895057678,0.12878787878787878,0.09019529819488525,0.10452049970626831
86_c,hypothesis,2,entailment | neutral,1,0.07082641124725342,0.07082641124725342,0.07082641124725342,0.30000000000000004,,0.07082641124725342,,0.30000000000000004,0.035717934370040894,0.2611111111111111,0.0227738618850708,0.048662006855010986,0.27872273325920105,0.4272727272727273,0.2696782946586609,0.2877671718597412,1,0.02835249900817871,0.02835249900817871,0.02835249900817871,0.15000000000000002,,0.02835249900817871,,0.15000000000000002,0.013197064399719238,0.08040935672514621,0.007481694221496582,0.018912434577941895,0.05490577220916748,0.12763157894736843,0.05084359645843506,0.0589679479598999
71_c,premise,2,entailment | neutral,1,0.254827082157135,0.254827082157135,0.254827082157135,0.5,,0.254827082157135,,0.5,0.12026268243789673,0.3875,0.03737407922744751,0.20315128564834595,0.17470797896385193,0.5505050505050505,0.09871882200241089,0.25069713592529297,1,0.2106303572654724,0.2106303572654724,0.2106303572654724,0.33333333333333337,,0.2106303572654724,,0.33333333333333337,0.09476035833358765,0.26666666666666666,0.033878862857818604,0.1556418538093567,0.11206948757171631,0.32867132867132864,0.05505800247192383,0.1690809726715088
50_c,premise,2,contradiction | neutral,1,0.061306655406951904,0.061306655406951904,0.061306655406951904,0.2727272727272727,,0.061306655406951904,,0.2727272727272727,0.039015352725982666,0.15555555555555556,0.021252870559692383,0.05677783489227295,0.22625023126602173,0.33181818181818185,0.2105497121810913,0.24195075035095215,1,0.04132002592086792,0.04132002592086792,0.04132002592086792,0.1428571428571429,,0.04132002592086792,,0.1428571428571429,0.02368009090423584,0.07142857142857145,0.010527968406677246,0.036832213401794434,0.18311575055122375,0.2102564102564103,0.1719268560409546,0.19430464506149292
122_c,premise,2,entailment | neutral,1,0.029595613479614258,0.029595613479614258,0.029595613479614258,0.3076923076923077,,0.029595613479614258,,0.3076923076923077,0.015467643737792969,0.24475524475524474,0.012715399265289307,0.01821988821029663,0.09094661474227905,0.24475524475524474,0.08861732482910156,0.09327590465545654,1,0.020085155963897705,0.020085155963897705,0.020085155963897705,0.2857142857142857,,0.020085155963897705,,0.2857142857142857,0.010887205600738525,0.22619047619047616,0.007697045803070068,0.014077365398406982,0.03579786419868469,0.22619047619047616,0.03504025936126709,0.036555469036102295
34881,both,4,contradiction | neutral | entailment | entailment,6,0.018879443407058716,0.0012319087982177734,0.029934346675872803,0.15163398692810456,0.0012319087982177734,0.022408950328826904,0.05555555555555558,0.17084967320261438,0.017523854970932007,0.17945845004668534,0.01438814401626587,0.021278679370880127,0.24311184883117676,0.27214589783281734,0.23804765939712524,0.24762552976608276,6,0.018879443407058716,0.0012319087982177734,0.029934346675872803,0.15163398692810456,0.0012319087982177734,0.022408950328826904,0.05555555555555558,0.17084967320261438,0.017523854970932007,0.17945845004668534,0.01438814401626587,0.021278679370880127,0.24311184883117676,0.27214589783281734,0.23804765939712524,0.24762552976608276
85445,premise,2,neutral | entailment,1,0.013941407203674316,0.013941407203674316,0.013941407203674316,0.4,,0.013941407203674316,,0.4,0.02206289768218994,0.33333333333333337,0.02037036418914795,0.023755431175231934,0.3492898941040039,0.46153846153846156,0.34430110454559326,0.35427868366241455,1,0.011174559593200684,0.011174559593200684,0.011174559593200684,0.3125,,0.011174559593200684,,0.3125,0.018017232418060303,0.2582417582417582,0.015170812606811523,0.020863652229309082,0.14390307664871216,0.30952380952380953,0.14354419708251953,0.14426195621490479
37924,hypothesis,2,neutral | contradiction,1,0.045009493827819824,0.045009493827819824,0.045009493827819824,0.4,,0.045009493827819824,,0.4,0.028464525938034058,0.25,0.02166646718978882,0.0352625846862793,0.41159123182296753,0.6,0.3946651220321655,0.42851734161376953,1,0.01923435926437378,0.01923435926437378,0.01923435926437378,0.19999999999999996,,0.01923435926437378,,0.19999999999999996,0.011128902435302734,0.11111111111111116,0.009650111198425293,0.012607693672180176,0.16017135977745056,0.19999999999999996,0.16015958786010742,0.1601831316947937
6351,premise,2,neutral | entailment,1,0.010586738586425781,0.010586738586425781,0.010586738586425781,0.19999999999999996,,0.010586738586425781,,0.19999999999999996,0.006223618984222412,0.11111111111111116,0.005847811698913574,0.00659942626953125,0.2599475085735321,0.30000000000000004,0.25886422395706177,0.26103079319000244,1,0.006281673908233643,0.006281673908233643,0.006281673908233643,0.16666666666666663,,0.006281673908233643,,0.16666666666666663,0.00380513072013855,0.09090909090909094,0.003679990768432617,0.003930270671844482,0.12644964456558228,0.16666666666666663,0.12584400177001953,0.12705528736114502
1_c,premise,2,neutral | entailment,1,0.026676833629608154,0.026676833629608154,0.026676833629608154,0.18181818181818177,,0.026676833629608154,,0.18181818181818177,0.017277181148529053,0.09999999999999998,0.0068187713623046875,0.027735590934753418,0.1720868945121765,0.2727272727272727,0.16073012351989746,0.18344366550445557,1,0.022120416164398193,0.022120416164398193,0.022120416164398193,0.08333333333333337,,0.022120416164398193,,0.08333333333333337,0.012801140546798706,0.041666666666666685,0.005461513996124268,0.020140767097473145,0.13539230823516846,0.19871794871794868,0.12742769718170166,0.14335691928863525
85462,premise,2,entailment | neutral,1,0.03475189208984375,0.03475189208984375,0.03475189208984375,0.25,,0.03475189208984375,,0.25,0.016414523124694824,0.13571428571428568,0.0036587119102478027,0.029170334339141846,0.02611050009727478,0.25625,0.016429245471954346,0.035791754722595215,1,0.011509478092193604,0.011509478092193604,0.011509478092193604,0.19999999999999996,,0.011509478092193604,,0.19999999999999996,0.005815982818603516,0.10672514619883045,0.0018970966339111328,0.009734869003295898,0.00998777151107788,0.20394736842105265,0.007054924964904785,0.012920618057250977
64473,premise,2,entailment | neutral,1,0.11858701705932617,0.11858701705932617,0.11858701705932617,0.5714285714285714,,0.11858701705932617,,0.5714285714285714,0.12054690718650818,0.5357142857142857,0.10592395067214966,0.1351698637008667,0.2571856379508972,0.7083333333333334,0.23929178714752197,0.27507948875427246,1,0.09698551893234253,0.09698551893234253,0.09698551893234253,0.5,,0.09698551893234253,,0.5,0.10296005010604858,0.4722222222222222,0.10013675689697266,0.10578334331512451,0.16033688187599182,0.5277777777777778,0.15496045351028442,0.16571331024169922
127_c,premise,2,entailment | neutral,1,0.045047760009765625,0.045047760009765625,0.045047760009765625,0.16666666666666663,,0.045047760009765625,,0.16666666666666663,0.08817654848098755,0.25,0.08433544635772705,0.09201765060424805,0.22019508481025696,0.3846153846153846,0.206504225730896,0.23388594388961792,1,0.020621836185455322,0.020621836185455322,0.020621836185455322,0.1428571428571429,,0.020621836185455322,,0.1428571428571429,0.04374295473098755,0.15384615384615385,0.04228973388671875,0.04519617557525635,0.11124634742736816,0.2857142857142857,0.10599207878112793,0.1165006160736084
65375,hypothesis,2,entailment | contradiction,1,0.07352715730667114,0.07352715730667114,0.07352715730667114,0.2222222222222222,,0.07352715730667114,,0.2222222222222222,0.037492990493774414,0.2222222222222222,0.03355371952056885,0.04143226146697998,0.24261006712913513,0.4,0.23756974935531616,0.2476503849029541,1,0.03914564847946167,0.03914564847946167,0.03914564847946167,0.15384615384615385,,0.03914564847946167,,0.15384615384615385,0.019384443759918213,0.15384615384615385,0.015909433364868164,0.02285945415496826,0.06195497512817383,0.2142857142857143,0.058703064918518066,0.06520688533782959
100478,premise,2,neutral | contradiction,1,0.13890689611434937,0.13890689611434937,0.13890689611434937,0.5555555555555556,,0.13890689611434937,,0.5555555555555556,0.07097148895263672,0.3125,0.03473043441772461,0.10721254348754883,0.10877776145935059,0.3888888888888889,0.0754237174987793,0.14213180541992188,1,0.05090528726577759,0.05090528726577759,0.05090528726577759,0.5,,0.05090528726577759,,0.5,0.024721473455429077,0.2777777777777778,0.012086629867553711,0.03735631704330444,0.03618955612182617,0.35,0.026623845100402832,0.04575526714324951
101753,premise,2,neutral | entailment,1,0.006394565105438232,0.006394565105438232,0.006394565105438232,0.16666666666666663,,0.006394565105438232,,0.16666666666666663,0.005206257104873657,0.16666666666666663,0.002897977828979492,0.007514536380767822,0.08245718479156494,0.3076923076923077,0.08205461502075195,0.08285975456237793,1,0.004125118255615234,0.004125118255615234,0.004125118255615234,0.15384615384615385,,0.004125118255615234,,0.15384615384615385,0.004141569137573242,0.15384615384615385,0.0022640228271484375,0.006019115447998047,0.023739874362945557,0.2142857142857143,0.02329462766647339,0.024185121059417725
69_c,premise,2,neutral | entailment,1,0.00759047269821167,0.00759047269821167,0.00759047269821167,0.09999999999999998,,0.00759047269821167,,0.09999999999999998,0.005758881568908691,0.04999999999999999,0.004678010940551758,0.006839752197265625,0.09196627140045166,0.23636363636363633,0.0919223427772522,0.09201020002365112,1,0.004653453826904297,0.004653453826904297,0.004653453826904297,0.09090909090909094,,0.004653453826904297,,0.09090909090909094,0.0028555989265441895,0.04545454545454547,0.0028551816940307617,0.002856016159057617,0.06084516644477844,0.12878787878787878,0.0606536865234375,0.061036646366119385
129_c,premise,2,neutral | entailment,1,0.0052683353424072266,0.0052683353424072266,0.0052683353424072266,0.0,,0.0052683353424072266,,0.0,0.007874667644500732,0.0,0.0052378177642822266,0.010511517524719238,0.0977303683757782,0.25,0.09576630592346191,0.09969443082809448,1,0.0024204254150390625,0.0024204254150390625,0.0024204254150390625,0.0,,0.0024204254150390625,,0.0,0.004262000322341919,0.0,0.0026921629905700684,0.0058318376541137695,0.0804007351398468,0.11111111111111116,0.0789562463760376,0.081845223903656
10_c,premise,2,entailment | neutral,1,0.0995863676071167,0.0995863676071167,0.0995863676071167,0.44999999999999996,,0.0995863676071167,,0.44999999999999996,0.04991644620895386,0.3055555555555555,0.03353714942932129,0.06629574298858643,0.1279579997062683,0.3523391812865497,0.10927450656890869,0.14664149284362793,1,0.048200905323028564,0.048200905323028564,0.048200905323028564,0.33333333333333337,,0.048200905323028564,,0.33333333333333337,0.02272626757621765,0.22727272727272724,0.020510494709014893,0.02494204044342041,0.09898480772972107,0.2608695652173913,0.09663844108581543,0.10133117437362671
3_c,premise,3,neutral | entailment | contradiction,3,0.11178032557169597,0.09994465112686157,0.11797761917114258,0.36752136752136755,,0.11178032557169597,,0.36752136752136755,0.12029900401830673,0.25252525252525254,0.07748442888259888,0.15867841243743896,0.42387357354164124,0.391025641025641,0.37459123134613037,0.46315085887908936,3,0.05140155553817749,0.04299277067184448,0.060194432735443115,0.3406593406593406,,0.05140155553817749,,0.3406593406593406,0.053703468292951584,0.23290598290598294,0.02552032470703125,0.0683584213256836,0.1857677698135376,0.28937728937728935,0.16021013259887695,0.20005452632904053
113_c,premise,2,neutral | contradiction,1,0.010863125324249268,0.010863125324249268,0.010863125324249268,0.19999999999999996,,0.010863125324249268,,0.19999999999999996,0.013612598180770874,0.19191919191919193,0.00731426477432251,0.01991093158721924,0.12558269500732422,0.35833333333333334,0.12221348285675049,0.12895190715789795,1,0.006858706474304199,0.006858706474304199,0.006858706474304199,0.1428571428571429,,0.006858706474304199,,0.1428571428571429,0.008199483156204224,0.1384615384615384,0.004239499568939209,0.012159466743469238,0.07137680053710938,0.26339285714285715,0.06881892681121826,0.07393467426300049
19099,hypothesis,2,entailment | neutral,1,0.02606034278869629,0.02606034278869629,0.02606034278869629,0.18181818181818177,,0.02606034278869629,,0.18181818181818177,0.02741411328315735,0.09999999999999998,0.020083129405975342,0.034745097160339355,0.4956069886684418,0.2727272727272727,0.4914565086364746,0.49975746870040894,1,0.02872443199157715,0.02872443199157715,0.02872443199157715,0.10526315789473684,,0.02872443199157715,,0.10526315789473684,0.02777254581451416,0.05555555555555558,0.02201896905899048,0.03352612257003784,0.30717188119888306,0.10526315789473684,0.30395984649658203,0.3103839159011841
18_c,hypothesis,2,entailment | neutral,1,0.010832071304321289,0.010832071304321289,0.010832071304321289,0.0,,0.010832071304321289,,0.0,0.014488160610198975,0.0,0.012236714363098145,0.016739606857299805,0.2632195055484772,0.19999999999999996,0.2550503611564636,0.2713886499404907,1,0.004729926586151123,0.004729926586151123,0.004729926586151123,0.0,,0.004729926586151123,,0.0,0.005035966634750366,0.0,0.00435560941696167,0.0057163238525390625,0.07483229041099548,0.05882352941176472,0.07364368438720703,0.07602089643478394
74761,premise,2,neutral | contradiction,1,0.26325011253356934,0.26325011253356934,0.26325011253356934,0.5454545454545454,,0.26325011253356934,,0.5454545454545454,0.16395261883735657,0.3333333333333333,0.138116717338562,0.18978852033615112,0.27521637082099915,0.5324675324675325,0.2674563527107239,0.2829763889312744,1,0.2423955202102661,0.2423955202102661,0.2423955202102661,0.5,,0.2423955202102661,,0.5,0.14282944798469543,0.29870129870129875,0.12739455699920654,0.15826433897018433,0.2041148543357849,0.375,0.19482958316802979,0.21340012550354004
94196,hypothesis,2,entailment | contradiction,1,0.02239924669265747,0.02239924669265747,0.02239924669265747,0.3076923076923077,,0.02239924669265747,,0.3076923076923077,0.018886595964431763,0.175,0.017972171306610107,0.019801020622253418,0.10992687940597534,0.32867132867132864,0.10981488227844238,0.1100388765335083,1,0.015336334705352783,0.015336334705352783,0.015336334705352783,0.2142857142857143,,0.015336334705352783,,0.2142857142857143,0.013080745935440063,0.11858974358974361,0.01240319013595581,0.013758301734924316,0.08316361904144287,0.18406593406593408,0.08240026235580444,0.0839269757270813
98062,premise,2,entailment | neutral,1,0.009860694408416748,0.009860694408416748,0.009860694408416748,0.11111111111111116,,0.009860694408416748,,0.11111111111111116,0.008034825325012207,0.11111111111111116,0.002909541130065918,0.013160109519958496,0.016105711460113525,0.21052631578947367,0.011211156845092773,0.021000266075134277,1,0.004556536674499512,0.004556536674499512,0.004556536674499512,0.10526315789473684,,0.004556536674499512,,0.10526315789473684,0.003405272960662842,0.10526315789473684,0.0014656782150268555,0.005344867706298828,0.009002625942230225,0.19999999999999996,0.006405353546142578,0.011599898338317871
56366,premise,2,contradiction | entailment,1,0.08323049545288086,0.08323049545288086,0.08323049545288086,0.5714285714285714,,0.08323049545288086,,0.5714285714285714,0.04759478569030762,0.2976190476190476,0.030435621738433838,0.0647539496421814,0.4659688174724579,0.39285714285714285,0.4483599066734314,0.4835777282714844,1,0.04045569896697998,0.04045569896697998,0.04045569896697998,0.5,,0.04045569896697998,,0.5,0.01861363649368286,0.25892857142857145,0.00964963436126709,0.027577638626098633,0.3104664385318756,0.3472222222222222,0.29346764087677,0.3274652361869812
40091,premise,2,entailment | neutral,1,0.005793869495391846,0.005793869495391846,0.005793869495391846,0.11764705882352944,,0.005793869495391846,,0.11764705882352944,0.004143774509429932,0.11764705882352944,0.004118680953979492,0.004168868064880371,0.0817299485206604,0.2222222222222222,0.07792007923126221,0.0855398178100586,1,0.0029791593551635742,0.0029791593551635742,0.0029791593551635742,0.09090909090909094,,0.0029791593551635742,,0.09090909090909094,0.002338021993637085,0.09090909090909094,0.002296268939971924,0.002379775047302246,0.056923627853393555,0.17391304347826086,0.05548661947250366,0.05836063623428345
82431,premise,2,contradiction | neutral,1,0.06640726327896118,0.06640726327896118,0.06640726327896118,0.5,,0.06640726327896118,,0.5,0.03132057189941406,0.3068181818181818,0.016810238361358643,0.04583090543746948,0.31377583742141724,0.4722222222222222,0.3059813976287842,0.3215702772140503,1,0.04414564371109009,0.04414564371109009,0.04414564371109009,0.4285714285714286,,0.04414564371109009,,0.4285714285714286,0.022255301475524902,0.25384615384615383,0.014416098594665527,0.030094504356384277,0.1597667932510376,0.3149350649350649,0.15582984685897827,0.16370373964309692
36529,hypothesis,2,entailment | neutral,1,0.2536596655845642,0.2536596655845642,0.2536596655845642,0.5,,0.2536596655845642,,0.5,0.16677123308181763,0.45,0.13878047466278076,0.1947619915008545,0.41513508558273315,0.5357142857142857,0.4132497310638428,0.41702044010162354,1,0.08166778087615967,0.08166778087615967,0.08166778087615967,0.375,,0.08166778087615967,,0.375,0.05520114302635193,0.33035714285714285,0.054383695125579834,0.05601859092712402,0.27926623821258545,0.4097222222222222,0.26904428005218506,0.28948819637298584
84418,hypothesis,2,entailment | neutral,1,0.12564563751220703,0.12564563751220703,0.12564563751220703,0.375,,0.12564563751220703,,0.375,0.06775212287902832,0.22619047619047616,0.06202065944671631,0.07348358631134033,0.28485140204429626,0.4642857142857143,0.28441399335861206,0.28528881072998047,1,0.05712026357650757,0.05712026357650757,0.05712026357650757,0.16666666666666663,,0.05712026357650757,,0.16666666666666663,0.02802160382270813,0.09090909090909094,0.010826170444488525,0.045217037200927734,0.13803845643997192,0.16666666666666663,0.12470519542694092,0.15137171745300293
99_c,premise,2,neutral | contradiction,1,0.03703951835632324,0.03703951835632324,0.03703951835632324,0.2857142857142857,,0.03703951835632324,,0.2857142857142857,0.017268836498260498,0.14285714285714285,0.016317367553710938,0.01822030544281006,0.31639426946640015,0.39285714285714285,0.29711341857910156,0.33567512035369873,1,0.012668192386627197,0.012668192386627197,0.012668192386627197,0.2222222222222222,,0.012668192386627197,,0.2222222222222222,0.007034569978713989,0.1111111111111111,0.006308019161224365,0.007761120796203613,0.10568186640739441,0.2055555555555556,0.1019544005393982,0.10940933227539062
54883,premise,2,neutral | entailment,1,0.11510741710662842,0.11510741710662842,0.11510741710662842,0.2727272727272727,,0.11510741710662842,,0.2727272727272727,0.05935654044151306,0.23636363636363633,0.03337717056274414,0.08533591032028198,0.08692368865013123,0.39015151515151514,0.062129318714141846,0.1117180585861206,1,0.04889482259750366,0.04889482259750366,0.04889482259750366,0.2142857142857143,,0.04889482259750366,,0.2142857142857143,0.028372913599014282,0.11858974358974361,0.023871243000030518,0.03287458419799805,0.03594475984573364,0.18406593406593408,0.03143644332885742,0.04045307636260986
31825,premise,2,entailment | neutral,1,0.0023816823959350586,0.0023816823959350586,0.0023816823959350586,0.16666666666666663,,0.0023816823959350586,,0.16666666666666663,0.00176316499710083,0.09090909090909094,0.0016238689422607422,0.001902461051940918,0.1190628707408905,0.25,0.11799532175064087,0.12013041973114014,1,0.0011928081512451172,0.0011928081512451172,0.0011928081512451172,0.1428571428571429,,0.0011928081512451172,,0.1428571428571429,0.0011822879314422607,0.07692307692307687,0.0010942816734313965,0.001270294189453125,0.06439146399497986,0.2142857142857143,0.06419551372528076,0.06458741426467896
36_c,hypothesis,2,neutral | entailment,1,0.028732717037200928,0.028732717037200928,0.028732717037200928,0.3846153846153846,,0.028732717037200928,,0.3846153846153846,0.017441242933273315,0.23636363636363633,0.007939159870147705,0.026943325996398926,0.13013529777526855,0.39015151515151514,0.11703598499298096,0.14323461055755615,1,0.02498316764831543,0.02498316764831543,0.02498316764831543,0.3125,,0.02498316764831543,,0.3125,0.014003515243530273,0.18406593406593408,0.005092620849609375,0.022914409637451172,0.06469351053237915,0.2404761904761905,0.05120491981506348,0.07818210124969482
30723,premise,2,contradiction | neutral,1,0.02324575185775757,0.02324575185775757,0.02324575185775757,0.19999999999999996,,0.02324575185775757,,0.19999999999999996,0.01273435354232788,0.11111111111111116,0.003579258918762207,0.021889448165893555,0.21381735801696777,0.30000000000000004,0.20406407117843628,0.22357064485549927,1,0.011185109615325928,0.011185109615325928,0.011185109615325928,0.15384615384615385,,0.011185109615325928,,0.15384615384615385,0.006486952304840088,0.08333333333333337,0.0019685029983520508,0.011005401611328125,0.08123499155044556,0.15384615384615385,0.07684719562530518,0.08562278747558594
14603,premise,2,neutral | contradiction,1,0.012570679187774658,0.012570679187774658,0.012570679187774658,0.16666666666666663,,0.012570679187774658,,0.16666666666666663,0.02641582489013672,0.36363636363636365,0.021884441375732422,0.030947208404541016,0.19468212127685547,0.5,0.18644678592681885,0.2029174566268921,1,0.004282951354980469,0.004282951354980469,0.004282951354980469,0.11111111111111116,,0.004282951354980469,,0.11111111111111116,0.008905470371246338,0.23529411764705888,0.006220340728759766,0.01159060001373291,0.09123179316520691,0.33333333333333337,0.08825892210006714,0.09420466423034668
52_c,premise,2,entailment | neutral,1,0.04790210723876953,0.04790210723876953,0.04790210723876953,0.46153846153846156,,0.04790210723876953,,0.46153846153846156,0.02470541000366211,0.35833333333333334,0.020993053913116455,0.028417766094207764,0.1886705756187439,0.4356060606060606,0.17841237783432007,0.19892877340316772,1,0.02423185110092163,0.02423185110092163,0.02423185110092163,0.19999999999999996,,0.02423185110092163,,0.19999999999999996,0.011553645133972168,0.10238095238095235,0.01088404655456543,0.012223243713378906,0.13547155261039734,0.1607142857142857,0.13182199001312256,0.13912111520767212
6788,hypothesis,2,contradiction | entailment,1,0.018902897834777832,0.018902897834777832,0.018902897834777832,0.15384615384615385,,0.018902897834777832,,0.15384615384615385,0.013853520154953003,0.08333333333333337,0.006432056427001953,0.021274983882904053,0.028298020362854004,0.23076923076923073,0.022243976593017578,0.03435206413269043,1,0.004153311252593994,0.004153311252593994,0.004153311252593994,0.1333333333333333,,0.004153311252593994,,0.1333333333333333,0.003395587205886841,0.0714285714285714,0.0025954246520996094,0.004195749759674072,0.012101352214813232,0.1333333333333333,0.011914312839508057,0.012288391590118408
45090,premise,2,neutral | contradiction,1,0.06329160928726196,0.06329160928726196,0.06329160928726196,0.3913043478260869,,0.06329160928726196,,0.3913043478260869,0.0331425666809082,0.24269005847953218,0.019336462020874023,0.04694867134094238,0.08833026885986328,0.33289473684210524,0.07335209846496582,0.10330843925476074,1,0.030962824821472168,0.030962824821472168,0.030962824821472168,0.375,,0.030962824821472168,,0.375,0.02195802330970764,0.23026315789473684,0.018349647521972656,0.025566399097442627,0.043505072593688965,0.26785714285714285,0.035231947898864746,0.051778197288513184
107_c,hypothesis,2,contradiction | entailment,1,0.03069448471069336,0.03069448471069336,0.03069448471069336,0.30000000000000004,,0.03069448471069336,,0.30000000000000004,0.024459928274154663,0.2611111111111111,0.023545682430267334,0.025374174118041992,0.04170796275138855,0.2611111111111111,0.03555113077163696,0.04786479473114014,1,0.008182942867279053,0.008182942867279053,0.008182942867279053,0.2142857142857143,,0.008182942867279053,,0.2142857142857143,0.006427586078643799,0.18406593406593408,0.006026268005371094,0.006828904151916504,0.009999722242355347,0.18406593406593408,0.00929349660873413,0.010705947875976562
134_c,hypothesis,2,neutral | entailment,1,0.11408311128616333,0.11408311128616333,0.11408311128616333,0.33333333333333337,,0.11408311128616333,,0.33333333333333337,0.07003578543663025,0.2916666666666667,0.042088091373443604,0.0979834794998169,0.11761096119880676,0.4722222222222222,0.09082776308059692,0.1443941593170166,1,0.014425277709960938,0.014425277709960938,0.014425277709960938,0.15000000000000002,,0.014425277709960938,,0.15000000000000002,0.008179992437362671,0.12763157894736843,0.004206717014312744,0.012153267860412598,0.016915202140808105,0.17023809523809524,0.013303637504577637,0.020526766777038574
82735,hypothesis,2,entailment | neutral,1,0.059497714042663574,0.059497714042663574,0.059497714042663574,0.25,,0.059497714042663574,,0.25,0.027300864458084106,0.1428571428571429,0.0245857834815979,0.030015945434570312,0.10353550314903259,0.375,0.1031179428100586,0.10395306348800659,1,0.009972751140594482,0.009972751140594482,0.009972751140594482,0.07692307692307687,,0.009972751140594482,,0.07692307692307687,0.0044429004192352295,0.038461538461538436,0.002186894416809082,0.006698906421661377,0.028478264808654785,0.10989010989010989,0.025612354278564453,0.03134417533874512
36637,premise,2,entailment | neutral,1,0.053209543228149414,0.053209543228149414,0.053209543228149414,0.4285714285714286,,0.053209543228149414,,0.4285714285714286,0.026848584413528442,0.23846153846153845,0.012901663780212402,0.04079550504684448,0.11267954111099243,0.34523809523809523,0.11017739772796631,0.11518168449401855,1,0.037855565547943115,0.037855565547943115,0.037855565547943115,0.375,,0.037855565547943115,,0.375,0.01653873920440674,0.20516304347826086,0.008782148361206055,0.024295330047607422,0.07189449667930603,0.24632352941176472,0.0695180892944336,0.07427090406417847
32270,hypothesis,2,contradiction | neutral,1,0.022206008434295654,0.022206008434295654,0.022206008434295654,0.2857142857142857,,0.022206008434295654,,0.2857142857142857,0.01293092966079712,0.16666666666666663,0.010576367378234863,0.015285491943359375,0.20159652829170227,0.4285714285714286,0.1950770616531372,0.20811599493026733,1,0.00715327262878418,0.00715327262878418,0.00715327262878418,0.15384615384615385,,0.00715327262878418,,0.15384615384615385,0.0047686100006103516,0.08333333333333337,0.0034754276275634766,0.0060617923736572266,0.07695743441581726,0.23076923076923073,0.07567739486694336,0.07823747396469116
8636,premise,2,neutral | entailment,1,0.11598366498947144,0.11598366498947144,0.11598366498947144,0.33333333333333337,,0.11598366498947144,,0.33333333333333337,0.06169036030769348,0.1833333333333333,0.04355061054229736,0.0798301100730896,0.09106916189193726,0.2517482517482517,0.0701751708984375,0.11196315288543701,1,0.0642966628074646,0.0642966628074646,0.0642966628074646,0.2857142857142857,,0.0642966628074646,,0.2857142857142857,0.03629377484321594,0.15476190476190477,0.027311980724334717,0.04527556896209717,0.051510632038116455,0.21538461538461534,0.0405120849609375,0.06250917911529541
43557,premise,2,neutral | contradiction,1,0.023677945137023926,0.023677945137023926,0.023677945137023926,0.36363636363636365,,0.023677945137023926,,0.36363636363636365,0.022680044174194336,0.325,0.011679410934448242,0.03368067741394043,0.2789483070373535,0.4949494949494949,0.26978087425231934,0.2881157398223877,1,0.009180128574371338,0.009180128574371338,0.009180128574371338,0.3076923076923077,,0.009180128574371338,,0.3076923076923077,0.008831650018692017,0.26666666666666666,0.005516648292541504,0.01214665174484253,0.1755506694316864,0.4125874125874126,0.17353594303131104,0.17756539583206177
89921,premise,2,entailment | neutral,1,0.17483246326446533,0.17483246326446533,0.17483246326446533,0.5625,,0.17483246326446533,,0.5625,0.12230372428894043,0.375,0.09747195243835449,0.14713549613952637,0.12750688195228577,0.4230769230769231,0.1067458987236023,0.14826786518096924,1,0.06531953811645508,0.06531953811645508,0.06531953811645508,0.3529411764705882,,0.06531953811645508,,0.3529411764705882,0.03744050860404968,0.19471153846153844,0.02030843496322632,0.05457258224487305,0.040074318647384644,0.24789915966386555,0.022710442543029785,0.0574381947517395
74447,hypothesis,2,entailment | neutral,1,0.1318371295928955,0.1318371295928955,0.1318371295928955,0.2857142857142857,,0.1318371295928955,,0.2857142857142857,0.06490522623062134,0.16666666666666663,0.02454531192779541,0.10526514053344727,0.40850672125816345,0.4285714285714286,0.3814857006072998,0.4355277419090271,1,0.010978758335113525,0.010978758335113525,0.010978758335113525,0.15384615384615385,,0.010978758335113525,,0.15384615384615385,0.00724184513092041,0.08333333333333337,0.005454301834106445,0.009029388427734375,0.23652532696723938,0.15384615384615385,0.23395222425460815,0.2390984296798706
36760,premise,2,contradiction | neutral,1,0.0765688419342041,0.0765688419342041,0.0765688419342041,0.3076923076923077,,0.0765688419342041,,0.3076923076923077,0.04527294635772705,0.24475524475524474,0.043008267879486084,0.04753762483596802,0.35505807399749756,0.380952380952381,0.3466761112213135,0.36344003677368164,1,0.04687553644180298,0.04687553644180298,0.04687553644180298,0.2666666666666667,,0.04687553644180298,,0.2666666666666667,0.028803110122680664,0.2102564102564103,0.027942299842834473,0.029663920402526855,0.12945258617401123,0.26339285714285715,0.12802451848983765,0.13088065385818481
81844,premise,2,entailment | neutral,1,0.005048632621765137,0.005048632621765137,0.005048632621765137,0.15384615384615385,,0.005048632621765137,,0.15384615384615385,0.0035435259342193604,0.15384615384615385,0.0014456510543823242,0.0056414008140563965,0.07693973183631897,0.2857142857142857,0.07412940263748169,0.07975006103515625,1,0.003874480724334717,0.003874480724334717,0.003874480724334717,0.1428571428571429,,0.003874480724334717,,0.1428571428571429,0.0020413100719451904,0.1428571428571429,0.0008094310760498047,0.003273189067840576,0.038554102182388306,0.19999999999999996,0.03685182332992554,0.040256381034851074
48066,premise,2,neutral | entailment,1,0.01098167896270752,0.01098167896270752,0.01098167896270752,0.16666666666666663,,0.01098167896270752,,0.16666666666666663,0.007495254278182983,0.16083916083916083,0.005489647388458252,0.009500861167907715,0.10547187924385071,0.30357142857142855,0.10346567630767822,0.1074780821800232,1,0.008927702903747559,0.008927702903747559,0.008927702903747559,0.15384615384615385,,0.008927702903747559,,0.15384615384615385,0.00536191463470459,0.14880952380952384,0.002857804298400879,0.0078660249710083,0.04293295741081238,0.2102564102564103,0.04118335247039795,0.04468256235122681
25971,premise,2,neutral | entailment,1,0.009666740894317627,0.009666740894317627,0.009666740894317627,0.16666666666666663,,0.009666740894317627,,0.16666666666666663,0.004927873611450195,0.16666666666666663,0.0025047659873962402,0.00735098123550415,0.4362001419067383,0.3076923076923077,0.4286757707595825,0.44372451305389404,1,0.007049083709716797,0.007049083709716797,0.007049083709716797,0.15384615384615385,,0.007049083709716797,,0.15384615384615385,0.0031649768352508545,0.15384615384615385,0.0017145276069641113,0.004615426063537598,0.2069508135318756,0.2142857142857143,0.20361965894699097,0.21028196811676025
93_c,hypothesis,2,neutral | entailment,1,0.04660654067993164,0.04660654067993164,0.04660654067993164,0.0,,0.04660654067993164,,0.0,0.030716121196746826,0.11111111111111116,0.024968266487121582,0.03646397590637207,0.3291879892349243,0.30000000000000004,0.28768277168273926,0.3706932067871094,1,0.005479753017425537,0.005479753017425537,0.005479753017425537,0.0,,0.005479753017425537,,0.0,0.009563595056533813,0.06666666666666665,0.009340882301330566,0.00978630781173706,0.11475834250450134,0.125,0.11133348941802979,0.1181831955909729
66_c,premise,2,neutral | entailment,1,0.014140844345092773,0.014140844345092773,0.014140844345092773,0.0,,0.014140844345092773,,0.0,0.008338481187820435,0.0,0.007726728916168213,0.008950233459472656,0.18656349182128906,0.33333333333333337,0.18227434158325195,0.19085264205932617,1,0.01871025562286377,0.01871025562286377,0.01871025562286377,0.0,,0.01871025562286377,,0.0,0.00996088981628418,0.0,0.005212247371673584,0.014709532260894775,0.11202794313430786,0.1428571428571429,0.10666179656982422,0.1173940896987915
51646,hypothesis,2,neutral | contradiction,1,0.11292767524719238,0.11292767524719238,0.11292767524719238,0.2727272727272727,,0.11292767524719238,,0.2727272727272727,0.05234333872795105,0.15555555555555556,0.01984649896621704,0.08484017848968506,0.17804232239723206,0.23636363636363633,0.14784705638885498,0.20823758840560913,1,0.01377260684967041,0.01377260684967041,0.01377260684967041,0.16666666666666663,,0.01377260684967041,,0.16666666666666663,0.006716728210449219,0.09007352941176472,0.0034227371215820312,0.010010719299316406,0.06671416759490967,0.14215686274509803,0.06386089324951172,0.06956744194030762
57730,hypothesis,2,neutral | contradiction,1,0.1583566665649414,0.1583566665649414,0.1583566665649414,0.5454545454545454,,0.1583566665649414,,0.5454545454545454,0.0773172676563263,0.3055555555555556,0.07620435953140259,0.07843017578125,0.2865450382232666,0.4681818181818182,0.2590574026107788,0.3140326738357544,1,0.06297731399536133,0.06297731399536133,0.06297731399536133,0.33333333333333337,,0.06297731399536133,,0.33333333333333337,0.026896417140960693,0.18636363636363634,0.025913894176483154,0.027878940105438232,0.08706772327423096,0.25757575757575757,0.08374464511871338,0.09039080142974854
85444,premise,2,contradiction | neutral,1,0.009465038776397705,0.009465038776397705,0.009465038776397705,0.18181818181818177,,0.009465038776397705,,0.18181818181818177,0.009315073490142822,0.09999999999999998,0.008105754852294922,0.010524392127990723,0.07963258028030396,0.2727272727272727,0.07631957530975342,0.08294558525085449,1,0.00458526611328125,0.00458526611328125,0.00458526611328125,0.15384615384615385,,0.00458526611328125,,0.15384615384615385,0.004803776741027832,0.08333333333333337,0.003039836883544922,0.006567716598510742,0.039617568254470825,0.15384615384615385,0.038572728633880615,0.040662407875061035
29_c,premise,2,entailment | contradiction,1,0.019382178783416748,0.019382178783416748,0.019382178783416748,0.2857142857142857,,0.019382178783416748,,0.2857142857142857,0.016721397638320923,0.16666666666666663,0.01616978645324707,0.017273008823394775,0.17663395404815674,0.4285714285714286,0.17483830451965332,0.17842960357666016,1,0.007052123546600342,0.007052123546600342,0.007052123546600342,0.11111111111111116,,0.007052123546600342,,0.11111111111111116,0.005093306303024292,0.05555555555555558,0.003533661365509033,0.006652951240539551,0.07095485925674438,0.15555555555555556,0.0704190731048584,0.07149064540863037
83_c,premise,2,contradiction | entailment,1,0.048991620540618896,0.048991620540618896,0.048991620540618896,0.41666666666666663,,0.048991620540618896,,0.41666666666666663,0.027600586414337158,0.2318181818181818,0.011502623558044434,0.04369854927062988,0.1455497145652771,0.3181818181818182,0.13434916734695435,0.15675026178359985,1,0.017292916774749756,0.017292916774749756,0.017292916774749756,0.23076923076923073,,0.017292916774749756,,0.23076923076923073,0.010895997285842896,0.12179487179487175,0.005409359931945801,0.01638263463973999,0.08039695024490356,0.19047619047619047,0.07619357109069824,0.08460032939910889
45809,both,4,entailment | contradiction | contradiction | neutral,6,0.03142402569452921,0.012416541576385498,0.06587827205657959,0.26623931623931624,0.012844085693359375,0.03514001369476318,0.19999999999999996,0.2794871794871795,0.03593720495700836,0.33666333666333664,0.02295064926147461,0.05857473611831665,0.3867730498313904,0.4542016806722689,0.36827361583709717,0.4106959104537964,6,0.03142402569452921,0.012416541576385498,0.06587827205657959,0.26623931623931624,0.012844085693359375,0.03514001369476318,0.19999999999999996,0.2794871794871795,0.03593720495700836,0.33666333666333664,0.02295064926147461,0.05857473611831665,0.3867730498313904,0.4542016806722689,0.36827361583709717,0.4106959104537964
73919,premise,2,contradiction | neutral,1,0.060201168060302734,0.060201168060302734,0.060201168060302734,0.3846153846153846,,0.060201168060302734,,0.3846153846153846,0.03556737303733826,0.22499999999999998,0.029901087284088135,0.04123365879058838,0.2026517391204834,0.3741258741258741,0.18225610256195068,0.2230473756790161,1,0.04464256763458252,0.04464256763458252,0.04464256763458252,0.2142857142857143,,0.04464256763458252,,0.2142857142857143,0.024673432111740112,0.11858974358974361,0.022907912731170654,0.02643895149230957,0.1604529619216919,0.18406593406593408,0.15329229831695557,0.16761362552642822
12854,premise,2,contradiction | entailment,1,0.09443962574005127,0.09443962574005127,0.09443962574005127,0.5454545454545454,,0.09443962574005127,,0.5454545454545454,0.07101300358772278,0.32142857142857145,0.02231919765472412,0.11970680952072144,0.39717069268226624,0.5056818181818181,0.3674744963645935,0.42686688899993896,1,0.05255478620529175,0.05255478620529175,0.05255478620529175,0.46153846153846156,,0.05255478620529175,,0.46153846153846156,0.040534257888793945,0.2638888888888889,0.014691472053527832,0.06637704372406006,0.11945727467536926,0.33076923076923076,0.10654449462890625,0.13237005472183228
14698,hypothesis,2,neutral | contradiction,1,0.21962970495224,0.21962970495224,0.21962970495224,0.6,,0.21962970495224,,0.6,0.15190356969833374,0.44285714285714284,0.12589144706726074,0.17791569232940674,0.15880534052848816,0.5056818181818181,0.13823533058166504,0.17937535047531128,1,0.16151392459869385,0.16151392459869385,0.16151392459869385,0.3571428571428571,,0.16151392459869385,,0.3571428571428571,0.11962676048278809,0.26948051948051943,0.11244499683380127,0.1268085241317749,0.12177413702011108,0.325,0.11854994297027588,0.12499833106994629
61198,hypothesis,2,contradiction | neutral,1,0.3090382218360901,0.3090382218360901,0.3090382218360901,0.33333333333333337,,0.3090382218360901,,0.33333333333333337,0.17543619871139526,0.33333333333333337,0.09842789173126221,0.2524445056915283,0.3563101887702942,0.33333333333333337,0.26775240898132324,0.44486796855926514,1,0.1861894726753235,0.1861894726753235,0.1861894726753235,0.25,,0.1861894726753235,,0.25,0.09760111570358276,0.25,0.05191636085510254,0.143285870552063,0.22790086269378662,0.25,0.18114811182022095,0.2746536135673523
118_c,premise,2,entailment | neutral,1,0.032612621784210205,0.032612621784210205,0.032612621784210205,0.4,,0.032612621784210205,,0.4,0.017720162868499756,0.22222222222222227,0.014085531234741211,0.0213547945022583,0.3761754631996155,0.4,0.3731082081794739,0.3792427182197571,1,0.014651119709014893,0.014651119709014893,0.014651119709014893,0.23076923076923073,,0.014651119709014893,,0.23076923076923073,0.008147209882736206,0.11538461538461536,0.006297171115875244,0.009997248649597168,0.21792250871658325,0.18131868131868129,0.21518105268478394,0.22066396474838257
103211,premise,2,entailment | neutral,1,0.15412026643753052,0.15412026643753052,0.15412026643753052,0.3571428571428571,,0.15412026643753052,,0.3571428571428571,0.08345121145248413,0.26190476190476186,0.02797091007232666,0.1389315128326416,0.4152100682258606,0.3871794871794872,0.40830302238464355,0.42211711406707764,1,0.09233361482620239,0.09233361482620239,0.09233361482620239,0.3125,,0.09233361482620239,,0.3125,0.04699522256851196,0.22767857142857145,0.016584277153015137,0.07740616798400879,0.2976321876049042,0.2764705882352941,0.29757988452911377,0.2976844906806946
36658,premise,2,entailment | neutral,1,0.01479572057723999,0.01479572057723999,0.01479572057723999,0.15384615384615385,,0.01479572057723999,,0.15384615384615385,0.007578611373901367,0.07692307692307693,0.006927490234375,0.008229732513427734,0.49921277165412903,0.22619047619047616,0.486350953578949,0.5120745897293091,1,0.008360683917999268,0.008360683917999268,0.008360683917999268,0.1428571428571429,,0.008360683917999268,,0.1428571428571429,0.007293701171875,0.07142857142857145,0.006392478942871094,0.008194923400878906,0.18640628457069397,0.1384615384615384,0.18365490436553955,0.1891576647758484
15383,hypothesis,2,entailment | contradiction,1,0.01929706335067749,0.01929706335067749,0.01929706335067749,0.2727272727272727,,0.01929706335067749,,0.2727272727272727,0.017322391271591187,0.2611111111111111,0.009504497051239014,0.02514028549194336,0.2525315284729004,0.4272727272727273,0.23762977123260498,0.2674332857131958,1,0.012359917163848877,0.012359917163848877,0.012359917163848877,0.16666666666666663,,0.012359917163848877,,0.16666666666666663,0.009207099676132202,0.175,0.006530046463012695,0.011884152889251709,0.0642634928226471,0.24475524475524474,0.060533881187438965,0.06799310445785522
11049,premise,2,neutral | contradiction,1,0.05719536542892456,0.05719536542892456,0.05719536542892456,0.2941176470588235,,0.05719536542892456,,0.2941176470588235,0.0387381911277771,0.16346153846153844,0.014658808708190918,0.06281757354736328,0.38786938786506653,0.28361344537815125,0.37386393547058105,0.401874840259552,1,0.027005434036254883,0.027005434036254883,0.027005434036254883,0.26315789473684215,,0.027005434036254883,,0.26315789473684215,0.015425801277160645,0.14444444444444443,0.011112689971923828,0.01973891258239746,0.1403634250164032,0.19407894736842107,0.13641375303268433,0.14431309700012207
75278,premise,2,entailment | neutral,1,0.2718351483345032,0.2718351483345032,0.2718351483345032,0.5,,0.2718351483345032,,0.5,0.21794092655181885,0.2847222222222222,0.21047449111938477,0.22540736198425293,0.4332515001296997,0.4666666666666667,0.4248526096343994,0.441650390625,1,0.062216341495513916,0.062216341495513916,0.062216341495513916,0.41666666666666663,,0.062216341495513916,,0.41666666666666663,0.05843406915664673,0.2318181818181818,0.04345118999481201,0.07341694831848145,0.11269727349281311,0.2992424242424242,0.09856051206588745,0.12683403491973877
24411,premise,2,neutral | entailment,1,0.03970444202423096,0.03970444202423096,0.03970444202423096,0.25,,0.03970444202423096,,0.25,0.023424893617630005,0.22916666666666669,0.022806882858276367,0.024042904376983643,0.06949681043624878,0.3111111111111111,0.06895571947097778,0.07003790140151978,1,0.05890935659408569,0.05890935659408569,0.05890935659408569,0.2222222222222222,,0.05890935659408569,,0.2222222222222222,0.030869007110595703,0.2055555555555556,0.025234460830688477,0.03650355339050293,0.04652711749076843,0.2818181818181818,0.04145550727844238,0.05159872770309448
6883,hypothesis,2,entailment | contradiction,1,0.018014609813690186,0.018014609813690186,0.018014609813690186,0.19999999999999996,,0.018014609813690186,,0.19999999999999996,0.01328885555267334,0.11111111111111116,0.011500954627990723,0.015076756477355957,0.39071136713027954,0.30000000000000004,0.3804907202720642,0.4009320139884949,1,0.008762359619140625,0.008762359619140625,0.008762359619140625,0.16666666666666663,,0.008762359619140625,,0.16666666666666663,0.007417172193527222,0.09090909090909094,0.00613933801651001,0.008695006370544434,0.199066162109375,0.16666666666666663,0.1951758861541748,0.2029564380645752
80_c,premise,2,entailment | neutral,1,0.20996546745300293,0.20996546745300293,0.20996546745300293,0.5714285714285714,,0.20996546745300293,,0.5714285714285714,0.11516889929771423,0.4857142857142857,0.1089513897895813,0.12138640880584717,0.24528545141220093,0.7083333333333334,0.23951268196105957,0.2510582208633423,1,0.08388370275497437,0.08388370275497437,0.08388370275497437,0.33333333333333337,,0.08388370275497437,,0.33333333333333337,0.04331657290458679,0.27142857142857146,0.02610480785369873,0.060528337955474854,0.0963079035282135,0.3522727272727273,0.08410745859146118,0.10850834846496582
93654,premise,2,entailment | neutral,1,0.09578150510787964,0.09578150510787964,0.09578150510787964,0.4,,0.09578150510787964,,0.4,0.05721694231033325,0.30158730158730157,0.019272327423095703,0.0951615571975708,0.16152170300483704,0.4035087719298246,0.14176690578460693,0.18127650022506714,1,0.054089128971099854,0.054089128971099854,0.054089128971099854,0.25,,0.054089128971099854,,0.25,0.03279745578765869,0.13501144164759726,0.032492220401763916,0.03310269117355347,0.08941462635993958,0.175,0.07737874984741211,0.10145050287246704
59_c,premise,2,neutral | entailment,1,0.00414353609085083,0.00414353609085083,0.00414353609085083,0.0,,0.00414353609085083,,0.0,0.021932750940322876,0.19999999999999996,0.020912528038024902,0.02295297384262085,0.09070336818695068,0.3125,0.08896136283874512,0.09244537353515625,1,0.00249636173248291,0.00249636173248291,0.00249636173248291,0.0,,0.00249636173248291,,0.0,0.01090937852859497,0.1875,0.010796189308166504,0.011022567749023438,0.07541358470916748,0.2941176470588235,0.07459145784378052,0.07623571157455444
95664,premise,2,entailment | neutral,1,0.043181538581848145,0.043181538581848145,0.043181538581848145,0.5833333333333333,,0.043181538581848145,,0.5833333333333333,0.020030558109283447,0.3875,0.01617300510406494,0.023888111114501953,0.149663507938385,0.5505050505050505,0.12278890609741211,0.1765381097793579,1,0.015211641788482666,0.015211641788482666,0.015211641788482666,0.3529411764705882,,0.015211641788482666,,0.3529411764705882,0.008245497941970825,0.20192307692307693,0.0074988603591918945,0.008992135524749756,0.04378804564476013,0.2542016806722689,0.040349721908569336,0.04722636938095093
84_c,premise,2,neutral | entailment,1,0.038367509841918945,0.038367509841918945,0.038367509841918945,0.25,,0.038367509841918945,,0.25,0.01913788914680481,0.1428571428571429,0.019062519073486328,0.01921325922012329,0.11226493120193481,0.375,0.09526610374450684,0.1292637586593628,1,0.01255178451538086,0.01255178451538086,0.01255178451538086,0.09999999999999998,,0.01255178451538086,,0.09999999999999998,0.005327016115188599,0.04999999999999999,0.0042986273765563965,0.006355404853820801,0.028225719928741455,0.14090909090909087,0.02742844820022583,0.02902299165725708
9763,hypothesis,2,neutral | contradiction,1,0.03222781419754028,0.03222781419754028,0.03222781419754028,0.25,,0.03222781419754028,,0.25,0.01752537488937378,0.20833333333333331,0.0047789812088012695,0.03027176856994629,0.46694305539131165,0.34615384615384615,0.4543774127960205,0.4795086979866028,1,0.0176774263381958,0.0176774263381958,0.0176774263381958,0.19999999999999996,,0.0176774263381958,,0.19999999999999996,0.01008865237236023,0.16666666666666663,0.006326496601104736,0.013850808143615723,0.2959751486778259,0.21875,0.29017066955566406,0.3017796277999878
81349,hypothesis,2,entailment | contradiction,1,0.038785696029663086,0.038785696029663086,0.038785696029663086,0.4,,0.038785696029663086,,0.4,0.027355074882507324,0.25,0.011847615242004395,0.042862534523010254,0.2851540446281433,0.6,0.26015233993530273,0.3101557493209839,1,0.017452716827392578,0.017452716827392578,0.017452716827392578,0.1333333333333333,,0.017452716827392578,,0.1333333333333333,0.010881781578063965,0.0714285714285714,0.005351662635803223,0.016411900520324707,0.08177205920219421,0.1333333333333333,0.07664793729782104,0.08689618110656738
391,both,4,contradiction | contradiction | entailment | neutral,6,0.02105797330538432,0.010811567306518555,0.043166935443878174,0.189760348583878,0.010811567306518555,0.023107254505157472,0.2222222222222222,0.18326797385620916,0.027559548616409302,0.22174369747899159,0.0185205340385437,0.04270148277282715,0.3646533489227295,0.33024918300653594,0.35716748237609863,0.37441545724868774,6,0.02105797330538432,0.010811567306518555,0.043166935443878174,0.189760348583878,0.010811567306518555,0.023107254505157472,0.2222222222222222,0.18326797385620916,0.027559548616409302,0.22174369747899159,0.0185205340385437,0.04270148277282715,0.3646533489227295,0.33024918300653594,0.35716748237609863,0.37441545724868774
34144,hypothesis,2,neutral | contradiction,1,0.007503330707550049,0.007503330707550049,0.007503330707550049,0.16666666666666663,,0.007503330707550049,,0.16666666666666663,0.004956632852554321,0.09090909090909094,0.004853308200836182,0.005059957504272461,0.043612152338027954,0.25,0.04345810413360596,0.04376620054244995,1,0.0024370551109313965,0.0024370551109313965,0.0024370551109313965,0.1333333333333333,,0.0024370551109313965,,0.1333333333333333,0.0016290843486785889,0.0714285714285714,0.0014625191688537598,0.001795649528503418,0.014108538627624512,0.1333333333333333,0.01401597261428833,0.014201104640960693
1035,premise,2,contradiction | neutral,1,0.005140066146850586,0.005140066146850586,0.005140066146850586,0.16666666666666663,,0.005140066146850586,,0.16666666666666663,0.01213333010673523,0.18181818181818177,0.00862884521484375,0.01563781499862671,0.24675655364990234,0.33333333333333337,0.2434244155883789,0.2500886917114258,1,0.0025072693824768066,0.0025072693824768066,0.0025072693824768066,0.15384615384615385,,0.0025072693824768066,,0.15384615384615385,0.006375432014465332,0.08333333333333337,0.004656970500946045,0.00809389352798462,0.1767483949661255,0.15384615384615385,0.1756986379623413,0.17779815196990967
26980,premise,2,entailment | contradiction,1,0.011673927307128906,0.011673927307128906,0.011673927307128906,0.1428571428571429,,0.011673927307128906,,0.1428571428571429,0.007258117198944092,0.07692307692307687,0.006569862365722656,0.007946372032165527,0.08329477906227112,0.2142857142857143,0.08313345909118652,0.08345609903335571,1,0.009977400302886963,0.009977400302886963,0.009977400302886963,0.11764705882352944,,0.009977400302886963,,0.11764705882352944,0.0069772303104400635,0.0625,0.005282700061798096,0.008671760559082031,0.07686436176300049,0.17647058823529416,0.07614517211914062,0.07758355140686035
27088,premise,2,entailment | neutral,1,0.02599787712097168,0.02599787712097168,0.02599787712097168,0.2222222222222222,,0.02599787712097168,,0.2222222222222222,0.011035174131393433,0.2222222222222222,0.010546445846557617,0.011523902416229248,0.174349844455719,0.4,0.1701890230178833,0.1785106658935547,1,0.012750566005706787,0.012750566005706787,0.012750566005706787,0.19999999999999996,,0.012750566005706787,,0.19999999999999996,0.005484640598297119,0.19999999999999996,0.005321383476257324,0.005647897720336914,0.1346593201160431,0.36363636363636365,0.13209521770477295,0.13722342252731323
101372,premise,2,entailment | neutral,1,0.516385018825531,0.516385018825531,0.516385018825531,0.375,,0.516385018825531,,0.375,0.35749393701553345,0.5277777777777778,0.3054541349411011,0.4095337390899658,0.42227277159690857,0.6833333333333333,0.35344749689102173,0.4910980463027954,1,0.23748338222503662,0.23748338222503662,0.23748338222503662,0.2727272727272727,,0.23748338222503662,,0.2727272727272727,0.17541417479515076,0.33181818181818185,0.17197519540786743,0.17885315418243408,0.18203499913215637,0.39015151515151514,0.16849970817565918,0.19557029008865356
26742,premise,2,neutral | entailment,1,0.050011277198791504,0.050011277198791504,0.050011277198791504,0.38888888888888884,,0.050011277198791504,,0.38888888888888884,0.027916550636291504,0.3092105263157895,0.021371841430664062,0.034461259841918945,0.3182801604270935,0.4014705882352941,0.30325937271118164,0.33330094814300537,1,0.03058338165283203,0.03058338165283203,0.03058338165283203,0.30000000000000004,,0.03058338165283203,,0.30000000000000004,0.01660856604576111,0.25396825396825395,0.01084214448928833,0.022374987602233887,0.23284006118774414,0.2906698564593302,0.22283965349197388,0.2428404688835144
97408,premise,2,neutral | entailment,1,0.12039339542388916,0.12039339542388916,0.12039339542388916,0.5384615384615384,,0.12039339542388916,,0.5384615384615384,0.06239604949951172,0.3055555555555556,0.03000617027282715,0.09478592872619629,0.3564740717411041,0.4,0.35007888078689575,0.3628692626953125,1,0.06842631101608276,0.06842631101608276,0.06842631101608276,0.3157894736842105,,0.06842631101608276,,0.3157894736842105,0.033196061849594116,0.1701388888888889,0.010365545749664307,0.056026577949523926,0.1685486137866974,0.22712418300653597,0.16192299127578735,0.17517423629760742
75347,premise,2,entailment | neutral,1,0.14213550090789795,0.14213550090789795,0.14213550090789795,0.4,,0.14213550090789795,,0.4,0.06428548693656921,0.22916666666666669,0.060350120067596436,0.06822085380554199,0.13738057017326355,0.33333333333333337,0.12953412532806396,0.14522701501846313,1,0.09392786026000977,0.09392786026000977,0.09392786026000977,0.36363636363636365,,0.09392786026000977,,0.36363636363636365,0.0466499924659729,0.2055555555555556,0.043533921241760254,0.04976606369018555,0.09524211287498474,0.30000000000000004,0.08915531635284424,0.10132890939712524
42_c,premise,2,contradiction | neutral,1,0.21629595756530762,0.21629595756530762,0.21629595756530762,0.5,,0.21629595756530762,,0.5,0.12959453463554382,0.3611111111111111,0.11723583936691284,0.1419532299041748,0.1441630721092224,0.4555921052631579,0.13007187843322754,0.15825426578521729,1,0.07903444766998291,0.07903444766998291,0.07903444766998291,0.38095238095238093,,0.07903444766998291,,0.38095238095238093,0.04975298047065735,0.22532894736842107,0.04305434226989746,0.056451618671417236,0.06358933448791504,0.26764705882352946,0.05933856964111328,0.0678400993347168
24960,both,3,neutral | neutral | contradiction,3,0.07928768793741862,0.037940382957458496,0.10278648138046265,0.3158730158730159,0.037940382957458496,0.09996134042739868,0.2142857142857143,0.3666666666666667,0.0895409807562828,0.2692307692307692,0.07227027416229248,0.11460500955581665,0.2584223449230194,0.5111111111111111,0.23984497785568237,0.27894288301467896,3,0.07928768793741862,0.037940382957458496,0.10278648138046265,0.3158730158730159,0.037940382957458496,0.09996134042739868,0.2142857142857143,0.3666666666666667,0.0895409807562828,0.2692307692307692,0.07227027416229248,0.11460500955581665,0.2584223449230194,0.5111111111111111,0.23984497785568237,0.27894288301467896
60798,premise,2,entailment | neutral,1,0.07982081174850464,0.07982081174850464,0.07982081174850464,0.25,,0.07982081174850464,,0.25,0.0635397732257843,0.21590909090909088,0.05936539173126221,0.0677141547203064,0.1566866636276245,0.358974358974359,0.1345619559288025,0.17881137132644653,1,0.03422755002975464,0.03422755002975464,0.03422755002975464,0.19999999999999996,,0.03422755002975464,,0.19999999999999996,0.02411341667175293,0.17142857142857143,0.01700413227081299,0.03122270107269287,0.08427906036376953,0.28958333333333336,0.07154285907745361,0.09701526165008545
40798,hypothesis,2,entailment | neutral,1,0.08448010683059692,0.08448010683059692,0.08448010683059692,0.375,,0.08448010683059692,,0.375,0.038546741008758545,0.2142857142857143,0.03791236877441406,0.03918111324310303,0.11339381337165833,0.4375,0.10727488994598389,0.11951273679733276,1,0.034990787506103516,0.034990787506103516,0.034990787506103516,0.15384615384615385,,0.034990787506103516,,0.15384615384615385,0.016759127378463745,0.08333333333333337,0.015320122241973877,0.018198132514953613,0.06610625982284546,0.15384615384615385,0.06595003604888916,0.06626248359680176
54_c,premise,2,entailment | neutral,1,0.05971097946166992,0.05971097946166992,0.05971097946166992,0.1428571428571429,,0.05971097946166992,,0.1428571428571429,0.027168244123458862,0.07142857142857145,0.009264647960662842,0.04507184028625488,0.34745433926582336,0.33035714285714285,0.33763623237609863,0.3572724461555481,1,0.01587444543838501,0.01587444543838501,0.01587444543838501,0.0,,0.01587444543838501,,0.0,0.007754534482955933,0.0,0.0026677846908569336,0.012841284275054932,0.08651697635650635,0.09999999999999998,0.07992219924926758,0.09311175346374512
31535,hypothesis,2,entailment | contradiction,1,0.10112714767456055,0.10112714767456055,0.10112714767456055,0.6666666666666667,,0.10112714767456055,,0.6666666666666667,0.07976701855659485,0.5034965034965035,0.0667303204536438,0.0928037166595459,0.1679682731628418,0.6190476190476191,0.14814555644989014,0.18779098987579346,1,0.04015570878982544,0.04015570878982544,0.04015570878982544,0.4444444444444444,,0.04015570878982544,,0.4444444444444444,0.04098600149154663,0.33035714285714285,0.04079008102416992,0.04118192195892334,0.0539318323135376,0.37254901960784315,0.052384138107299805,0.05547952651977539
84754,premise,2,neutral | contradiction,1,0.05694514513015747,0.05694514513015747,0.05694514513015747,0.3125,,0.05694514513015747,,0.3125,0.029965877532958984,0.28125,0.011948943138122559,0.04798281192779541,0.17190250754356384,0.38235294117647056,0.16206228733062744,0.18174272775650024,1,0.0394434928894043,0.0394434928894043,0.0394434928894043,0.2941176470588235,,0.0394434928894043,,0.2941176470588235,0.022147566080093384,0.2647058823529412,0.005052030086517334,0.039243102073669434,0.07999241352081299,0.3055555555555556,0.06666409969329834,0.09332072734832764
12669,both,2,neutral | contradiction,1,0.07053476572036743,0.07053476572036743,0.07053476572036743,0.2222222222222222,,0.07053476572036743,,0.2222222222222222,0.03531968593597412,0.2222222222222222,0.026462912559509277,0.044176459312438965,0.12994465231895447,0.4,0.12305158376693726,0.13683772087097168,1,0.07053476572036743,0.07053476572036743,0.07053476572036743,0.2222222222222222,,0.07053476572036743,,0.2222222222222222,0.03531968593597412,0.2222222222222222,0.026462912559509277,0.044176459312438965,0.12994465231895447,0.4,0.12305158376693726,0.13683772087097168
1838,premise,2,entailment | neutral,1,0.027657747268676758,0.027657747268676758,0.027657747268676758,0.11111111111111116,,0.027657747268676758,,0.11111111111111116,0.01732209324836731,0.05882352941176472,0.005963623523712158,0.02868056297302246,0.12935391068458557,0.16666666666666663,0.11947602033615112,0.13923180103302002,1,0.047728002071380615,0.047728002071380615,0.047728002071380615,0.10526315789473684,,0.047728002071380615,,0.10526315789473684,0.02801719307899475,0.05555555555555558,0.0030097365379333496,0.05302464962005615,0.11286807060241699,0.1578947368421053,0.10781151056289673,0.11792463064193726
13489,premise,2,entailment | neutral,1,0.03951728343963623,0.03951728343963623,0.03951728343963623,0.33333333333333337,,0.03951728343963623,,0.33333333333333337,0.0211867094039917,0.19871794871794868,0.016308963298797607,0.02606445550918579,0.34271425008773804,0.3324175824175824,0.341632604598999,0.34379589557647705,1,0.01715075969696045,0.01715075969696045,0.01715075969696045,0.2777777777777778,,0.01715075969696045,,0.2777777777777778,0.010535985231399536,0.16041666666666665,0.008834600448608398,0.012237370014190674,0.26053139567375183,0.27205882352941174,0.2598729133605957,0.26118987798690796
7_c,premise,2,entailment | neutral,1,0.0532757043838501,0.0532757043838501,0.0532757043838501,0.375,,0.0532757043838501,,0.375,0.025728732347488403,0.21978021978021978,0.010557234287261963,0.040900230407714844,0.2818438708782196,0.34285714285714286,0.27199387550354004,0.29169386625289917,1,0.026467323303222656,0.026467323303222656,0.026467323303222656,0.23529411764705888,,0.026467323303222656,,0.23529411764705888,0.013590365648269653,0.11764705882352944,0.006978631019592285,0.02020210027694702,0.11418497562408447,0.17222222222222222,0.11071658134460449,0.11765336990356445
39059,premise,2,contradiction | neutral,1,0.028539597988128662,0.028539597988128662,0.028539597988128662,0.2857142857142857,,0.028539597988128662,,0.2857142857142857,0.01653197407722473,0.16083916083916083,0.0162200927734375,0.016843855381011963,0.13535147905349731,0.30357142857142855,0.13087379932403564,0.13982915878295898,1,0.03020167350769043,0.03020167350769043,0.03020167350769043,0.25,,0.03020167350769043,,0.25,0.017849713563919067,0.1384615384615384,0.0176813006401062,0.018018126487731934,0.07663452625274658,0.19642857142857145,0.0733690857887268,0.07989996671676636
70966,hypothesis,2,entailment | neutral,1,0.08909142017364502,0.08909142017364502,0.08909142017364502,0.4444444444444444,,0.08909142017364502,,0.4444444444444444,0.056725889444351196,0.25892857142857145,0.055687010288238525,0.05776476860046387,0.26590508222579956,0.4652777777777778,0.264218807220459,0.26759135723114014,1,0.05322539806365967,0.05322539806365967,0.05322539806365967,0.36363636363636365,,0.05322539806365967,,0.36363636363636365,0.03095954656600952,0.2055555555555556,0.028002262115478516,0.03391683101654053,0.10765239596366882,0.2818181818181818,0.10484635829925537,0.11045843362808228
26241,premise,2,entailment | neutral,1,0.12241131067276001,0.12241131067276001,0.12241131067276001,0.7,,0.12241131067276001,,0.7,0.06681621074676514,0.4166666666666667,0.03349661827087402,0.10013580322265625,0.24948522448539734,0.6142857142857143,0.20836037397384644,0.29061007499694824,1,0.06794309616088867,0.06794309616088867,0.06794309616088867,0.41666666666666663,,0.06794309616088867,,0.41666666666666663,0.03441855311393738,0.24431818181818182,0.02662515640258789,0.042211949825286865,0.09132629632949829,0.3194444444444444,0.08562195301055908,0.0970306396484375
48703,both,4,contradiction | entailment | entailment | neutral,6,0.049826085567474365,0.021707773208618164,0.08663833141326904,0.06060606060606063,0.06111818552017212,0.047567665576934814,0.09090909090909094,0.054545454545454564,0.06269241869449615,0.33181818181818185,0.029034137725830078,0.08580636978149414,0.14482098817825317,0.4772727272727273,0.11924463510513306,0.17033672332763672,6,0.049826085567474365,0.021707773208618164,0.08663833141326904,0.06060606060606063,0.06111818552017212,0.047567665576934814,0.09090909090909094,0.054545454545454564,0.06269241869449615,0.33181818181818185,0.029034137725830078,0.08580636978149414,0.14482098817825317,0.4772727272727273,0.11924463510513306,0.17033672332763672
82833,premise,2,contradiction | neutral,1,0.06239640712738037,0.06239640712738037,0.06239640712738037,0.375,,0.06239640712738037,,0.375,0.09251892566680908,0.380952380952381,0.07059872150421143,0.11443912982940674,0.4470815062522888,0.49743589743589745,0.43026798963546753,0.4638950228691101,1,0.016267478466033936,0.016267478466033936,0.016267478466033936,0.2941176470588235,,0.016267478466033936,,0.2941176470588235,0.024713993072509766,0.2404761904761905,0.019935667514801025,0.029492318630218506,0.18228331208229065,0.28958333333333336,0.17974042892456055,0.18482619524002075
82270,hypothesis,2,neutral | contradiction,1,0.1478327512741089,0.1478327512741089,0.1478327512741089,0.75,,0.1478327512741089,,0.75,0.13813507556915283,0.5357142857142857,0.13740217685699463,0.13886797428131104,0.6096873879432678,0.6666666666666667,0.6082015633583069,0.6111732125282288,1,0.08536702394485474,0.08536702394485474,0.08536702394485474,0.631578947368421,,0.08536702394485474,,0.631578947368421,0.062357038259506226,0.41711229946524064,0.05703240633010864,0.06768167018890381,0.2712095081806183,0.4583333333333333,0.2557569146156311,0.28666210174560547
20_c,premise,2,contradiction | neutral,1,0.014795780181884766,0.014795780181884766,0.014795780181884766,0.09999999999999998,,0.014795780181884766,,0.09999999999999998,0.017518341541290283,0.04999999999999999,0.015786051750183105,0.01925063133239746,0.25492703914642334,0.23636363636363633,0.24943900108337402,0.26041507720947266,1,0.007660627365112305,0.007660627365112305,0.007660627365112305,0.0625,,0.007660627365112305,,0.0625,0.01014360785484314,0.03125,0.009199440479278564,0.011087775230407715,0.08091405034065247,0.09007352941176472,0.07880675792694092,0.08302134275436401
68445,premise,2,contradiction | neutral,1,0.14762312173843384,0.14762312173843384,0.14762312173843384,0.36363636363636365,,0.14762312173843384,,0.36363636363636365,0.06350132822990417,0.30000000000000004,0.04587072134017944,0.0811319351196289,0.14276409149169922,0.4545454545454546,0.14168798923492432,0.14384019374847412,1,0.028361141681671143,0.028361141681671143,0.028361141681671143,0.3076923076923077,,0.028361141681671143,,0.3076923076923077,0.015755951404571533,0.25,0.014346837997436523,0.017165064811706543,0.04424494504928589,0.3076923076923077,0.0417134165763855,0.04677647352218628
12846,premise,3,entailment | neutral | neutral,3,0.4103063146273295,0.38868725299835205,0.4533579349517822,0.7222222222222223,0.38887375593185425,0.42102259397506714,0.6666666666666667,0.75,0.2930740714073181,0.5214285714285715,0.19785362482070923,0.3607524633407593,0.4122439920902252,0.7694444444444445,0.3114980459213257,0.4872533082962036,3,0.23495117823282877,0.2170722484588623,0.2524985671043396,0.4000000000000001,0.23528271913528442,0.23478540778160095,0.4,0.4,0.16074047982692719,0.2638888888888889,0.12238126993179321,0.18826162815093994,0.1906818002462387,0.34074074074074073,0.15526968240737915,0.20945560932159424
39483,premise,2,entailment | neutral,1,0.08122032880783081,0.08122032880783081,0.08122032880783081,0.4736842105263158,,0.08122032880783081,,0.4736842105263158,0.06898561120033264,0.36160714285714285,0.05420869588851929,0.083762526512146,0.46053606271743774,0.4647058823529412,0.45914870500564575,0.46192342042922974,1,0.0343356728553772,0.0343356728553772,0.0343356728553772,0.33333333333333337,,0.0343356728553772,,0.33333333333333337,0.027927666902542114,0.2375,0.0256081223487854,0.030247211456298828,0.19309118390083313,0.27871148459383754,0.18617898225784302,0.20000338554382324
35073,premise,2,entailment | neutral,1,0.057991743087768555,0.057991743087768555,0.057991743087768555,0.4545454545454546,,0.057991743087768555,,0.4545454545454546,0.03546726703643799,0.27142857142857146,0.015363216400146484,0.05557131767272949,0.2255396842956543,0.4602272727272727,0.21858727931976318,0.2324920892715454,1,0.013777494430541992,0.013777494430541992,0.013777494430541992,0.33333333333333337,,0.013777494430541992,,0.33333333333333337,0.007832735776901245,0.18831168831168832,0.006821036338806152,0.008844435214996338,0.15613272786140442,0.25,0.1497465968132019,0.16251885890960693
57249,premise,2,neutral | entailment,1,0.06591153144836426,0.06591153144836426,0.06591153144836426,0.4,,0.06591153144836426,,0.4,0.033487021923065186,0.27692307692307694,0.019077181816101074,0.0478968620300293,0.18176841735839844,0.32589285714285715,0.16312837600708008,0.2004084587097168,1,0.04307526350021362,0.04307526350021362,0.04307526350021362,0.3529411764705882,,0.04307526350021362,,0.3529411764705882,0.03026062250137329,0.24313725490196075,0.021144747734069824,0.03937649726867676,0.14331376552581787,0.2881944444444444,0.13229131698608398,0.15433621406555176
87697,both,2,neutral | contradiction,1,0.07658594846725464,0.07658594846725464,0.07658594846725464,0.3125,,0.07658594846725464,,0.3125,0.04536396265029907,0.17500000000000004,0.034358859062194824,0.05636906623840332,0.1994287371635437,0.28361344537815125,0.18954873085021973,0.20930874347686768,1,0.07658594846725464,0.07658594846725464,0.07658594846725464,0.3125,,0.07658594846725464,,0.3125,0.04536396265029907,0.17500000000000004,0.034358859062194824,0.05636906623840332,0.1994287371635437,0.28361344537815125,0.18954873085021973,0.20930874347686768
20187,premise,2,neutral | entailment,1,0.0060901641845703125,0.0060901641845703125,0.0060901641845703125,0.16666666666666663,,0.0060901641845703125,,0.16666666666666663,0.0054558515548706055,0.16666666666666663,0.005192160606384277,0.005719542503356934,0.13087069988250732,0.3076923076923077,0.12786853313446045,0.1338728666305542,1,0.006490230560302734,0.006490230560302734,0.006490230560302734,0.15384615384615385,,0.006490230560302734,,0.15384615384615385,0.005138784646987915,0.15384615384615385,0.003331601619720459,0.006945967674255371,0.07984662055969238,0.2857142857142857,0.07526522874832153,0.08442801237106323
82968,both,2,contradiction | neutral,1,0.11980724334716797,0.11980724334716797,0.11980724334716797,0.16666666666666663,,0.11980724334716797,,0.16666666666666663,0.08123251795768738,0.09007352941176472,0.07016605138778687,0.09229898452758789,0.12271764874458313,0.24269005847953218,0.11087536811828613,0.13455992937088013,1,0.11980724334716797,0.11980724334716797,0.11980724334716797,0.16666666666666663,,0.11980724334716797,,0.16666666666666663,0.08123251795768738,0.09007352941176472,0.07016605138778687,0.09229898452758789,0.12271764874458313,0.24269005847953218,0.11087536811828613,0.13455992937088013
95097,hypothesis,2,entailment | neutral,1,0.020665526390075684,0.020665526390075684,0.020665526390075684,0.2222222222222222,,0.020665526390075684,,0.2222222222222222,0.010431557893753052,0.125,0.007634878158569336,0.013228237628936768,0.204853355884552,0.33333333333333337,0.19640111923217773,0.21330559253692627,1,0.006432175636291504,0.006432175636291504,0.006432175636291504,0.1333333333333333,,0.006432175636291504,,0.1333333333333333,0.0032327771186828613,0.0714285714285714,0.001802206039428711,0.004663348197937012,0.044078677892684937,0.1333333333333333,0.0431559681892395,0.04500138759613037
101945,premise,2,contradiction | neutral,1,0.07116276025772095,0.07116276025772095,0.07116276025772095,0.44999999999999996,,0.07116276025772095,,0.44999999999999996,0.05804118514060974,0.28958333333333336,0.026491165161132812,0.08959120512008667,0.14163905382156372,0.39338235294117646,0.12137281894683838,0.16190528869628906,1,0.015877068042755127,0.015877068042755127,0.015877068042755127,0.33333333333333337,,0.015877068042755127,,0.33333333333333337,0.019361943006515503,0.19934640522875818,0.017934799194335938,0.02078908681869507,0.07072195410728455,0.24269005847953218,0.06496745347976685,0.07647645473480225
30872,premise,2,neutral | entailment,1,0.025102555751800537,0.025102555751800537,0.025102555751800537,0.5384615384615384,,0.025102555751800537,,0.5384615384615384,0.01550525426864624,0.4,0.004307150840759277,0.026703357696533203,0.37829098105430603,0.534965034965035,0.37279701232910156,0.3837849497795105,1,0.008961200714111328,0.008961200714111328,0.008961200714111328,0.4666666666666667,,0.008961200714111328,,0.4666666666666667,0.005240917205810547,0.3392857142857143,0.0019510984420776367,0.008530735969543457,0.14444345235824585,0.3871794871794872,0.1443692445755005,0.1445176601409912
121_c,premise,2,contradiction | neutral,1,0.02385735511779785,0.02385735511779785,0.02385735511779785,0.25,,0.02385735511779785,,0.25,0.023119568824768066,0.23636363636363633,0.018811941146850586,0.027427196502685547,0.12200379371643066,0.39015151515151514,0.1147603988647461,0.12924718856811523,1,0.012512624263763428,0.012512624263763428,0.012512624263763428,0.2142857142857143,,0.012512624263763428,,0.2142857142857143,0.015415936708450317,0.19871794871794868,0.013171136379241943,0.01766073703765869,0.08690944314002991,0.2582417582417582,0.0843735933303833,0.08944529294967651
98907,premise,2,neutral | entailment,1,0.026793718338012695,0.026793718338012695,0.026793718338012695,0.33333333333333337,,0.026793718338012695,,0.33333333333333337,0.02142477035522461,0.19642857142857145,0.014199018478393555,0.028650522232055664,0.3460983335971832,0.4097222222222222,0.34504735469818115,0.3471493124961853,1,0.01360476016998291,0.01360476016998291,0.01360476016998291,0.30000000000000004,,0.01360476016998291,,0.30000000000000004,0.008647799491882324,0.1736111111111111,0.008042454719543457,0.009253144264221191,0.22964733839035034,0.2611111111111111,0.22594928741455078,0.2333453893661499
46837,hypothesis,2,contradiction | entailment,1,0.05521750450134277,0.05521750450134277,0.05521750450134277,0.4444444444444444,,0.05521750450134277,,0.4444444444444444,0.04532510042190552,0.2857142857142857,0.03492283821105957,0.055727362632751465,0.3005215525627136,0.5,0.2909524440765381,0.31009066104888916,1,0.030614495277404785,0.030614495277404785,0.030614495277404785,0.36363636363636365,,0.030614495277404785,,0.36363636363636365,0.020315825939178467,0.2222222222222222,0.010669350624084473,0.02996230125427246,0.11569628119468689,0.30000000000000004,0.107951819896698,0.12344074249267578
43_c,hypothesis,2,contradiction | entailment,1,0.007605552673339844,0.007605552673339844,0.007605552673339844,0.1428571428571429,,0.007605552673339844,,0.1428571428571429,0.00883704423904419,0.07692307692307687,0.008343100547790527,0.009330987930297852,0.14587163925170898,0.2142857142857143,0.14505743980407715,0.14668583869934082,1,0.0026213526725769043,0.0026213526725769043,0.0026213526725769043,0.125,,0.0026213526725769043,,0.125,0.0033472776412963867,0.06666666666666665,0.0033004283905029297,0.0033941268920898438,0.036058127880096436,0.125,0.03470456600189209,0.03741168975830078
25982,premise,2,contradiction | neutral,1,0.021720707416534424,0.021720707416534424,0.021720707416534424,0.33333333333333337,,0.021720707416534424,,0.33333333333333337,0.01751875877380371,0.18831168831168832,0.012407898902893066,0.022629618644714355,0.186667799949646,0.325,0.18275272846221924,0.19058287143707275,1,0.011264681816101074,0.011264681816101074,0.011264681816101074,0.3125,,0.011264681816101074,,0.3125,0.012392312288284302,0.17500000000000004,0.011824309825897217,0.012960314750671387,0.163411945104599,0.30288461538461536,0.15842920541763306,0.16839468479156494
104020,premise,2,neutral | entailment,1,0.21909743547439575,0.21909743547439575,0.21909743547439575,0.4545454545454546,,0.21909743547439575,,0.4545454545454546,0.12700051069259644,0.3666666666666667,0.08379614353179932,0.17020487785339355,0.3707643449306488,0.5227272727272727,0.3471585512161255,0.3943701386451721,1,0.055573344230651855,0.055573344230651855,0.055573344230651855,0.33333333333333337,,0.055573344230651855,,0.33333333333333337,0.037713855504989624,0.2727272727272727,0.029191970825195312,0.046235740184783936,0.21723604202270508,0.33333333333333337,0.213387131690979,0.22108495235443115
2637,premise,2,contradiction | neutral,1,0.13109344244003296,0.13109344244003296,0.13109344244003296,0.5,,0.13109344244003296,,0.5,0.07894772291183472,0.28632478632478636,0.03184640407562256,0.12604904174804688,0.09103649854660034,0.4357142857142857,0.03652656078338623,0.14554643630981445,1,0.041622817516326904,0.041622817516326904,0.041622817516326904,0.4666666666666667,,0.041622817516326904,,0.4666666666666667,0.02600923180580139,0.2642857142857143,0.015388250350952148,0.036630213260650635,0.031588971614837646,0.403030303030303,0.015822410583496094,0.0473555326461792
62408,hypothesis,2,entailment | neutral,1,0.11738812923431396,0.11738812923431396,0.11738812923431396,0.5555555555555556,,0.11738812923431396,,0.5555555555555556,0.06207054853439331,0.3125,0.05339229106903076,0.07074880599975586,0.08896899223327637,0.5,0.07093024253845215,0.10700774192810059,1,0.03370147943496704,0.03370147943496704,0.03370147943496704,0.2727272727272727,,0.03370147943496704,,0.2727272727272727,0.016853243112564087,0.14999999999999997,0.008569478988647461,0.025137007236480713,0.033431798219680786,0.3181818181818182,0.03058338165283203,0.03628021478652954
84765,premise,2,entailment | neutral,1,0.04530578851699829,0.04530578851699829,0.04530578851699829,0.36363636363636365,,0.04530578851699829,,0.36363636363636365,0.043336838483810425,0.2222222222222222,0.03982037305831909,0.04685330390930176,0.38001155853271484,0.4,0.3797321319580078,0.3802909851074219,1,0.01622551679611206,0.01622551679611206,0.01622551679611206,0.2666666666666667,,0.01622551679611206,,0.2666666666666667,0.017754048109054565,0.15384615384615385,0.01597917079925537,0.01952892541885376,0.2921401262283325,0.2857142857142857,0.2869628667831421,0.29731738567352295
22534,premise,2,contradiction | neutral,1,0.23136311769485474,0.23136311769485474,0.23136311769485474,0.33333333333333337,,0.23136311769485474,,0.33333333333333337,0.15191122889518738,0.1875,0.11273980140686035,0.1910826563835144,0.37290868163108826,0.3888888888888889,0.3411635160446167,0.4046538472175598,1,0.13343238830566406,0.13343238830566406,0.13343238830566406,0.2727272727272727,,0.13343238830566406,,0.2727272727272727,0.08949843049049377,0.14999999999999997,0.062090277671813965,0.11690658330917358,0.24588999152183533,0.22727272727272724,0.23676776885986328,0.2550122141838074
68_c,premise,2,neutral | contradiction,1,0.2492803931236267,0.2492803931236267,0.2492803931236267,0.33333333333333337,,0.2492803931236267,,0.33333333333333337,0.13989239931106567,0.33333333333333337,0.04586446285247803,0.23392033576965332,0.31711316108703613,0.5714285714285714,0.29734545946121216,0.3368808627128601,1,0.04565638303756714,0.04565638303756714,0.04565638303756714,0.18181818181818177,,0.04565638303756714,,0.18181818181818177,0.03167515993118286,0.18181818181818177,0.015406131744384766,0.04794418811798096,0.17081844806671143,0.33333333333333337,0.1707916259765625,0.17084527015686035
6_c,premise,3,neutral | entailment | contradiction,3,0.01745772361755371,0.014921128749847412,0.021631717681884766,0.1333333333333333,,0.01745772361755371,,0.1333333333333333,0.013825873844325542,0.06666666666666665,0.0036173462867736816,0.020136237144470215,0.028076907619833946,0.164983164983165,0.014247298240661621,0.03798413276672363,3,0.011467675367991129,0.006744444370269775,0.01719510555267334,0.12121212121212117,,0.011467675367991129,,0.12121212121212117,0.008539478294551373,0.06060606060606059,0.0024182796478271484,0.016219019889831543,0.015367746353149414,0.15,0.007196485996246338,0.025236427783966064
15613,premise,2,contradiction | neutral,1,0.008704423904418945,0.008704423904418945,0.008704423904418945,0.23076923076923073,,0.008704423904418945,,0.23076923076923073,0.006991326808929443,0.12878787878787878,0.0034635066986083984,0.010519146919250488,0.12414464354515076,0.27884615384615385,0.11859500408172607,0.12969428300857544,1,0.007455408573150635,0.007455408573150635,0.007455408573150635,0.16666666666666663,,0.007455408573150635,,0.16666666666666663,0.005567669868469238,0.09007352941176472,0.0022485852241516113,0.008886754512786865,0.08308681845664978,0.14215686274509803,0.07816779613494873,0.08800584077835083
69556,premise,2,entailment | neutral,1,0.04303455352783203,0.04303455352783203,0.04303455352783203,0.2941176470588235,,0.04303455352783203,,0.2941176470588235,0.043301016092300415,0.29824561403508776,0.030353307723999023,0.05624872446060181,0.23739778995513916,0.38552631578947366,0.2218940258026123,0.252901554107666,1,0.021246731281280518,0.021246731281280518,0.021246731281280518,0.2777777777777778,,0.021246731281280518,,0.2777777777777778,0.027082383632659912,0.28289473684210525,0.019728899002075195,0.03443586826324463,0.09328189492225647,0.31785714285714284,0.08665198087692261,0.09991180896759033
89750,premise,2,contradiction | neutral,1,0.059040725231170654,0.059040725231170654,0.059040725231170654,0.47058823529411764,,0.059040725231170654,,0.47058823529411764,0.0352347195148468,0.2833333333333333,0.011197328567504883,0.05927211046218872,0.0842001736164093,0.40384615384615385,0.058168768882751465,0.11023157835006714,1,0.025009453296661377,0.025009453296661377,0.025009453296661377,0.42105263157894735,,0.025009453296661377,,0.42105263157894735,0.01700499653816223,0.24789915966386555,0.008062958717346191,0.02594703435897827,0.04053947329521179,0.2944444444444444,0.030254483222961426,0.05082446336746216
56487,hypothesis,2,contradiction | neutral,1,0.022608160972595215,0.022608160972595215,0.022608160972595215,0.23076923076923073,,0.022608160972595215,,0.23076923076923073,0.014707982540130615,0.12878787878787878,0.008569598197937012,0.02084636688232422,0.08652171492576599,0.27884615384615385,0.08070337772369385,0.09234005212783813,1,0.009585738182067871,0.009585738182067871,0.009585738182067871,0.19999999999999996,,0.009585738182067871,,0.19999999999999996,0.00715908408164978,0.10989010989010989,0.006638646125793457,0.0076795220375061035,0.03573736548423767,0.17142857142857143,0.03479641675949097,0.036678314208984375
81678,hypothesis,2,entailment | neutral,1,0.025378823280334473,0.025378823280334473,0.025378823280334473,0.25,,0.025378823280334473,,0.25,0.015863537788391113,0.1428571428571429,0.012961387634277344,0.018765687942504883,0.1390271782875061,0.375,0.1321125030517578,0.1459418535232544,1,0.007085323333740234,0.007085323333740234,0.007085323333740234,0.09090909090909094,,0.007085323333740234,,0.09090909090909094,0.005178868770599365,0.04545454545454547,0.003381669521331787,0.006976068019866943,0.030008912086486816,0.12878787878787878,0.029720962047576904,0.03029686212539673
28507,premise,2,contradiction | neutral,1,0.12324994802474976,0.12324994802474976,0.12324994802474976,0.6153846153846154,,0.12324994802474976,,0.6153846153846154,0.09056738018989563,0.4166666666666667,0.04659992456436157,0.1345348358154297,0.4098643660545349,0.5681818181818181,0.36050498485565186,0.45922374725341797,1,0.07165348529815674,0.07165348529815674,0.07165348529815674,0.5333333333333333,,0.07165348529815674,,0.5333333333333333,0.051411211490631104,0.34469696969696967,0.020531535148620605,0.0822908878326416,0.17238959670066833,0.39743589743589747,0.14013898372650146,0.2046402096748352
22923,both,2,contradiction | neutral,1,0.05225116014480591,0.05225116014480591,0.05225116014480591,0.18181818181818177,,0.05225116014480591,,0.18181818181818177,0.02961355447769165,0.09090909090909088,0.023236870765686035,0.035990238189697266,0.12125295400619507,0.26666666666666666,0.11682140827178955,0.12568449974060059,1,0.05225116014480591,0.05225116014480591,0.05225116014480591,0.18181818181818177,,0.05225116014480591,,0.18181818181818177,0.02961355447769165,0.09090909090909088,0.023236870765686035,0.035990238189697266,0.12125295400619507,0.26666666666666666,0.11682140827178955,0.12568449974060059
11624,hypothesis,2,entailment | contradiction,1,0.14599066972732544,0.14599066972732544,0.14599066972732544,0.25,,0.14599066972732544,,0.25,0.09233507513999939,0.25,0.04696762561798096,0.13770252466201782,0.2123434841632843,0.4444444444444444,0.17041707038879395,0.25426989793777466,1,0.0745435357093811,0.0745435357093811,0.0745435357093811,0.11111111111111116,,0.0745435357093811,,0.11111111111111116,0.04261574149131775,0.15555555555555556,0.016734719276428223,0.06849676370620728,0.0920238196849823,0.23636363636363633,0.07233631610870361,0.11171132326126099
29853,premise,2,contradiction | neutral,1,0.004449665546417236,0.004449665546417236,0.004449665546417236,0.18181818181818177,,0.004449665546417236,,0.18181818181818177,0.005264103412628174,0.09999999999999998,0.00488436222076416,0.0056438446044921875,0.6201045513153076,0.2727272727272727,0.6191633343696594,0.621045708656311,1,0.009231388568878174,0.009231388568878174,0.009231388568878174,0.1428571428571429,,0.009231388568878174,,0.1428571428571429,0.008125633001327515,0.07692307692307687,0.003961920738220215,0.012289345264434814,0.16927951574325562,0.1428571428571429,0.16814446449279785,0.17041456699371338
119_c,hypothesis,2,neutral | entailment,1,0.16101974248886108,0.16101974248886108,0.16101974248886108,0.5555555555555556,,0.16101974248886108,,0.5555555555555556,0.09415304660797119,0.35,0.04547226428985596,0.14283382892608643,0.29772067070007324,0.5833333333333334,0.2648751735687256,0.3305661678314209,1,0.13798987865447998,0.13798987865447998,0.13798987865447998,0.4545454545454546,,0.13798987865447998,,0.4545454545454546,0.07416528463363647,0.27142857142857146,0.044213294982910156,0.10411727428436279,0.14524978399276733,0.3522727272727273,0.11823594570159912,0.17226362228393555
72662,premise,2,entailment | neutral,1,0.10565119981765747,0.10565119981765747,0.10565119981765747,0.5555555555555556,,0.10565119981765747,,0.5555555555555556,0.06635713577270508,0.32142857142857145,0.02135467529296875,0.1113595962524414,0.4206992983818054,0.5208333333333334,0.38606762886047363,0.4553309679031372,1,0.06235688924789429,0.06235688924789429,0.06235688924789429,0.30000000000000004,,0.06235688924789429,,0.30000000000000004,0.03847014904022217,0.1611111111111111,0.00902855396270752,0.06791174411773682,0.1873181164264679,0.2409090909090909,0.16993224620819092,0.20470398664474487
71238,hypothesis,2,neutral | entailment,1,0.0357966423034668,0.0357966423034668,0.0357966423034668,0.4285714285714286,,0.0357966423034668,,0.4285714285714286,0.02053964138031006,0.25,0.020371437072753906,0.02070784568786621,0.3607349097728729,0.5,0.35348737239837646,0.3679824471473694,1,0.011413276195526123,0.011413276195526123,0.011413276195526123,0.1428571428571429,,0.011413276195526123,,0.1428571428571429,0.00631675124168396,0.07692307692307687,0.004870951175689697,0.007762551307678223,0.13987869024276733,0.1428571428571429,0.13694828748703003,0.14280909299850464
96159,hypothesis,2,entailment | contradiction,1,0.02512592077255249,0.02512592077255249,0.02512592077255249,0.25,,0.02512592077255249,,0.25,0.020234644412994385,0.1428571428571429,0.016395092010498047,0.024074196815490723,0.19361722469329834,0.375,0.19168806076049805,0.19554638862609863,1,0.006687521934509277,0.006687521934509277,0.006687521934509277,0.18181818181818177,,0.006687521934509277,,0.18181818181818177,0.005339771509170532,0.09999999999999998,0.0048989057540893555,0.005780637264251709,0.06089895963668823,0.18181818181818177,0.06064581871032715,0.061152100563049316
7273,hypothesis,2,neutral | contradiction,1,0.05692756175994873,0.05692756175994873,0.05692756175994873,0.16666666666666663,,0.05692756175994873,,0.16666666666666663,0.030933290719985962,0.09090909090909094,0.022050797939300537,0.03981578350067139,0.0702163577079773,0.25,0.06102406978607178,0.07940864562988281,1,0.017558932304382324,0.017558932304382324,0.017558932304382324,0.1428571428571429,,0.017558932304382324,,0.1428571428571429,0.009998738765716553,0.07692307692307687,0.007768392562866211,0.012229084968566895,0.02816024422645569,0.1428571428571429,0.026333987712860107,0.02998650074005127
61780,premise,2,entailment | neutral,1,0.04750049114227295,0.04750049114227295,0.04750049114227295,0.4375,,0.04750049114227295,,0.4375,0.03166931867599487,0.325,0.025533318519592285,0.03780531883239746,0.07011577486991882,0.4423076923076923,0.0688486099243164,0.07138293981552124,1,0.04552525281906128,0.04552525281906128,0.04552525281906128,0.4117647058823529,,0.04552525281906128,,0.4117647058823529,0.026875585317611694,0.30288461538461536,0.014626085758209229,0.03912508487701416,0.0614495575428009,0.3487394957983193,0.05673462152481079,0.06616449356079102
24870,premise,2,neutral | contradiction,1,0.02730560302734375,0.02730560302734375,0.02730560302734375,0.3846153846153846,,0.02730560302734375,,0.3846153846153846,0.015956401824951172,0.21212121212121215,0.01423799991607666,0.017674803733825684,0.3684324026107788,0.3557692307692308,0.3579869270324707,0.3788778781890869,1,0.01132500171661377,0.01132500171661377,0.01132500171661377,0.2941176470588235,,0.01132500171661377,,0.2941176470588235,0.0062622129917144775,0.15833333333333333,0.005955040454864502,0.006569385528564453,0.1448802351951599,0.20955882352941174,0.14094328880310059,0.14881718158721924
79_c,premise,2,contradiction | neutral,1,0.01012563705444336,0.01012563705444336,0.01012563705444336,0.19999999999999996,,0.01012563705444336,,0.19999999999999996,0.01906612515449524,0.11111111111111116,0.01848655939102173,0.01964569091796875,0.14512240886688232,0.30000000000000004,0.14445728063583374,0.1457875370979309,1,0.006175637245178223,0.006175637245178223,0.006175637245178223,0.08333333333333337,,0.006175637245178223,,0.08333333333333337,0.012928485870361328,0.041666666666666685,0.0114898681640625,0.014367103576660156,0.05870163440704346,0.11858974358974361,0.05677276849746704,0.06063050031661987
63784,premise,2,entailment | neutral,1,0.16328680515289307,0.16328680515289307,0.16328680515289307,0.7777777777777778,,0.16328680515289307,,0.7777777777777778,0.07449036836624146,0.6111111111111112,0.07172602415084839,0.07725471258163452,0.4510995149612427,0.7785714285714286,0.4426445960998535,0.45955443382263184,1,0.07701009511947632,0.07701009511947632,0.07701009511947632,0.6,,0.07701009511947632,,0.6,0.03349798917770386,0.4415584415584416,0.03084743022918701,0.0361485481262207,0.16931051015853882,0.5,0.1605902910232544,0.17803072929382324
21_c,premise,2,contradiction | neutral,1,0.02340078353881836,0.02340078353881836,0.02340078353881836,0.09090909090909094,,0.02340078353881836,,0.09090909090909094,0.02021390199661255,0.04545454545454547,0.01846027374267578,0.021967530250549316,0.14763805270195007,0.21590909090909088,0.1470368504524231,0.14823925495147705,1,0.01569497585296631,0.01569497585296631,0.01569497585296631,0.0714285714285714,,0.01569497585296631,,0.0714285714285714,0.012623786926269531,0.0357142857142857,0.0120924711227417,0.013155102729797363,0.14696791768074036,0.10238095238095235,0.14389938116073608,0.15003645420074463
85_c,hypothesis,2,entailment | neutral,1,0.11365824937820435,0.11365824937820435,0.11365824937820435,0.4285714285714286,,0.11365824937820435,,0.4285714285714286,0.05669084191322327,0.25,0.043190836906433105,0.07019084692001343,0.36590901017189026,0.5,0.35565686225891113,0.3761611580848694,1,0.06281399726867676,0.06281399726867676,0.06281399726867676,0.2727272727272727,,0.06281399726867676,,0.2727272727272727,0.02922627329826355,0.14999999999999997,0.02152031660079956,0.03693222999572754,0.10145273804664612,0.22727272727272724,0.09212827682495117,0.11077719926834106
1438,premise,2,entailment | neutral,1,0.03305041790008545,0.03305041790008545,0.03305041790008545,0.2142857142857143,,0.03305041790008545,,0.2142857142857143,0.02991431951522827,0.11858974358974361,0.0135115385055542,0.046317100524902344,0.033382922410964966,0.2582417582417582,0.01712256669998169,0.04964327812194824,1,0.02665233612060547,0.02665233612060547,0.02665233612060547,0.1333333333333333,,0.02665233612060547,,0.1333333333333333,0.025360405445098877,0.06666666666666665,0.013222336769104004,0.03749847412109375,0.02554348111152649,0.19642857142857145,0.013803958892822266,0.03728300333023071
35337,premise,2,contradiction | entailment,1,0.05219864845275879,0.05219864845275879,0.05219864845275879,0.2142857142857143,,0.05219864845275879,,0.2142857142857143,0.06093353033065796,0.1923076923076923,0.04555237293243408,0.07631468772888184,0.2579236924648285,0.3214285714285714,0.24030983448028564,0.27553755044937134,1,0.01613163948059082,0.01613163948059082,0.01613163948059082,0.06666666666666665,,0.01613163948059082,,0.06666666666666665,0.01696598529815674,0.033333333333333326,0.015374898910522461,0.018557071685791016,0.15354007482528687,0.09583333333333333,0.1529473066329956,0.15413284301757812
64029,premise,2,entailment | neutral,1,0.009257853031158447,0.009257853031158447,0.009257853031158447,0.1875,,0.009257853031158447,,0.1875,0.006572812795639038,0.16041666666666665,0.003517329692840576,0.0096282958984375,0.006572812795639038,0.16041666666666665,0.003517329692840576,0.0096282958984375,1,0.006498098373413086,0.006498098373413086,0.006498098373413086,0.17647058823529416,,0.006498098373413086,,0.17647058823529416,0.004700422286987305,0.15073529411764708,0.0023157596588134766,0.007085084915161133,0.004700422286987305,0.15073529411764708,0.0023157596588134766,0.007085084915161133
38184,premise,2,entailment | neutral,1,0.01042717695236206,0.01042717695236206,0.01042717695236206,0.15384615384615385,,0.01042717695236206,,0.15384615384615385,0.006132781505584717,0.15384615384615385,0.005463838577270508,0.006801724433898926,0.15517359972000122,0.2857142857142857,0.15400493144989014,0.1563422679901123,1,0.005385994911193848,0.005385994911193848,0.005385994911193848,0.10526315789473684,,0.005385994911193848,,0.10526315789473684,0.002923130989074707,0.10526315789473684,0.002642393112182617,0.003203868865966797,0.0998278260231018,0.15000000000000002,0.09969615936279297,0.09995949268341064
17742,premise,2,entailment | neutral,1,0.015381395816802979,0.015381395816802979,0.015381395816802979,0.18181818181818177,,0.015381395816802979,,0.18181818181818177,0.015570074319839478,0.18181818181818177,0.01163703203201294,0.019503116607666016,0.14186722040176392,0.33333333333333337,0.1380922794342041,0.14564216136932373,1,0.007984757423400879,0.007984757423400879,0.007984757423400879,0.16666666666666663,,0.007984757423400879,,0.16666666666666663,0.007411688566207886,0.16666666666666663,0.007329344749450684,0.007494032382965088,0.09922438859939575,0.23076923076923073,0.09632241725921631,0.1021263599395752
90_c,premise,2,contradiction | neutral,1,0.019073307514190674,0.019073307514190674,0.019073307514190674,0.25,,0.019073307514190674,,0.25,0.013964325189590454,0.1428571428571429,0.011266887187957764,0.016661763191223145,0.22207295894622803,0.375,0.21923601627349854,0.22490990161895752,1,0.010000944137573242,0.010000944137573242,0.010000944137573242,0.19999999999999996,,0.010000944137573242,,0.19999999999999996,0.0077165961265563965,0.11111111111111116,0.007065176963806152,0.00836801528930664,0.07584917545318604,0.19999999999999996,0.0735630989074707,0.07813525199890137
85489,premise,2,neutral | contradiction,1,0.05823814868927002,0.05823814868927002,0.05823814868927002,0.41666666666666663,,0.05823814868927002,,0.41666666666666663,0.031428754329681396,0.24431818181818182,0.021559715270996094,0.0412977933883667,0.1525486707687378,0.4166666666666667,0.14022254943847656,0.16487479209899902,1,0.0205308198928833,0.0205308198928833,0.0205308198928833,0.3571428571428571,,0.0205308198928833,,0.3571428571428571,0.011037051677703857,0.20384615384615384,0.010896563529968262,0.011177539825439453,0.02858203649520874,0.26948051948051943,0.024610519409179688,0.03255355358123779
45244,premise,2,entailment | neutral,1,0.4052165150642395,0.4052165150642395,0.4052165150642395,0.5714285714285714,,0.4052165150642395,,0.5714285714285714,0.2513391971588135,0.35,0.20470422506332397,0.297974169254303,0.5170822143554688,0.5,0.476559579372406,0.5576047897338867,1,0.24535751342773438,0.24535751342773438,0.24535751342773438,0.25,,0.24535751342773438,,0.25,0.1494438350200653,0.13392857142857145,0.1411486268043518,0.1577390432357788,0.29199081659317017,0.23809523809523814,0.2272357940673828,0.3567458391189575
8_c,premise,2,neutral | entailment,1,0.2759699821472168,0.2759699821472168,0.2759699821472168,0.5714285714285714,,0.2759699821472168,,0.5714285714285714,0.19043904542922974,0.3333333333333333,0.0964897871017456,0.28438830375671387,0.444121390581131,0.4642857142857143,0.3926107883453369,0.49563199281692505,1,0.11479449272155762,0.11479449272155762,0.11479449272155762,0.375,,0.11479449272155762,,0.375,0.06820562481880188,0.20535714285714285,0.06694936752319336,0.0694618821144104,0.2316037118434906,0.30952380952380953,0.2171320915222168,0.2460753321647644
66303,hypothesis,2,contradiction | neutral,1,0.04339182376861572,0.04339182376861572,0.04339182376861572,0.18181818181818177,,0.04339182376861572,,0.18181818181818177,0.024525374174118042,0.09999999999999998,0.02433323860168457,0.024717509746551514,0.1389825940132141,0.2727272727272727,0.12842214107513428,0.14954304695129395,1,0.019028067588806152,0.019028067588806152,0.019028067588806152,0.11764705882352944,,0.019028067588806152,,0.11764705882352944,0.009430766105651855,0.0625,0.004427552223205566,0.014433979988098145,0.06550085544586182,0.11764705882352944,0.05682229995727539,0.07417941093444824
93090,hypothesis,2,neutral | contradiction,1,0.12149471044540405,0.12149471044540405,0.12149471044540405,0.2857142857142857,,0.12149471044540405,,0.2857142857142857,0.06395488977432251,0.16666666666666663,0.0586165189743042,0.06929326057434082,0.343219131231308,0.4285714285714286,0.3104971647262573,0.37594109773635864,1,0.04379755258560181,0.04379755258560181,0.04379755258560181,0.11111111111111116,,0.04379755258560181,,0.11111111111111116,0.022601604461669922,0.05555555555555558,0.010999798774719238,0.034203410148620605,0.12656155228614807,0.15555555555555556,0.10501301288604736,0.14811009168624878
9417,premise,2,contradiction | neutral,1,0.047955453395843506,0.047955453395843506,0.047955453395843506,0.4285714285714286,,0.047955453395843506,,0.4285714285714286,0.02988496422767639,0.26666666666666666,0.01999741792678833,0.03977251052856445,0.34631919860839844,0.4125874125874126,0.3431980609893799,0.349440336227417,1,0.03892296552658081,0.03892296552658081,0.03892296552658081,0.4,,0.03892296552658081,,0.4,0.0234755277633667,0.24475524475524474,0.02069389820098877,0.02625715732574463,0.06956860423088074,0.30357142857142855,0.06754511594772339,0.07159209251403809
3760,premise,2,contradiction | neutral,1,0.06439661979675293,0.06439661979675293,0.06439661979675293,0.25,,0.06439661979675293,,0.25,0.03886115550994873,0.23636363636363633,0.03808879852294922,0.03963351249694824,0.27966099977493286,0.39015151515151514,0.2643488645553589,0.29497313499450684,1,0.02780371904373169,0.02780371904373169,0.02780371904373169,0.19999999999999996,,0.02780371904373169,,0.19999999999999996,0.019463330507278442,0.10989010989010989,0.017856299877166748,0.021070361137390137,0.14795181155204773,0.17142857142857143,0.1382773518562317,0.15762627124786377
53392,premise,2,entailment | neutral,1,0.276736855506897,0.276736855506897,0.276736855506897,0.6153846153846154,,0.276736855506897,,0.6153846153846154,0.16467905044555664,0.4147727272727273,0.13969624042510986,0.18966186046600342,0.5170732140541077,0.5694444444444444,0.5101869106292725,0.5239595174789429,1,0.14473336935043335,0.14473336935043335,0.14473336935043335,0.4375,,0.14473336935043335,,0.4375,0.08199906349182129,0.26948051948051943,0.07795679569244385,0.08604133129119873,0.3147013783454895,0.325,0.30965542793273926,0.31974732875823975
1502,premise,2,entailment | neutral,1,0.009706437587738037,0.009706437587738037,0.009706437587738037,0.09999999999999998,,0.009706437587738037,,0.09999999999999998,0.0058911144733428955,0.09999999999999998,0.002997159957885742,0.008785068988800049,0.22991183400154114,0.19047619047619047,0.2268626093864441,0.23296105861663818,1,0.004203081130981445,0.004203081130981445,0.004203081130981445,0.09090909090909094,,0.004203081130981445,,0.09090909090909094,0.002391219139099121,0.09090909090909094,0.0014696121215820312,0.003312826156616211,0.1661738157272339,0.13043478260869568,0.16586172580718994,0.16648590564727783
30922,hypothesis,2,entailment | neutral,1,0.08668065071105957,0.08668065071105957,0.08668065071105957,0.2727272727272727,,0.08668065071105957,,0.2727272727272727,0.08688411116600037,0.4272727272727273,0.036914825439453125,0.1368533968925476,0.23642286658287048,0.5643939393939393,0.1978013515472412,0.27504438161849976,1,0.02101844549179077,0.02101844549179077,0.02101844549179077,0.19999999999999996,,0.02101844549179077,,0.19999999999999996,0.02717331051826477,0.30952380952380953,0.01614445447921753,0.03820216655731201,0.12751367688179016,0.3541666666666667,0.11753010749816895,0.13749724626541138
57079,both,4,neutral | neutral | neutral | entailment,6,0.03308310111363729,0.0027052760124206543,0.054416000843048096,0.2616600790513834,0.03157524267832438,0.034590959548950195,0.26136363636363635,0.2619565217391305,0.030555114150047302,0.32330827067669177,0.016475439071655273,0.04253649711608887,0.038571834564208984,0.35568181818181815,0.02644050121307373,0.0485004186630249,6,0.03308310111363729,0.0027052760124206543,0.054416000843048096,0.2616600790513834,0.03157524267832438,0.034590959548950195,0.26136363636363635,0.2619565217391305,0.030555114150047302,0.32330827067669177,0.016475439071655273,0.04253649711608887,0.038571834564208984,0.35568181818181815,0.02644050121307373,0.0485004186630249
67189,premise,2,entailment | neutral,1,0.01687300205230713,0.01687300205230713,0.01687300205230713,0.16666666666666663,,0.01687300205230713,,0.16666666666666663,0.03772151470184326,0.26666666666666666,0.02163231372833252,0.053810715675354004,0.3693876564502716,0.4125874125874126,0.35949963331222534,0.37927567958831787,1,0.0068013668060302734,0.0068013668060302734,0.0068013668060302734,0.1428571428571429,,0.0068013668060302734,,0.1428571428571429,0.017873108386993408,0.22619047619047616,0.010557770729064941,0.025188446044921875,0.3276485800743103,0.35384615384615387,0.3266463875770569,0.3286507725715637
13_c,premise,2,entailment | neutral,1,0.2168264389038086,0.2168264389038086,0.2168264389038086,0.4285714285714286,,0.2168264389038086,,0.4285714285714286,0.08868369460105896,0.25,0.0471339225769043,0.13023346662521362,0.220944344997406,0.5,0.19349509477615356,0.24839359521865845,1,0.1059420108795166,0.1059420108795166,0.1059420108795166,0.25,,0.1059420108795166,,0.25,0.039835184812545776,0.13392857142857145,0.034042179584503174,0.04562819004058838,0.12258961796760559,0.3541666666666667,0.11826688051223755,0.12691235542297363
34_c,hypothesis,2,neutral | entailment,1,0.04498070478439331,0.04498070478439331,0.04498070478439331,0.2727272727272727,,0.04498070478439331,,0.2727272727272727,0.027714699506759644,0.15555555555555556,0.017761409282684326,0.03766798973083496,0.1908678114414215,0.33181818181818185,0.18951016664505005,0.19222545623779297,1,0.02616208791732788,0.02616208791732788,0.02616208791732788,0.23076923076923073,,0.02616208791732788,,0.23076923076923073,0.014918506145477295,0.12878787878787878,0.00661158561706543,0.02322542667388916,0.11511671543121338,0.19871794871794868,0.10939788818359375,0.12083554267883301
32403,premise,2,neutral | contradiction,1,0.1241229772567749,0.1241229772567749,0.1241229772567749,0.4,,0.1241229772567749,,0.4,0.08330896496772766,0.2897727272727273,0.07600384950637817,0.09061408042907715,0.33003586530685425,0.4583333333333333,0.32992756366729736,0.33014416694641113,1,0.053343117237091064,0.053343117237091064,0.053343117237091064,0.36363636363636365,,0.053343117237091064,,0.36363636363636365,0.03187409043312073,0.2638888888888889,0.028126835823059082,0.03562134504318237,0.16644984483718872,0.33076923076923076,0.16392898559570312,0.16897070407867432
56_c,premise,2,entailment | neutral,1,0.17826974391937256,0.17826974391937256,0.17826974391937256,0.4,,0.17826974391937256,,0.4,0.13784241676330566,0.5804195804195804,0.1329876184463501,0.14269721508026123,0.23948442935943604,0.6904761904761905,0.21248853206634521,0.26648032665252686,1,0.10187923908233643,0.10187923908233643,0.10187923908233643,0.33333333333333337,,0.10187923908233643,,0.33333333333333337,0.07712215185165405,0.4583333333333333,0.06936037540435791,0.0848839282989502,0.12894487380981445,0.49743589743589745,0.11140096187591553,0.14648878574371338
9368,hypothesis,2,neutral | entailment,1,0.15945976972579956,0.15945976972579956,0.15945976972579956,0.33333333333333337,,0.15945976972579956,,0.33333333333333337,0.0978945791721344,0.19999999999999996,0.05883687734603882,0.13695228099822998,0.18091580271720886,0.5,0.15040767192840576,0.21142393350601196,1,0.021911919116973877,0.021911919116973877,0.021911919116973877,0.09999999999999998,,0.021911919116973877,,0.09999999999999998,0.013835817575454712,0.04999999999999999,0.008659183979034424,0.019012451171875,0.026599198579788208,0.14090909090909087,0.022138893604278564,0.03105950355529785
27802,hypothesis,2,contradiction | entailment,1,0.05697530508041382,0.05697530508041382,0.05697530508041382,0.33333333333333337,,0.05697530508041382,,0.33333333333333337,0.04819214344024658,0.19642857142857145,0.0351710319519043,0.06121325492858887,0.2313184142112732,0.4097222222222222,0.21570777893066406,0.24692904949188232,1,0.03669613599777222,0.03669613599777222,0.03669613599777222,0.25,,0.03669613599777222,,0.25,0.02287432551383972,0.14090909090909087,0.019255995750427246,0.026492655277252197,0.14706659317016602,0.30303030303030304,0.14040827751159668,0.15372490882873535
69139,premise,2,entailment | neutral,1,0.2964516282081604,0.2964516282081604,0.2964516282081604,0.4,,0.2964516282081604,,0.4,0.23118776082992554,0.4,0.16192197799682617,0.3004535436630249,0.5782700777053833,0.5,0.5535180568695068,0.6030220985412598,1,0.16027885675430298,0.16027885675430298,0.16027885675430298,0.2857142857142857,,0.16027885675430298,,0.2857142857142857,0.11088186502456665,0.2857142857142857,0.07092082500457764,0.15084290504455566,0.350509375333786,0.375,0.33198708295822144,0.3690316677093506
35612,hypothesis,2,contradiction | entailment,1,0.02526193857192993,0.02526193857192993,0.02526193857192993,0.2222222222222222,,0.02526193857192993,,0.2222222222222222,0.0495854914188385,0.1111111111111111,0.04889649152755737,0.05027449131011963,0.10013574361801147,0.325,0.09373235702514648,0.10653913021087646,1,0.014671623706817627,0.014671623706817627,0.014671623706817627,0.0,,0.014671623706817627,,0.0,0.014096677303314209,0.0,0.00980830192565918,0.01838505268096924,0.02969995141029358,0.08333333333333337,0.022187530994415283,0.037212371826171875
58_c,premise,2,neutral | contradiction,1,0.007856249809265137,0.007856249809265137,0.007856249809265137,0.4285714285714286,,0.007856249809265137,,0.4285714285714286,0.007261067628860474,0.26666666666666666,0.005348324775695801,0.009173810482025146,0.3211025297641754,0.5357142857142857,0.3187316060066223,0.3234734535217285,1,0.004695534706115723,0.004695534706115723,0.004695534706115723,0.30000000000000004,,0.004695534706115723,,0.30000000000000004,0.0048216283321380615,0.1736111111111111,0.003412008285522461,0.006231248378753662,0.12114867568016052,0.2611111111111111,0.12012934684753418,0.12216800451278687
32909,hypothesis,2,entailment | neutral,1,0.21148622035980225,0.21148622035980225,0.21148622035980225,0.5,,0.21148622035980225,,0.5,0.10673320293426514,0.5,0.09642624855041504,0.11704015731811523,0.30307722091674805,0.8,0.28209853172302246,0.32405591011047363,1,0.0647476315498352,0.0647476315498352,0.0647476315498352,0.18181818181818177,,0.0647476315498352,,0.18181818181818177,0.029012292623519897,0.18181818181818177,0.02453988790512085,0.033484697341918945,0.07624220848083496,0.25,0.07468760013580322,0.0777968168258667
47_c,premise,2,entailment | neutral,1,0.0337904691696167,0.0337904691696167,0.0337904691696167,0.25,,0.0337904691696167,,0.25,0.021015942096710205,0.1428571428571429,0.01812976598739624,0.02390211820602417,0.5814963579177856,0.375,0.578166127204895,0.5848265886306763,1,0.021019279956817627,0.021019279956817627,0.021019279956817627,0.11111111111111116,,0.021019279956817627,,0.11111111111111116,0.010877907276153564,0.05555555555555558,0.010322213172912598,0.011433601379394531,0.2812097668647766,0.15555555555555556,0.2805088758468628,0.28191065788269043
11059,hypothesis,2,entailment | neutral,1,0.01394951343536377,0.01394951343536377,0.01394951343536377,0.1428571428571429,,0.01394951343536377,,0.1428571428571429,0.02018839120864868,0.30980392156862746,0.017922520637512207,0.022454261779785156,0.15125855803489685,0.4097222222222222,0.14632105827331543,0.15619605779647827,1,0.006509840488433838,0.006509840488433838,0.006509840488433838,0.1333333333333333,,0.006509840488433838,,0.1333333333333333,0.008609801530838013,0.2326388888888889,0.00776594877243042,0.009453654289245605,0.03468593955039978,0.2755417956656347,0.03298079967498779,0.03639107942581177
28935,hypothesis,2,entailment | contradiction,1,0.03309178352355957,0.03309178352355957,0.03309178352355957,0.33333333333333337,,0.03309178352355957,,0.33333333333333337,0.02563762664794922,0.19642857142857145,0.015801310539245605,0.03547394275665283,0.21658462285995483,0.4097222222222222,0.2132158875465393,0.21995335817337036,1,0.030139148235321045,0.030139148235321045,0.030139148235321045,0.25,,0.030139148235321045,,0.25,0.021565765142440796,0.14090909090909087,0.020384490489959717,0.022747039794921875,0.08899635076522827,0.21590909090909088,0.08767586946487427,0.09031683206558228
71518,hypothesis,2,entailment | neutral,1,0.015843749046325684,0.015843749046325684,0.015843749046325684,0.19999999999999996,,0.015843749046325684,,0.19999999999999996,0.013213008642196655,0.18406593406593408,0.00989443063735962,0.01653158664703369,0.08305999636650085,0.30952380952380953,0.08273738622665405,0.08338260650634766,1,0.004660904407501221,0.004660904407501221,0.004660904407501221,0.15000000000000002,,0.004660904407501221,,0.15000000000000002,0.0035135746002197266,0.13450292397660824,0.0024909377098083496,0.0045362114906311035,0.028967976570129395,0.17894736842105263,0.02784973382949829,0.030086219310760498
79042,premise,2,neutral | entailment,1,0.12533187866210938,0.12533187866210938,0.12533187866210938,0.4666666666666667,,0.12533187866210938,,0.4666666666666667,0.05874449014663696,0.255952380952381,0.014822721481323242,0.10266625881195068,0.27038341760635376,0.382051282051282,0.21883702278137207,0.32192981243133545,1,0.06714946031570435,0.06714946031570435,0.06714946031570435,0.4375,,0.06714946031570435,,0.4375,0.034254878759384155,0.23846153846153845,0.010360181331634521,0.05814957618713379,0.11384323239326477,0.29017857142857145,0.08210813999176025,0.1455783247947693
60212,premise,2,entailment | neutral,1,0.03185713291168213,0.03185713291168213,0.03185713291168213,0.368421052631579,,0.03185713291168213,,0.368421052631579,0.05699464678764343,0.3487394957983193,0.049008727073669434,0.06498056650161743,0.18866491317749023,0.45,0.17880702018737793,0.19852280616760254,1,0.02823817729949951,0.02823817729949951,0.02823817729949951,0.2727272727272727,,0.02823817729949951,,0.2727272727272727,0.037529945373535156,0.25490196078431376,0.03616464138031006,0.038895249366760254,0.1180495023727417,0.29292929292929293,0.11678957939147949,0.1193094253540039
82241,hypothesis,2,entailment | neutral,1,0.1412925124168396,0.1412925124168396,0.1412925124168396,0.2727272727272727,,0.1412925124168396,,0.2727272727272727,0.0766751766204834,0.14999999999999997,0.05112779140472412,0.10222256183624268,0.14255958795547485,0.3181818181818182,0.11475133895874023,0.17036783695220947,1,0.0537867546081543,0.0537867546081543,0.0537867546081543,0.23076923076923073,,0.0537867546081543,,0.23076923076923073,0.03263729810714722,0.125,0.01692485809326172,0.048349738121032715,0.05410510301589966,0.1923076923076923,0.03649556636810303,0.07171463966369629
60_c,hypothesis,2,neutral | entailment,1,0.07667267322540283,0.07667267322540283,0.07667267322540283,0.6666666666666667,,0.07667267322540283,,0.6666666666666667,0.036234140396118164,0.425,0.013719916343688965,0.05874836444854736,0.3770263195037842,0.7166666666666667,0.3731205463409424,0.380932092666626,1,0.0219954252243042,0.0219954252243042,0.0219954252243042,0.2857142857142857,,0.0219954252243042,,0.2857142857142857,0.010804831981658936,0.15476190476190477,0.006478607654571533,0.015131056308746338,0.1456112265586853,0.26785714285714285,0.1365652084350586,0.154657244682312
7642,hypothesis,2,neutral | contradiction,1,0.040855586528778076,0.040855586528778076,0.040855586528778076,0.2727272727272727,,0.040855586528778076,,0.2727272727272727,0.01967516541481018,0.15555555555555556,0.008899807929992676,0.030450522899627686,0.07470759749412537,0.33181818181818185,0.06223779916763306,0.08717739582061768,1,0.027349770069122314,0.027349770069122314,0.027349770069122314,0.23076923076923073,,0.027349770069122314,,0.23076923076923073,0.014902383089065552,0.12878787878787878,0.006087124347686768,0.023717641830444336,0.0746469497680664,0.19871794871794868,0.06339281797409058,0.08590108156204224
8954,premise,2,entailment | neutral,1,0.02927333116531372,0.02927333116531372,0.02927333116531372,0.2941176470588235,,0.02927333116531372,,0.2941176470588235,0.04879641532897949,0.2404761904761905,0.03586781024932861,0.06172502040863037,0.4869074523448944,0.3541666666666667,0.48348087072372437,0.49033403396606445,1,0.02115499973297119,0.02115499973297119,0.02115499973297119,0.25,,0.02115499973297119,,0.25,0.03617444634437561,0.19934640522875818,0.025991857051849365,0.046357035636901855,0.32640472054481506,0.24269005847953218,0.32421016693115234,0.3285992741584778
67165,premise,2,contradiction | neutral,1,0.05991995334625244,0.05991995334625244,0.05991995334625244,0.33333333333333337,,0.05991995334625244,,0.33333333333333337,0.030746012926101685,0.1875,0.02400350570678711,0.03748852014541626,0.1783502697944641,0.3888888888888889,0.17377245426177979,0.18292808532714844,1,0.02621316909790039,0.02621316909790039,0.02621316909790039,0.30000000000000004,,0.02621316909790039,,0.30000000000000004,0.013745367527008057,0.16666666666666669,0.012235641479492188,0.015255093574523926,0.09445300698280334,0.25,0.09319275617599487,0.09571325778961182
124_c,premise,2,neutral | entailment,1,0.10150283575057983,0.10150283575057983,0.10150283575057983,0.23076923076923073,,0.10150283575057983,,0.23076923076923073,0.06947797536849976,0.19871794871794868,0.04010486602783203,0.09885108470916748,0.4966367781162262,0.3324175824175824,0.48568278551101685,0.5075907707214355,1,0.041496455669403076,0.041496455669403076,0.041496455669403076,0.2142857142857143,,0.041496455669403076,,0.2142857142857143,0.039802372455596924,0.18406593406593408,0.02820897102355957,0.05139577388763428,0.15750819444656372,0.2404761904761905,0.15620207786560059,0.15881431102752686
4210,premise,2,entailment | neutral,1,0.026353776454925537,0.026353776454925537,0.026353776454925537,0.19999999999999996,,0.026353776454925537,,0.19999999999999996,0.01814374327659607,0.21250000000000002,0.011269867420196533,0.025017619132995605,0.23739999532699585,0.393939393939394,0.2271466851234436,0.2476533055305481,1,0.022999882698059082,0.022999882698059082,0.022999882698059082,0.18181818181818177,,0.022999882698059082,,0.18181818181818177,0.020475268363952637,0.19191919191919193,0.01456451416015625,0.026386022567749023,0.1802622377872467,0.26666666666666666,0.17457473278045654,0.18594974279403687
99204,hypothesis,2,entailment | neutral,1,0.05923175811767578,0.05923175811767578,0.05923175811767578,0.4444444444444444,,0.05923175811767578,,0.4444444444444444,0.12800663709640503,0.5,0.11277759075164795,0.1432356834411621,0.46312958002090454,0.6666666666666667,0.4578828811645508,0.4683762788772583,1,0.05273091793060303,0.05273091793060303,0.05273091793060303,0.25,,0.05273091793060303,,0.25,0.08253544569015503,0.30303030303030304,0.06694293022155762,0.09812796115875244,0.13562026619911194,0.358974358974359,0.12131720781326294,0.14992332458496094
96171,premise,2,entailment | neutral,1,0.03108876943588257,0.03108876943588257,0.03108876943588257,0.375,,0.03108876943588257,,0.375,0.026107966899871826,0.30357142857142855,0.017968177795410156,0.034247756004333496,0.14390778541564941,0.4256410256410256,0.11516129970550537,0.17265427112579346,1,0.01664912700653076,0.01664912700653076,0.01664912700653076,0.2941176470588235,,0.01664912700653076,,0.2941176470588235,0.02034100890159607,0.2404761904761905,0.011409521102905273,0.029272496700286865,0.08173993229866028,0.3541666666666667,0.07980340719223022,0.08367645740509033
53578,premise,2,entailment | neutral,1,0.09399086236953735,0.09399086236953735,0.09399086236953735,0.4,,0.09399086236953735,,0.4,0.05590713024139404,0.3,0.033963561058044434,0.07785069942474365,0.2622160315513611,0.45454545454545453,0.2351161241531372,0.28931593894958496,1,0.07428371906280518,0.07428371906280518,0.07428371906280518,0.36363636363636365,,0.07428371906280518,,0.36363636363636365,0.053113698959350586,0.2727272727272727,0.02952754497528076,0.07669985294342041,0.2054266631603241,0.3333333333333333,0.17981117963790894,0.23104214668273926
21194,premise,2,contradiction | neutral,1,0.0028882622718811035,0.0028882622718811035,0.0028882622718811035,0.18181818181818177,,0.0028882622718811035,,0.18181818181818177,0.0030240416526794434,0.09999999999999998,0.0028432607650756836,0.003204822540283203,0.15839910507202148,0.2727272727272727,0.15837132930755615,0.15842688083648682,1,0.001384437084197998,0.001384437084197998,0.001384437084197998,0.1428571428571429,,0.001384437084197998,,0.1428571428571429,0.0017726123332977295,0.07692307692307687,0.0016843676567077637,0.0018608570098876953,0.05226808786392212,0.1428571428571429,0.052005767822265625,0.05253040790557861
49953,premise,2,entailment | neutral,1,0.005523383617401123,0.005523383617401123,0.005523383617401123,0.18181818181818177,,0.005523383617401123,,0.18181818181818177,0.0022206902503967285,0.18181818181818177,0.0019012689590454102,0.002540111541748047,0.03990691900253296,0.33333333333333337,0.03920698165893555,0.04060685634613037,1,0.0022581815719604492,0.0022581815719604492,0.0022581815719604492,0.16666666666666663,,0.0022581815719604492,,0.16666666666666663,0.0009819567203521729,0.16666666666666663,0.0008567571640014648,0.0011071562767028809,0.012451797723770142,0.23076923076923073,0.012263059616088867,0.012640535831451416
67466,premise,3,contradiction | neutral | neutral,3,0.0936899185180664,0.061233580112457275,0.12431633472442627,0.6031746031746031,0.09551984071731567,0.09277495741844177,0.6666666666666667,0.5714285714285714,0.07088345289230347,0.5536130536130536,0.05543017387390137,0.09696096181869507,0.1711995154619217,0.6825396825396824,0.15401673316955566,0.1800518035888672,3,0.06089236338933309,0.03949928283691406,0.08375942707061768,0.5044871794871795,0.05941838026046753,0.06162935495376587,0.5384615384615384,0.4875,0.045759499073028564,0.44273504273504277,0.03232467174530029,0.0671280026435852,0.06627380847930908,0.4875,0.059020400047302246,0.07832485437393188
67_c,premise,2,neutral | entailment,1,0.12686234712600708,0.12686234712600708,0.12686234712600708,0.25,,0.12686234712600708,,0.25,0.05880939960479736,0.13571428571428568,0.01215827465057373,0.105460524559021,0.1251794993877411,0.25625,0.07432729005813599,0.1760317087173462,1,0.09847670793533325,0.09847670793533325,0.09847670793533325,0.17647058823529416,,0.09847670793533325,,0.17647058823529416,0.049811601638793945,0.09583333333333333,0.006772518157958984,0.0928506851196289,0.10865452885627747,0.21139705882352944,0.06862294673919678,0.14868611097335815
59057,premise,2,neutral | entailment,1,0.027009427547454834,0.027009427547454834,0.027009427547454834,0.2142857142857143,,0.027009427547454834,,0.2142857142857143,0.02056756615638733,0.1923076923076923,0.014066815376281738,0.02706831693649292,0.06612533330917358,0.3214285714285714,0.05991709232330322,0.07233357429504395,1,0.012303411960601807,0.012303411960601807,0.012303411960601807,0.19999999999999996,,0.012303411960601807,,0.19999999999999996,0.009233474731445312,0.1785714285714286,0.008172929286956787,0.010294020175933838,0.04297199845314026,0.30000000000000004,0.042739689350128174,0.043204307556152344
97479,premise,2,contradiction | neutral,1,0.08519494533538818,0.08519494533538818,0.08519494533538818,0.19999999999999996,,0.08519494533538818,,0.19999999999999996,0.06592556834220886,0.2055555555555556,0.05280226469039917,0.07904887199401855,0.15472456812858582,0.3772727272727273,0.14569389820098877,0.16375523805618286,1,0.04613804817199707,0.04613804817199707,0.04613804817199707,0.16666666666666663,,0.04613804817199707,,0.16666666666666663,0.028331100940704346,0.08333333333333331,0.014658927917480469,0.04200327396392822,0.07264697551727295,0.15705128205128205,0.06045031547546387,0.08484363555908203
16316,premise,2,neutral | entailment,1,0.13883846998214722,0.13883846998214722,0.13883846998214722,0.5555555555555556,,0.13883846998214722,,0.5555555555555556,0.07282713055610657,0.3888888888888889,0.008677363395690918,0.13697689771652222,0.391185462474823,0.55,0.33813560009002686,0.44423532485961914,1,0.06089138984680176,0.06089138984680176,0.06089138984680176,0.4,,0.06089138984680176,,0.4,0.03205084800720215,0.2909090909090909,0.0040814876556396484,0.06002020835876465,0.17578205466270447,0.3522727272727273,0.14155560731887817,0.21000850200653076
33124,premise,2,entailment | neutral,1,0.02448594570159912,0.02448594570159912,0.02448594570159912,0.36363636363636365,,0.02448594570159912,,0.36363636363636365,0.020266205072402954,0.2222222222222222,0.011853516101837158,0.02867889404296875,0.11484354734420776,0.4,0.10660111904144287,0.12308597564697266,1,0.010831117630004883,0.010831117630004883,0.010831117630004883,0.25,,0.010831117630004883,,0.25,0.005950897932052612,0.14090909090909087,0.005712449550628662,0.0061893463134765625,0.03872412443161011,0.21590909090909088,0.038031697273254395,0.03941655158996582
53256,premise,2,contradiction | neutral,1,0.027876615524291992,0.027876615524291992,0.027876615524291992,0.23076923076923073,,0.027876615524291992,,0.23076923076923073,0.015249252319335938,0.12878787878787878,0.011828362941741943,0.01867014169692993,0.3204769492149353,0.27884615384615385,0.3142130374908447,0.3267408609390259,1,0.021118581295013428,0.021118581295013428,0.021118581295013428,0.19999999999999996,,0.021118581295013428,,0.19999999999999996,0.012432277202606201,0.10989010989010989,0.011391878128051758,0.013472676277160645,0.2234605848789215,0.17142857142857143,0.2229514718055725,0.2239696979522705
60437,both,2,entailment | neutral,1,0.07616990804672241,0.07616990804672241,0.07616990804672241,0.33333333333333337,,0.07616990804672241,,0.33333333333333337,0.03775465488433838,0.18713450292397665,0.03328239917755127,0.04222691059112549,0.3014724552631378,0.26666666666666666,0.2852173447608948,0.31772756576538086,1,0.07616990804672241,0.07616990804672241,0.07616990804672241,0.33333333333333337,,0.07616990804672241,,0.33333333333333337,0.03775465488433838,0.18713450292397665,0.03328239917755127,0.04222691059112549,0.3014724552631378,0.26666666666666666,0.2852173447608948,0.31772756576538086
36569,premise,2,entailment | neutral,1,0.07491415739059448,0.07491415739059448,0.07491415739059448,0.4285714285714286,,0.07491415739059448,,0.4285714285714286,0.036337971687316895,0.26136363636363635,0.028955459594726562,0.04372048377990723,0.16680562496185303,0.4006410256410256,0.1654888391494751,0.16812241077423096,1,0.028472542762756348,0.028472542762756348,0.028472542762756348,0.2941176470588235,,0.028472542762756348,,0.2941176470588235,0.01493099331855774,0.16666666666666663,0.01349329948425293,0.01636868715286255,0.10190126299858093,0.21875,0.09843426942825317,0.10536825656890869
96696,premise,2,entailment | neutral,1,0.41904860734939575,0.41904860734939575,0.41904860734939575,0.6,,0.41904860734939575,,0.6,0.2483842372894287,0.4666666666666667,0.07938277721405029,0.41738569736480713,0.3459136188030243,0.4666666666666667,0.3396220803260803,0.35220515727996826,1,0.2042493224143982,0.2042493224143982,0.2042493224143982,0.5,,0.2042493224143982,,0.5,0.12467491626739502,0.375,0.0417710542678833,0.20757877826690674,0.17496055364608765,0.375,0.16617470979690552,0.18374639749526978
97591,hypothesis,2,entailment | neutral,1,0.03785651922225952,0.03785651922225952,0.03785651922225952,0.4285714285714286,,0.03785651922225952,,0.4285714285714286,0.02146536111831665,0.23776223776223776,0.007243037223815918,0.03568768501281738,0.21908500790596008,0.375,0.21127116680145264,0.22689884901046753,1,0.015728116035461426,0.015728116035461426,0.015728116035461426,0.2222222222222222,,0.015728116035461426,,0.2222222222222222,0.008455485105514526,0.11764705882352944,0.004897415637969971,0.012013554573059082,0.024332761764526367,0.16666666666666669,0.022350549697875977,0.026314973831176758
34616,premise,2,neutral | contradiction,1,0.016271233558654785,0.016271233558654785,0.016271233558654785,0.19999999999999996,,0.016271233558654785,,0.19999999999999996,0.034976959228515625,0.2222222222222222,0.028857946395874023,0.04109597206115723,0.4780861735343933,0.4,0.4658464789390564,0.4903258681297302,1,0.006352066993713379,0.006352066993713379,0.006352066993713379,0.16666666666666663,,0.006352066993713379,,0.16666666666666663,0.014688611030578613,0.18181818181818177,0.01400768756866455,0.015369534492492676,0.16405007243156433,0.33333333333333337,0.1598496437072754,0.16825050115585327
14458,hypothesis,2,entailment | neutral,1,0.036967694759368896,0.036967694759368896,0.036967694759368896,0.4,,0.036967694759368896,,0.4,0.024212121963500977,0.3111111111111111,0.023679494857788086,0.024744749069213867,0.24736586213111877,0.4727272727272727,0.23724967241287231,0.25748205184936523,1,0.0196913480758667,0.0196913480758667,0.0196913480758667,0.3076923076923077,,0.0196913480758667,,0.3076923076923077,0.011883199214935303,0.23717948717948717,0.010803520679473877,0.012962877750396729,0.11718195676803589,0.2939560439560439,0.11298882961273193,0.12137508392333984
85343,premise,2,neutral | contradiction,1,0.08966588973999023,0.08966588973999023,0.08966588973999023,0.3125,,0.08966588973999023,,0.3125,0.0466824471950531,0.17500000000000004,0.01704573631286621,0.07631915807723999,0.13110819458961487,0.30288461538461536,0.11266350746154785,0.14955288171768188,1,0.012931287288665771,0.012931287288665771,0.012931287288665771,0.2777777777777778,,0.012931287288665771,,0.2777777777777778,0.006778031587600708,0.15336134453781514,0.005542457103729248,0.008013606071472168,0.032263368368148804,0.20555555555555555,0.0315510630607605,0.03297567367553711
92281,premise,2,entailment | neutral,1,0.0742829442024231,0.0742829442024231,0.0742829442024231,0.375,,0.0742829442024231,,0.375,0.029336869716644287,0.2142857142857143,0.012532234191894531,0.04614150524139404,0.501788854598999,0.4375,0.47624003887176514,0.5273376107215881,1,0.04421865940093994,0.04421865940093994,0.04421865940093994,0.33333333333333337,,0.04421865940093994,,0.33333333333333337,0.016630709171295166,0.1875,0.01016700267791748,0.02309441566467285,0.1671675145626068,0.2777777777777778,0.16162514686584473,0.1727098822593689
553,hypothesis,2,entailment | neutral,1,0.023089706897735596,0.023089706897735596,0.023089706897735596,0.33333333333333337,,0.023089706897735596,,0.33333333333333337,0.011815756559371948,0.19871794871794868,0.011604487895965576,0.01202702522277832,0.049142152070999146,0.3324175824175824,0.048964619636535645,0.049319684505462646,1,0.0031226277351379395,0.0031226277351379395,0.0031226277351379395,0.26315789473684215,,0.0031226277351379395,,0.26315789473684215,0.001804351806640625,0.15073529411764708,0.0017381906509399414,0.0018705129623413086,0.008757144212722778,0.19934640522875818,0.008554041385650635,0.008960247039794922
88197,premise,2,entailment | neutral,1,0.25571000576019287,0.25571000576019287,0.25571000576019287,0.4444444444444444,,0.25571000576019287,,0.4444444444444444,0.17194914817810059,0.375,0.16473257541656494,0.17916572093963623,0.39622762799263,0.5555555555555556,0.383949875831604,0.408505380153656,1,0.128398597240448,0.128398597240448,0.128398597240448,0.30000000000000004,,0.128398597240448,,0.30000000000000004,0.08873635530471802,0.2611111111111111,0.07773721218109131,0.09973549842834473,0.213701069355011,0.33181818181818185,0.17970263957977295,0.24769949913024902
40614,premise,2,neutral | entailment,1,0.06978839635848999,0.06978839635848999,0.06978839635848999,0.6666666666666667,,0.06978839635848999,,0.6666666666666667,0.049897074699401855,0.5,0.02819645404815674,0.07159769535064697,0.12691575288772583,0.5,0.11564159393310547,0.1381899118423462,1,0.04654896259307861,0.04654896259307861,0.04654896259307861,0.4,,0.04654896259307861,,0.4,0.03188696503639221,0.29870129870129875,0.019719421863555908,0.044054508209228516,0.08963355422019958,0.29870129870129875,0.08087867498397827,0.0983884334564209
65_c,premise,2,neutral | entailment,1,0.14827191829681396,0.14827191829681396,0.14827191829681396,0.5,,0.14827191829681396,,0.5,0.06938543915748596,0.2976190476190476,0.06002861261367798,0.07874226570129395,0.4168810248374939,0.5267857142857143,0.41595375537872314,0.41780829429626465,1,0.07784420251846313,0.07784420251846313,0.07784420251846313,0.36363636363636365,,0.07784420251846313,,0.36363636363636365,0.036042749881744385,0.2055555555555556,0.030775904655456543,0.04130959510803223,0.22205737233161926,0.3772727272727273,0.2159903645515442,0.22812438011169434
35343,premise,2,entailment | neutral,1,0.04450654983520508,0.04450654983520508,0.04450654983520508,0.2857142857142857,,0.04450654983520508,,0.2857142857142857,0.04157993197441101,0.16666666666666663,0.017598271369934082,0.06556159257888794,0.2657247483730316,0.4285714285714286,0.24677085876464844,0.2846786379814148,1,0.027047276496887207,0.027047276496887207,0.027047276496887207,0.15384615384615385,,0.027047276496887207,,0.15384615384615385,0.022081196308135986,0.08333333333333337,0.007060587406158447,0.037101805210113525,0.08759814500808716,0.15384615384615385,0.07645463943481445,0.09874165058135986
48_c,premise,2,contradiction | neutral,1,0.10108894109725952,0.10108894109725952,0.10108894109725952,0.5833333333333333,,0.10108894109725952,,0.5833333333333333,0.0513855516910553,0.3352272727272727,0.02718251943588257,0.07558858394622803,0.1259232461452484,0.5,0.09881401062011719,0.15303248167037964,1,0.029229402542114258,0.029229402542114258,0.029229402542114258,0.4285714285714286,,0.029229402542114258,,0.4285714285714286,0.013247251510620117,0.23776223776223776,0.007544577121734619,0.018949925899505615,0.042984217405319214,0.2976190476190476,0.035901665687561035,0.05006676912307739
74717,premise,2,neutral | entailment,1,0.39999037981033325,0.39999037981033325,0.39999037981033325,0.5,,0.39999037981033325,,0.5,0.20105811953544617,0.3166666666666667,0.12713998556137085,0.2749762535095215,0.19625520706176758,0.3,0.14299607276916504,0.24951434135437012,1,0.18579137325286865,0.18579137325286865,0.18579137325286865,0.3571428571428571,,0.18579137325286865,,0.3571428571428571,0.09625914692878723,0.20833333333333331,0.07519429922103882,0.11732399463653564,0.09580788016319275,0.20833333333333331,0.0772671103477478,0.1143486499786377
10932,hypothesis,2,entailment | contradiction,1,0.1467067003250122,0.1467067003250122,0.1467067003250122,0.2727272727272727,,0.1467067003250122,,0.2727272727272727,0.08889123797416687,0.3181818181818182,0.056979596614837646,0.1208028793334961,0.14189952611923218,0.4583333333333333,0.11619091033935547,0.1676081418991089,1,0.03293311595916748,0.03293311595916748,0.03293311595916748,0.1875,,0.03293311595916748,,0.1875,0.023024320602416992,0.21875,0.015986204147338867,0.030062437057495117,0.046214550733566284,0.2647058823529412,0.0393105149269104,0.05311858654022217
13512,premise,2,contradiction | neutral,1,0.0977516770362854,0.0977516770362854,0.0977516770362854,0.33333333333333337,,0.0977516770362854,,0.33333333333333337,0.07498431205749512,0.2916666666666667,0.04511833190917969,0.10485029220581055,0.17628657817840576,0.4722222222222222,0.14935052394866943,0.2032226324081421,1,0.04463517665863037,0.04463517665863037,0.04463517665863037,0.2727272727272727,,0.04463517665863037,,0.2727272727272727,0.04644814133644104,0.23636363636363633,0.03220820426940918,0.0606880784034729,0.11712798476219177,0.30303030303030304,0.10382288694381714,0.1304330825805664
92025,both,4,entailment | entailment | contradiction | neutral,6,0.05159630378087362,0.02818477153778076,0.08691000938415527,0.355125461876034,0.04092305898666382,0.05373095273971558,0.30000000000000004,0.36615055425124077,0.07323870062828064,0.48125,0.06265020370483398,0.08141946792602539,0.17243412137031555,0.564204629220109,0.1586627960205078,0.18064022064208984,6,0.05159630378087362,0.02818477153778076,0.08691000938415527,0.355125461876034,0.04092305898666382,0.05373095273971558,0.30000000000000004,0.36615055425124077,0.07323870062828064,0.48125,0.06265020370483398,0.08141946792602539,0.17243412137031555,0.564204629220109,0.1586627960205078,0.18064022064208984
58905,premise,2,neutral | entailment,1,0.0016632080078125,0.0016632080078125,0.0016632080078125,0.125,,0.0016632080078125,,0.125,0.001051574945449829,0.125,0.000896751880645752,0.0012063980102539062,0.0749480128288269,0.23529411764705888,0.07404088973999023,0.07585513591766357,1,0.001173555850982666,0.001173555850982666,0.001173555850982666,0.11764705882352944,,0.001173555850982666,,0.11764705882352944,0.0007520020008087158,0.11764705882352944,0.0005580782890319824,0.0009459257125854492,0.04918408393859863,0.2222222222222222,0.047926902770996094,0.05044126510620117
57513,premise,2,contradiction | neutral,1,0.03905165195465088,0.03905165195465088,0.03905165195465088,0.3846153846153846,,0.03905165195465088,,0.3846153846153846,0.02719217538833618,0.23636363636363633,0.026199698448181152,0.02818465232849121,0.06411606073379517,0.39015151515151514,0.06113934516906738,0.06709277629852295,1,0.023595094680786133,0.023595094680786133,0.023595094680786133,0.2857142857142857,,0.023595094680786133,,0.2857142857142857,0.017007827758789062,0.16083916083916083,0.016739189624786377,0.017276465892791748,0.04728469252586365,0.30357142857142855,0.04506713151931763,0.04950225353240967
101528,hypothesis,2,contradiction | entailment,1,0.08865302801132202,0.08865302801132202,0.08865302801132202,0.5,,0.08865302801132202,,0.5,0.07054552435874939,0.2897727272727273,0.02879178524017334,0.11229926347732544,0.2007032334804535,0.4583333333333333,0.16691362857818604,0.23449283838272095,1,0.07901757955551147,0.07901757955551147,0.07901757955551147,0.4285714285714286,,0.07901757955551147,,0.4285714285714286,0.05204734206199646,0.24230769230769228,0.013761043548583984,0.09033364057540894,0.13221034407615662,0.3051948051948052,0.09963828325271606,0.16478240489959717
85938,hypothesis,2,entailment | neutral,1,0.055245816707611084,0.055245816707611084,0.055245816707611084,0.36363636363636365,,0.055245816707611084,,0.36363636363636365,0.02723747491836548,0.2055555555555556,0.009339332580566406,0.04513561725616455,0.3928277790546417,0.3772727272727273,0.38723307847976685,0.3984224796295166,1,0.02031850814819336,0.02031850814819336,0.02031850814819336,0.3076923076923077,,0.02031850814819336,,0.3076923076923077,0.010148018598556519,0.17045454545454547,0.002982616424560547,0.01731342077255249,0.17178907990455627,0.23717948717948717,0.1706365942955017,0.17294156551361084
88_c,premise,2,entailment | neutral,1,0.027275264263153076,0.027275264263153076,0.027275264263153076,0.5,,0.027275264263153076,,0.5,0.03263941407203674,0.4272727272727273,0.027518928050994873,0.03775990009307861,0.3873330056667328,0.5643939393939393,0.3807066082954407,0.3939594030380249,1,0.022572994232177734,0.022572994232177734,0.022572994232177734,0.4,,0.022572994232177734,,0.4,0.027115553617477417,0.32867132867132864,0.022589564323425293,0.03164154291152954,0.1673969030380249,0.380952380952381,0.1659785509109497,0.1688152551651001
25324,premise,2,entailment | neutral,1,0.044142067432403564,0.044142067432403564,0.044142067432403564,0.25,,0.044142067432403564,,0.25,0.05804690718650818,0.30303030303030304,0.055000245571136475,0.06109356880187988,0.18097668886184692,0.4391025641025641,0.17997866868972778,0.18197470903396606,1,0.02993983030319214,0.02993983030319214,0.02993983030319214,0.19999999999999996,,0.02993983030319214,,0.19999999999999996,0.0279674232006073,0.17142857142857143,0.02696239948272705,0.02897244691848755,0.10296151041984558,0.22499999999999998,0.1004798412322998,0.10544317960739136
67167,premise,2,neutral | contradiction,1,0.02392280101776123,0.02392280101776123,0.02392280101776123,0.25,,0.02392280101776123,,0.25,0.01544162631034851,0.1428571428571429,0.01370704174041748,0.01717621088027954,0.34772223234176636,0.375,0.3466747999191284,0.3487696647644043,1,0.017300307750701904,0.017300307750701904,0.017300307750701904,0.2222222222222222,,0.017300307750701904,,0.2222222222222222,0.009210973978042603,0.125,0.006033539772033691,0.012388408184051514,0.2468862533569336,0.2222222222222222,0.24450170993804932,0.24927079677581787
27825,hypothesis,2,contradiction | entailment,1,0.32584232091903687,0.32584232091903687,0.32584232091903687,0.875,,0.32584232091903687,,0.875,0.19511717557907104,0.6166666666666667,0.1264352798461914,0.2637990713119507,0.22481882572174072,0.7342657342657343,0.16044926643371582,0.2891883850097656,1,0.10296964645385742,0.10296964645385742,0.10296964645385742,0.55,,0.10296964645385742,,0.55,0.05196422338485718,0.33639705882352944,0.04048192501068115,0.0634465217590332,0.06268727779388428,0.3741830065359477,0.055760979652404785,0.06961357593536377
46238,premise,2,entailment | neutral,1,0.027778983116149902,0.027778983116149902,0.027778983116149902,0.3846153846153846,,0.027778983116149902,,0.3846153846153846,0.022768884897232056,0.22222222222222227,0.016406774520874023,0.029130995273590088,0.10668838024139404,0.3807692307692308,0.10151612758636475,0.11186063289642334,1,0.03249979019165039,0.03249979019165039,0.03249979019165039,0.33333333333333337,,0.03249979019165039,,0.33333333333333337,0.025040119886398315,0.18831168831168832,0.02229762077331543,0.0277826189994812,0.07506883144378662,0.25,0.07178819179534912,0.07834947109222412
70006,both,4,neutral | contradiction | contradiction | contradiction,6,0.0617161492506663,0.013955235481262207,0.15966302156448364,0.1388888888888889,0.033254007498423256,0.09017829100290935,0.11111111111111109,0.1666666666666667,0.06731534004211426,0.1866013071895425,0.04588371515274048,0.09147489070892334,0.19898954033851624,0.27306501547987616,0.17993152141571045,0.2348257303237915,6,0.0617161492506663,0.013955235481262207,0.15966302156448364,0.1388888888888889,0.033254007498423256,0.09017829100290935,0.11111111111111109,0.1666666666666667,0.06731534004211426,0.1866013071895425,0.04588371515274048,0.09147489070892334,0.19898954033851624,0.27306501547987616,0.17993152141571045,0.2348257303237915
27855,hypothesis,2,contradiction | entailment,1,0.03216087818145752,0.03216087818145752,0.03216087818145752,0.33333333333333337,,0.03216087818145752,,0.33333333333333337,0.025769948959350586,0.19642857142857145,0.02357703447341919,0.027962863445281982,0.14455702900886536,0.4097222222222222,0.13869315385818481,0.1504209041595459,1,0.021739482879638672,0.021739482879638672,0.021739482879638672,0.2727272727272727,,0.021739482879638672,,0.2727272727272727,0.01715138554573059,0.15555555555555556,0.01390528678894043,0.020397484302520752,0.09249770641326904,0.23636363636363633,0.0898287296295166,0.09516668319702148
17_c,hypothesis,2,entailment | neutral,1,0.009754538536071777,0.009754538536071777,0.009754538536071777,0.0,,0.009754538536071777,,0.0,0.011267513036727905,0.0,0.0073378682136535645,0.015197157859802246,0.16796797513961792,0.19999999999999996,0.16262507438659668,0.17331087589263916,1,0.004087328910827637,0.004087328910827637,0.004087328910827637,0.0,,0.004087328910827637,,0.0,0.003693610429763794,0.0,0.003093123435974121,0.004294097423553467,0.06085324287414551,0.05882352941176472,0.06034517288208008,0.06136131286621094
92619,premise,2,neutral | contradiction,1,0.009574055671691895,0.009574055671691895,0.009574055671691895,0.2222222222222222,,0.009574055671691895,,0.2222222222222222,0.006602585315704346,0.125,0.0051316022872924805,0.008073568344116211,0.08626377582550049,0.33333333333333337,0.08074545860290527,0.0917820930480957,1,0.007181406021118164,0.007181406021118164,0.007181406021118164,0.19999999999999996,,0.007181406021118164,,0.19999999999999996,0.004994869232177734,0.11111111111111116,0.004628181457519531,0.0053615570068359375,0.07243484258651733,0.30000000000000004,0.06918591260910034,0.07568377256393433
6615,premise,2,contradiction | neutral,1,0.029270529747009277,0.029270529747009277,0.029270529747009277,0.2727272727272727,,0.029270529747009277,,0.2727272727272727,0.015192955732345581,0.14999999999999997,0.012796938419342041,0.01758897304534912,0.10842403769493103,0.3181818181818182,0.10781484842300415,0.10903322696685791,1,0.013490617275238037,0.013490617275238037,0.013490617275238037,0.19999999999999996,,0.013490617275238037,,0.19999999999999996,0.007234394550323486,0.10714285714285715,0.006908297538757324,0.0075604915618896484,0.05300384759902954,0.16666666666666663,0.052613914012908936,0.053393781185150146
92702,premise,2,neutral | entailment,1,0.04831737279891968,0.04831737279891968,0.04831737279891968,0.41666666666666663,,0.04831737279891968,,0.41666666666666663,0.023957937955856323,0.2318181818181818,0.020832598209381104,0.027083277702331543,0.20628511905670166,0.38636363636363635,0.20327544212341309,0.20929479598999023,1,0.04172921180725098,0.04172921180725098,0.04172921180725098,0.3076923076923077,,0.04172921180725098,,0.3076923076923077,0.0244978666305542,0.16666666666666669,0.020423531532287598,0.0285722017288208,0.08822590112686157,0.23076923076923078,0.08534801006317139,0.09110379219055176
21878,premise,2,contradiction | neutral,1,0.009280860424041748,0.009280860424041748,0.009280860424041748,0.15384615384615385,,0.009280860424041748,,0.15384615384615385,0.005798012018203735,0.08333333333333337,0.00396198034286499,0.0076340436935424805,0.15157446265220642,0.23076923076923073,0.14686626195907593,0.15628266334533691,1,0.005836546421051025,0.005836546421051025,0.005836546421051025,0.1333333333333333,,0.005836546421051025,,0.1333333333333333,0.004540562629699707,0.0714285714285714,0.0029658079147338867,0.006115317344665527,0.05213549733161926,0.1333333333333333,0.050758183002471924,0.0535128116607666
83055,premise,2,contradiction | neutral,1,0.020329296588897705,0.020329296588897705,0.020329296588897705,0.2142857142857143,,0.020329296588897705,,0.2142857142857143,0.023309051990509033,0.19871794871794868,0.020653367042541504,0.025964736938476562,0.0914221704006195,0.3324175824175824,0.08503258228302002,0.097811758518219,1,0.008961796760559082,0.008961796760559082,0.008961796760559082,0.1333333333333333,,0.008961796760559082,,0.1333333333333333,0.012589037418365479,0.1428571428571429,0.011933445930480957,0.01324462890625,0.048721373081207275,0.2666666666666667,0.04405200481414795,0.0533907413482666
9_c,both,4,neutral | neutral | neutral | entailment,6,0.03500427802403768,0.012807130813598633,0.055957913398742676,0.28064713064713065,0.03336505095163981,0.03664350509643555,0.2698412698412699,0.2914529914529915,0.02896052598953247,0.2761904761904762,0.026230454444885254,0.03366732597351074,0.5420215129852295,0.38750000000000007,0.5326581001281738,0.549707293510437,6,0.03500427802403768,0.012807130813598633,0.055957913398742676,0.28064713064713065,0.03336505095163981,0.03664350509643555,0.2698412698412699,0.2914529914529915,0.02896052598953247,0.2761904761904762,0.026230454444885254,0.03366732597351074,0.5420215129852295,0.38750000000000007,0.5326581001281738,0.549707293510437
83487,hypothesis,2,contradiction | entailment,1,0.044561922550201416,0.044561922550201416,0.044561922550201416,0.4,,0.044561922550201416,,0.4,0.03611472249031067,0.23809523809523814,0.035465240478515625,0.03676420450210571,0.3715321123600006,0.4375,0.3680464029312134,0.37501782178878784,1,0.044067323207855225,0.044067323207855225,0.044067323207855225,0.33333333333333337,,0.044067323207855225,,0.33333333333333337,0.029415398836135864,0.19191919191919193,0.014163851737976074,0.044666945934295654,0.17599886655807495,0.26666666666666666,0.16097044944763184,0.19102728366851807
93412,hypothesis,2,entailment | neutral,1,0.40271663665771484,0.40271663665771484,0.40271663665771484,0.625,,0.40271663665771484,,0.625,0.25870245695114136,0.5625,0.15606462955474854,0.3613402843475342,0.20594528317451477,0.5625,0.1716756820678711,0.24021488428115845,1,0.18723148107528687,0.18723148107528687,0.18723148107528687,0.36363636363636365,,0.18723148107528687,,0.36363636363636365,0.08955863118171692,0.36363636363636365,0.07320427894592285,0.10591298341751099,0.08501085638999939,0.36363636363636365,0.07991397380828857,0.0901077389717102
1747,premise,2,neutral | contradiction,1,0.09155875444412231,0.09155875444412231,0.09155875444412231,0.3846153846153846,,0.09155875444412231,,0.3846153846153846,0.06594857573509216,0.3034188034188034,0.04584646224975586,0.08605068922042847,0.39278969168663025,0.3611111111111111,0.3733956217765808,0.4121837615966797,1,0.03718090057373047,0.03718090057373047,0.03718090057373047,0.3571428571428571,,0.03718090057373047,,0.3571428571428571,0.024772286415100098,0.19285714285714284,0.02080678939819336,0.028737783432006836,0.2355394959449768,0.25,0.22543871402740479,0.24564027786254883
24928,premise,2,entailment | contradiction,1,0.024774551391601562,0.024774551391601562,0.024774551391601562,0.3571428571428571,,0.024774551391601562,,0.3571428571428571,0.017402946949005127,0.20833333333333331,0.007130086421966553,0.0276758074760437,0.32692256569862366,0.34615384615384615,0.3225410580635071,0.33130407333374023,1,0.016527533531188965,0.016527533531188965,0.016527533531188965,0.25,,0.016527533531188965,,0.25,0.012857437133789062,0.1380952380952381,0.006455898284912109,0.019258975982666016,0.2257804274559021,0.25833333333333336,0.22385597229003906,0.22770488262176514
102166,premise,2,neutral | entailment,1,0.036284804344177246,0.036284804344177246,0.036284804344177246,0.6428571428571428,,0.036284804344177246,,0.6428571428571428,0.023093611001968384,0.4358974358974359,0.01849532127380371,0.027691900730133057,0.21028265357017517,0.5521978021978022,0.20869117975234985,0.2118741273880005,1,0.01142197847366333,0.01142197847366333,0.01142197847366333,0.375,,0.01142197847366333,,0.375,0.010155200958251953,0.2604166666666667,0.007966399192810059,0.012344002723693848,0.1608079969882965,0.36580882352941174,0.15796053409576416,0.16365545988082886
123_c,premise,2,neutral | entailment,1,0.017642438411712646,0.017642438411712646,0.017642438411712646,0.07692307692307687,,0.017642438411712646,,0.07692307692307687,0.0063658952713012695,0.038461538461538436,0.0038881301879882812,0.008843660354614258,0.10563838481903076,0.18406593406593408,0.10118985176086426,0.11008691787719727,1,0.0061948299407958984,0.0061948299407958984,0.0061948299407958984,0.0625,,0.0061948299407958984,,0.0625,0.0035232901573181152,0.03125,0.0019192695617675781,0.005127310752868652,0.09505569934844971,0.09007352941176472,0.09437048435211182,0.0957409143447876
7162,hypothesis,2,neutral | entailment,1,0.017596781253814697,0.017596781253814697,0.017596781253814697,0.3846153846153846,,0.017596781253814697,,0.3846153846153846,0.01086568832397461,0.23636363636363633,0.006046175956726074,0.015685200691223145,0.1709577739238739,0.39015151515151514,0.1670166254043579,0.1748989224433899,1,0.003063797950744629,0.003063797950744629,0.003063797950744629,0.19999999999999996,,0.003063797950744629,,0.19999999999999996,0.003063589334487915,0.11111111111111116,0.0023763179779052734,0.0037508606910705566,0.07574227452278137,0.1578947368421053,0.07538437843322754,0.0761001706123352
42470,premise,2,entailment | neutral,1,0.060985267162323,0.060985267162323,0.060985267162323,0.19999999999999996,,0.060985267162323,,0.19999999999999996,0.03781196475028992,0.11111111111111116,0.02363520860671997,0.05198872089385986,0.04502105712890625,0.30000000000000004,0.0277673602104187,0.0622747540473938,1,0.036464691162109375,0.036464691162109375,0.036464691162109375,0.18181818181818177,,0.036464691162109375,,0.18181818181818177,0.019412964582443237,0.09999999999999998,0.010044276714324951,0.028781652450561523,0.022235840559005737,0.18181818181818177,0.010297775268554688,0.03417390584945679
888,premise,2,entailment | neutral,1,0.046228647232055664,0.046228647232055664,0.046228647232055664,0.31818181818181823,,0.046228647232055664,,0.31818181818181823,0.029891610145568848,0.22023809523809523,0.02013695240020752,0.039646267890930176,0.06364449858665466,0.30303030303030304,0.05926096439361572,0.0680280327796936,1,0.013530075550079346,0.013530075550079346,0.013530075550079346,0.24,,0.013530075550079346,,0.24,0.010038822889328003,0.13339920948616601,0.007548332214355469,0.012529313564300537,0.0183735191822052,0.17028985507246375,0.01774775981903076,0.01899927854537964
95_c,premise,2,neutral | entailment,1,0.015382528305053711,0.015382528305053711,0.015382528305053711,0.11111111111111116,,0.015382528305053711,,0.11111111111111116,0.0066297054290771484,0.05555555555555558,0.00223696231842041,0.011022448539733887,0.2916211485862732,0.25,0.2912617325782776,0.2919805645942688,1,0.008014321327209473,0.008014321327209473,0.008014321327209473,0.09090909090909094,,0.008014321327209473,,0.09090909090909094,0.0034395456314086914,0.04545454545454547,0.0010492801666259766,0.005829811096191406,0.16488122940063477,0.125,0.16251540184020996,0.16724705696105957
26677,hypothesis,2,neutral | entailment,1,0.052945852279663086,0.052945852279663086,0.052945852279663086,0.5,,0.052945852279663086,,0.5,0.03643888235092163,0.2976190476190476,0.022246479988098145,0.05063128471374512,0.21954679489135742,0.5267857142857143,0.2050086259841919,0.23408496379852295,1,0.030745267868041992,0.030745267868041992,0.030745267868041992,0.19999999999999996,,0.030745267868041992,,0.19999999999999996,0.016742438077926636,0.10555555555555557,0.016532063484191895,0.016952812671661377,0.1156109869480133,0.19090909090909086,0.11475974321365356,0.11646223068237305
93445,premise,2,neutral | entailment,1,0.1067473292350769,0.1067473292350769,0.1067473292350769,0.23529411764705888,,0.1067473292350769,,0.23529411764705888,0.04807990789413452,0.18198529411764708,0.01836562156677246,0.07779419422149658,0.31987103819847107,0.28594771241830064,0.28614169359207153,0.3536003828048706,1,0.08915168046951294,0.08915168046951294,0.08915168046951294,0.2222222222222222,,0.08915168046951294,,0.2222222222222222,0.03493949770927429,0.1715686274509804,0.0173761248588562,0.05250287055969238,0.18979203701019287,0.21637426900584794,0.1710965633392334,0.20848751068115234
38194,hypothesis,2,neutral | contradiction,1,0.049584805965423584,0.049584805965423584,0.049584805965423584,0.19999999999999996,,0.049584805965423584,,0.19999999999999996,0.02582809329032898,0.11111111111111116,0.021941184997558594,0.029715001583099365,0.1469751000404358,0.30000000000000004,0.14373689889907837,0.1502133011817932,1,0.024187088012695312,0.024187088012695312,0.024187088012695312,0.1428571428571429,,0.024187088012695312,,0.1428571428571429,0.011576980352401733,0.07692307692307687,0.007387816905975342,0.015766143798828125,0.09344437718391418,0.1428571428571429,0.09160923957824707,0.0952795147895813
97_c,premise,2,neutral | entailment,1,0.2666371464729309,0.2666371464729309,0.2666371464729309,0.25,,0.2666371464729309,,0.25,0.16434141993522644,0.1428571428571429,0.1071467399597168,0.22153609991073608,0.4796711504459381,0.375,0.441217303276062,0.5181249976158142,1,0.10880953073501587,0.10880953073501587,0.10880953073501587,0.11111111111111116,,0.10880953073501587,,0.11111111111111116,0.05773332715034485,0.05555555555555558,0.02188509702682495,0.09358155727386475,0.17289137840270996,0.15555555555555556,0.16822266578674316,0.17756009101867676
43810,premise,2,contradiction | neutral,1,0.04743391275405884,0.04743391275405884,0.04743391275405884,0.3157894736842105,,0.04743391275405884,,0.3157894736842105,0.025298357009887695,0.17708333333333331,0.008386492729187012,0.04221022129058838,0.08644098043441772,0.2786377708978328,0.062360286712646484,0.11052167415618896,1,0.012569308280944824,0.012569308280944824,0.012569308280944824,0.30000000000000004,,0.012569308280944824,,0.30000000000000004,0.0060364603996276855,0.16718266253869973,0.004460811614990234,0.007612109184265137,0.03621089458465576,0.2638888888888889,0.033411622047424316,0.03901016712188721
38_c,premise,2,neutral | contradiction,1,0.06628686189651489,0.06628686189651489,0.06628686189651489,0.33333333333333337,,0.06628686189651489,,0.33333333333333337,0.0339282751083374,0.1875,0.026655375957489014,0.04120117425918579,0.1376199722290039,0.3888888888888889,0.1250298023223877,0.15021014213562012,1,0.03577381372451782,0.03577381372451782,0.03577381372451782,0.19999999999999996,,0.03577381372451782,,0.19999999999999996,0.01679551601409912,0.10714285714285715,0.015696227550506592,0.01789480447769165,0.10202580690383911,0.23333333333333334,0.0968477725982666,0.10720384120941162
138_c,premise,2,neutral | entailment,1,0.014470040798187256,0.014470040798187256,0.014470040798187256,0.11111111111111116,,0.014470040798187256,,0.11111111111111116,0.012290656566619873,0.05555555555555558,0.004577994346618652,0.020003318786621094,0.012290656566619873,0.05555555555555558,0.004577994346618652,0.020003318786621094,1,0.009271800518035889,0.009271800518035889,0.009271800518035889,0.09999999999999998,,0.009271800518035889,,0.09999999999999998,0.008130788803100586,0.04999999999999999,0.003794074058532715,0.012467503547668457,0.008130788803100586,0.04999999999999999,0.003794074058532715,0.012467503547668457
73_c,premise,2,entailment | neutral,1,0.08351892232894897,0.08351892232894897,0.08351892232894897,0.375,,0.08351892232894897,,0.375,0.038627684116363525,0.2142857142857143,0.021423697471618652,0.0558316707611084,0.2724997103214264,0.4375,0.26995497941970825,0.27504444122314453,1,0.04062843322753906,0.04062843322753906,0.04062843322753906,0.19999999999999996,,0.04062843322753906,,0.19999999999999996,0.017076998949050903,0.11111111111111116,0.00812298059463501,0.026031017303466797,0.08740127086639404,0.19999999999999996,0.08580952882766724,0.08899301290512085
72_c,premise,2,entailment | neutral,1,0.04035305976867676,0.04035305976867676,0.04035305976867676,0.16666666666666663,,0.04035305976867676,,0.16666666666666663,0.049953609704971313,0.25,0.04204833507537842,0.05785888433456421,0.20413056015968323,0.3846153846153846,0.1979268193244934,0.21033430099487305,1,0.02592790126800537,0.02592790126800537,0.02592790126800537,0.0714285714285714,,0.02592790126800537,,0.0714285714285714,0.023827701807022095,0.10238095238095235,0.016072332859039307,0.03158307075500488,0.09360909461975098,0.16041666666666665,0.08827590942382812,0.09894227981567383
26_c,hypothesis,2,entailment | neutral,1,0.03801971673965454,0.03801971673965454,0.03801971673965454,0.4,,0.03801971673965454,,0.4,0.024751901626586914,0.3111111111111111,0.016707301139831543,0.032796502113342285,0.06362193822860718,0.4727272727272727,0.0582769513130188,0.06896692514419556,1,0.02254962921142578,0.02254962921142578,0.02254962921142578,0.16666666666666663,,0.02254962921142578,,0.16666666666666663,0.014108449220657349,0.1388888888888889,0.0073626041412353516,0.020854294300079346,0.031318724155426025,0.1842105263157895,0.026857495307922363,0.03577995300292969
15104,premise,2,entailment | neutral,1,0.020821809768676758,0.020821809768676758,0.020821809768676758,0.15384615384615385,,0.020821809768676758,,0.15384615384615385,0.01061093807220459,0.08333333333333337,0.009510278701782227,0.011711597442626953,0.09427458047866821,0.23076923076923073,0.09421920776367188,0.09432995319366455,1,0.04580467939376831,0.04580467939376831,0.04580467939376831,0.1333333333333333,,0.04580467939376831,,0.1333333333333333,0.02304607629776001,0.0714285714285714,0.01079559326171875,0.03529655933380127,0.05736738443374634,0.1333333333333333,0.042835354804992676,0.0718994140625
70388,hypothesis,2,entailment | neutral,1,0.10503661632537842,0.10503661632537842,0.10503661632537842,0.5454545454545454,,0.10503661632537842,,0.5454545454545454,0.0721997320652008,0.3125,0.023924946784973145,0.12047451734542847,0.2032850980758667,0.48484848484848486,0.14829832315444946,0.25827187299728394,1,0.04776984453201294,0.04776984453201294,0.04776984453201294,0.25,,0.04776984453201294,,0.25,0.029466360807418823,0.125,0.009949028491973877,0.04898369312286377,0.09654229879379272,0.20384615384615384,0.06879401206970215,0.1242905855178833
65235,premise,2,neutral | contradiction,1,0.16824054718017578,0.16824054718017578,0.16824054718017578,0.41666666666666663,,0.16824054718017578,,0.41666666666666663,0.09282958507537842,0.25,0.06008720397949219,0.12557196617126465,0.12444373965263367,0.3181818181818182,0.08881449699401855,0.16007298231124878,1,0.054355502128601074,0.054355502128601074,0.054355502128601074,0.2142857142857143,,0.054355502128601074,,0.2142857142857143,0.02956661581993103,0.10714285714285715,0.014887988567352295,0.044245243072509766,0.03717908263206482,0.1717948717948718,0.02231651544570923,0.05204164981842041
77314,premise,2,entailment | neutral,1,0.06026715040206909,0.06026715040206909,0.06026715040206909,0.6,,0.06026715040206909,,0.6,0.05380299687385559,0.4083333333333333,0.03866100311279297,0.06894499063491821,0.236456960439682,0.5419580419580419,0.22326987981796265,0.24964404106140137,1,0.02205502986907959,0.02205502986907959,0.02205502986907959,0.368421052631579,,0.02205502986907959,,0.368421052631579,0.022206664085388184,0.21764705882352942,0.017586171627044678,0.02682715654373169,0.09929242730140686,0.2638888888888889,0.09564465284347534,0.10294020175933838
38422,premise,2,neutral | entailment,1,0.13396412134170532,0.13396412134170532,0.13396412134170532,0.25,,0.13396412134170532,,0.25,0.11768418550491333,0.25,0.06726789474487305,0.1681004762649536,0.2285241186618805,0.4444444444444444,0.17911076545715332,0.27793747186660767,1,0.06666702032089233,0.06666702032089233,0.06666702032089233,0.19999999999999996,,0.06666702032089233,,0.19999999999999996,0.06546729803085327,0.19999999999999996,0.03381240367889404,0.0971221923828125,0.1453922688961029,0.36363636363636365,0.11031115055084229,0.18047338724136353
66695,hypothesis,2,entailment | neutral,1,0.05255162715911865,0.05255162715911865,0.05255162715911865,0.375,,0.05255162715911865,,0.375,0.028186380863189697,0.3125,0.012008070945739746,0.04436469078063965,0.3695783317089081,0.5,0.3524746894836426,0.3866819739341736,1,0.04131060838699341,0.04131060838699341,0.04131060838699341,0.23076923076923073,,0.04131060838699341,,0.23076923076923073,0.022394150495529175,0.1923076923076923,0.009728014469146729,0.03506028652191162,0.200238436460495,0.25,0.19142526388168335,0.20905160903930664
54119,hypothesis,2,contradiction | entailment,1,0.03655964136123657,0.03655964136123657,0.03655964136123657,0.09999999999999998,,0.03655964136123657,,0.09999999999999998,0.024301886558532715,0.04999999999999999,0.02251136302947998,0.02609241008758545,0.4803466796875,0.23636363636363633,0.47423112392425537,0.48646223545074463,1,0.02153337001800537,0.02153337001800537,0.02153337001800537,0.07692307692307687,,0.02153337001800537,,0.07692307692307687,0.013054519891738892,0.038461538461538436,0.006140530109405518,0.019968509674072266,0.19112896919250488,0.10989010989010989,0.18368899822235107,0.1985689401626587
22299,premise,2,entailment | neutral,1,0.05586975812911987,0.05586975812911987,0.05586975812911987,0.46153846153846156,,0.05586975812911987,,0.46153846153846156,0.0321040153503418,0.2708333333333333,0.004337430000305176,0.05987060070037842,0.3411480784416199,0.4358974358974359,0.3232998847961426,0.35899627208709717,1,0.04696565866470337,0.04696565866470337,0.04696565866470337,0.17647058823529416,,0.04696565866470337,,0.17647058823529416,0.02364438772201538,0.09583333333333333,0.002581477165222168,0.044707298278808594,0.2624521851539612,0.15073529411764708,0.23748284578323364,0.2874215245246887
5547,premise,2,entailment | neutral,1,0.07387369871139526,0.07387369871139526,0.07387369871139526,0.41666666666666663,,0.07387369871139526,,0.41666666666666663,0.045877695083618164,0.3125,0.015283942222595215,0.07647144794464111,0.21416467428207397,0.4743589743589744,0.17612415552139282,0.2522051930427551,1,0.04278630018234253,0.04278630018234253,0.04278630018234253,0.33333333333333337,,0.04278630018234253,,0.33333333333333337,0.029735028743743896,0.24545454545454548,0.010609269142150879,0.048860788345336914,0.13106223940849304,0.3242424242424242,0.10776859521865845,0.15435588359832764
33756,premise,2,entailment | neutral,1,0.023289382457733154,0.023289382457733154,0.023289382457733154,0.3125,,0.023289382457733154,,0.3125,0.02131006121635437,0.17500000000000004,0.01898723840713501,0.02363288402557373,0.07186371088027954,0.30288461538461536,0.06853377819061279,0.07519364356994629,1,0.016076862812042236,0.016076862812042236,0.016076862812042236,0.23529411764705888,,0.016076862812042236,,0.23529411764705888,0.016453087329864502,0.11764705882352944,0.015437424182891846,0.017468750476837158,0.05137449502944946,0.23809523809523814,0.0497288703918457,0.05302011966705322
36059,hypothesis,2,contradiction | neutral,1,0.05211782455444336,0.05211782455444336,0.05211782455444336,0.30000000000000004,,0.05211782455444336,,0.30000000000000004,0.028107762336730957,0.16666666666666669,0.022699356079101562,0.03351616859436035,0.25238704681396484,0.35000000000000003,0.24748444557189941,0.2572896480560303,1,0.034243881702423096,0.034243881702423096,0.034243881702423096,0.2142857142857143,,0.034243881702423096,,0.2142857142857143,0.016545802354812622,0.11538461538461536,0.012843906879425049,0.020247697830200195,0.0943148136138916,0.1785714285714286,0.08872246742248535,0.09990715980529785
11422,premise,2,entailment | neutral,1,0.08561325073242188,0.08561325073242188,0.08561325073242188,0.25,,0.08561325073242188,,0.25,0.05731263756752014,0.325,0.03314584493637085,0.08147943019866943,0.0841040313243866,0.4949494949494949,0.05623292922973633,0.11197513341903687,1,0.04980206489562988,0.04980206489562988,0.04980206489562988,0.1428571428571429,,0.04980206489562988,,0.1428571428571429,0.0313873291015625,0.19642857142857145,0.01457446813583374,0.04820019006729126,0.03788250684738159,0.30980392156862746,0.02105081081390381,0.054714202880859375
95988,hypothesis,2,neutral | contradiction,1,0.03921806812286377,0.03921806812286377,0.03921806812286377,0.2727272727272727,,0.03921806812286377,,0.2727272727272727,0.033489763736724854,0.15555555555555556,0.03237736225128174,0.03460216522216797,0.2735929489135742,0.33181818181818185,0.26324009895324707,0.28394579887390137,1,0.014557719230651855,0.014557719230651855,0.014557719230651855,0.1875,,0.014557719230651855,,0.1875,0.008657246828079224,0.10238095238095235,0.006818294525146484,0.010496199131011963,0.09010869264602661,0.16041666666666665,0.08600330352783203,0.09421408176422119
136_c,premise,2,entailment | neutral,1,0.11044079065322876,0.11044079065322876,0.11044079065322876,0.4,,0.11044079065322876,,0.4,0.0893062949180603,0.4,0.07157844305038452,0.10703414678573608,0.3601114749908447,0.5454545454545454,0.34344518184661865,0.3767777681350708,1,0.051464855670928955,0.051464855670928955,0.051464855670928955,0.16666666666666663,,0.051464855670928955,,0.16666666666666663,0.0353124737739563,0.22619047619047616,0.031824350357055664,0.038800597190856934,0.20590022206306458,0.35384615384615387,0.19303792715072632,0.21876251697540283
34748,premise,2,entailment | neutral,1,0.06459599733352661,0.06459599733352661,0.06459599733352661,0.4285714285714286,,0.06459599733352661,,0.4285714285714286,0.050990909337997437,0.26666666666666666,0.04070049524307251,0.06128132343292236,0.11992490291595459,0.4125874125874126,0.10799264907836914,0.13185715675354004,1,0.04400992393493652,0.04400992393493652,0.04400992393493652,0.375,,0.04400992393493652,,0.375,0.03214240074157715,0.22619047619047616,0.02628958225250244,0.037995219230651855,0.09933850169181824,0.35384615384615387,0.08796900510787964,0.11070799827575684
47150,hypothesis,2,neutral | contradiction,1,0.025028586387634277,0.025028586387634277,0.025028586387634277,0.33333333333333337,,0.025028586387634277,,0.33333333333333337,0.0189933180809021,0.19999999999999996,0.014249086380004883,0.023737549781799316,0.2053963541984558,0.5,0.20408141613006592,0.2067112922668457,1,0.01643615961074829,0.01643615961074829,0.01643615961074829,0.125,,0.01643615961074829,,0.125,0.009248882532119751,0.0625,0.005696773529052734,0.012800991535186768,0.04898351430892944,0.1736111111111111,0.04444873332977295,0.05351829528808594
90370,premise,2,contradiction | neutral,1,0.030915260314941406,0.030915260314941406,0.030915260314941406,0.15384615384615385,,0.030915260314941406,,0.15384615384615385,0.019289493560791016,0.1456043956043956,0.009929656982421875,0.028649330139160156,0.09975290298461914,0.27380952380952384,0.09211349487304688,0.1073923110961914,1,0.019330620765686035,0.019330620765686035,0.019330620765686035,0.1333333333333333,,0.019330620765686035,,0.1333333333333333,0.015628010034561157,0.12708333333333333,0.007515966892242432,0.023740053176879883,0.0836125910282135,0.24080882352941174,0.07798141241073608,0.08924376964569092
59763,premise,2,entailment | neutral,1,0.0896979570388794,0.0896979570388794,0.0896979570388794,0.2857142857142857,,0.0896979570388794,,0.2857142857142857,0.050710707902908325,0.375,0.04820436239242554,0.05321705341339111,0.31313425302505493,0.47058823529411764,0.2958887815475464,0.3303797245025635,1,0.04918414354324341,0.04918414354324341,0.04918414354324341,0.17647058823529416,,0.04918414354324341,,0.17647058823529416,0.03271859884262085,0.25,0.030407190322875977,0.03503000736236572,0.15005016326904297,0.2894736842105263,0.1492176651954651,0.15088266134262085
17413,premise,2,neutral | contradiction,1,0.009371638298034668,0.009371638298034668,0.009371638298034668,0.3076923076923077,,0.009371638298034668,,0.3076923076923077,0.018869072198867798,0.2727272727272727,0.017596423625946045,0.02014172077178955,0.12577077746391296,0.41666666666666663,0.1241145133972168,0.12742704153060913,1,0.004000842571258545,0.004000842571258545,0.004000842571258545,0.2857142857142857,,0.004000842571258545,,0.2857142857142857,0.009949982166290283,0.16666666666666663,0.00805056095123291,0.011849403381347656,0.049138039350509644,0.23076923076923073,0.04814505577087402,0.050131022930145264
76_c,premise,2,entailment | neutral,1,0.018553197383880615,0.018553197383880615,0.018553197383880615,0.1428571428571429,,0.018553197383880615,,0.1428571428571429,0.015081048011779785,0.07692307692307687,0.011017441749572754,0.019144654273986816,0.08366072177886963,0.2142857142857143,0.07189691066741943,0.09542453289031982,1,0.009116291999816895,0.009116291999816895,0.009116291999816895,0.0625,,0.009116291999816895,,0.0625,0.007198065519332886,0.03125,0.006204962730407715,0.008191168308258057,0.034140586853027344,0.15073529411764708,0.03234297037124634,0.03593820333480835
6668,hypothesis,2,neutral | entailment,1,0.1198047399520874,0.1198047399520874,0.1198047399520874,0.2222222222222222,,0.1198047399520874,,0.2222222222222222,0.06002029776573181,0.125,0.029597699642181396,0.09044289588928223,0.10419401526451111,0.33333333333333337,0.07144677639007568,0.13694125413894653,1,0.011849641799926758,0.011849641799926758,0.011849641799926758,0.06666666666666665,,0.011849641799926758,,0.06666666666666665,0.005681484937667847,0.033333333333333326,0.004091739654541016,0.007271230220794678,0.022411376237869263,0.09583333333333333,0.019886791706085205,0.02493596076965332
21195,both,2,neutral | contradiction,1,0.14162033796310425,0.14162033796310425,0.14162033796310425,0.375,,0.14162033796310425,,0.375,0.10675680637359619,0.3076923076923077,0.08745348453521729,0.1260601282119751,0.2537958025932312,0.4285714285714286,0.24560439586639404,0.26198720932006836,1,0.14162033796310425,0.14162033796310425,0.14162033796310425,0.375,,0.14162033796310425,,0.375,0.10675680637359619,0.3076923076923077,0.08745348453521729,0.1260601282119751,0.2537958025932312,0.4285714285714286,0.24560439586639404,0.26198720932006836
39469,premise,2,entailment | neutral,1,0.023386001586914062,0.023386001586914062,0.023386001586914062,0.2941176470588235,,0.023386001586914062,,0.2941176470588235,0.05513918399810791,0.30952380952380953,0.05301225185394287,0.05726611614227295,0.24964356422424316,0.41875,0.24704551696777344,0.2522416114807129,1,0.0097198486328125,0.0097198486328125,0.0097198486328125,0.23809523809523814,,0.0097198486328125,,0.23809523809523814,0.03456395864486694,0.24269005847953218,0.03420132398605347,0.03492659330368042,0.166675865650177,0.2815789473684211,0.16570544242858887,0.16764628887176514
85007,premise,2,entailment | neutral,1,0.041032373905181885,0.041032373905181885,0.041032373905181885,0.46153846153846156,,0.041032373905181885,,0.46153846153846156,0.0176447331905365,0.275,0.009429693222045898,0.0258597731590271,0.06015762686729431,0.4195804195804196,0.058634161949157715,0.06168109178543091,1,0.018472731113433838,0.018472731113433838,0.018472731113433838,0.4285714285714286,,0.018472731113433838,,0.4285714285714286,0.008062481880187988,0.2517482517482517,0.004938006401062012,0.011186957359313965,0.029037952423095703,0.30952380952380953,0.026914477348327637,0.03116142749786377
33_c,premise,2,entailment | neutral,1,0.008065760135650635,0.008065760135650635,0.008065760135650635,0.3571428571428571,,0.008065760135650635,,0.3571428571428571,0.008085519075393677,0.30303030303030304,0.006991326808929443,0.00917971134185791,0.12464967370033264,0.4391025641025641,0.124397873878479,0.12490147352218628,1,0.004245400428771973,0.004245400428771973,0.004245400428771973,0.2222222222222222,,0.004245400428771973,,0.2222222222222222,0.004906803369522095,0.1875,0.0042877197265625,0.0055258870124816895,0.091225266456604,0.2941176470588235,0.0890573263168335,0.09339320659637451
5_c,premise,2,entailment | neutral,1,0.05726438760757446,0.05726438760757446,0.05726438760757446,0.5555555555555556,,0.05726438760757446,,0.5555555555555556,0.03343495726585388,0.35714285714285715,0.012452423572540283,0.05441749095916748,0.2917444705963135,0.5625,0.2767148017883301,0.3067741394042969,1,0.02363276481628418,0.02363276481628418,0.02363276481628418,0.4,,0.02363276481628418,,0.4,0.014140456914901733,0.22916666666666669,0.00499415397644043,0.023286759853363037,0.1781810224056244,0.3111111111111111,0.1695091724395752,0.18685287237167358
61_c,premise,2,neutral | entailment,1,0.0068329572677612305,0.0068329572677612305,0.0068329572677612305,0.06060606060606055,,0.0068329572677612305,,0.06060606060606055,0.0028876960277557373,0.03125,0.0019912123680114746,0.0037841796875,0.0035705864429473877,0.09090909090909094,0.0027500391006469727,0.004391133785247803,1,0.005154669284820557,0.005154669284820557,0.005154669284820557,0.02857142857142858,,0.005154669284820557,,0.02857142857142858,0.002508699893951416,0.01428571428571429,0.0013279914855957031,0.003689408302307129,0.0028389692306518555,0.07023809523809527,0.0018461942672729492,0.0038317441940307617
75807,hypothesis,2,entailment | contradiction,1,0.06133377552032471,0.06133377552032471,0.06133377552032471,0.4,,0.06133377552032471,,0.4,0.03728482127189636,0.25,0.018479526042938232,0.05609011650085449,0.4688285291194916,0.4444444444444444,0.4524906873703003,0.48516637086868286,1,0.03782933950424194,0.03782933950424194,0.03782933950424194,0.2857142857142857,,0.03782933950424194,,0.2857142857142857,0.02371084690093994,0.16666666666666663,0.016296446323394775,0.031125247478485107,0.17142602801322937,0.23076923076923073,0.1641961932182312,0.17865586280822754
5393,premise,2,entailment | neutral,1,0.020717084407806396,0.020717084407806396,0.020717084407806396,0.25,,0.020717084407806396,,0.25,0.012029886245727539,0.1333333333333333,0.00883018970489502,0.015229582786560059,0.27468737959861755,0.25,0.27205193042755127,0.27732282876968384,1,0.010139882564544678,0.010139882564544678,0.010139882564544678,0.2222222222222222,,0.010139882564544678,,0.2222222222222222,0.006016194820404053,0.11764705882352944,0.0039176344871521,0.008114755153656006,0.21439224481582642,0.16666666666666669,0.21284329891204834,0.2159411907196045
102_c,premise,2,entailment | neutral,1,0.10944145917892456,0.10944145917892456,0.10944145917892456,0.25,,0.10944145917892456,,0.25,0.05250459909439087,0.1428571428571429,0.04383659362792969,0.06117260456085205,0.4683230221271515,0.375,0.4672474265098572,0.4693986177444458,1,0.02165013551712036,0.02165013551712036,0.02165013551712036,0.11111111111111116,,0.02165013551712036,,0.11111111111111116,0.010911703109741211,0.05555555555555558,0.006270289421081543,0.015553116798400879,0.12775862216949463,0.15555555555555556,0.12237918376922607,0.13313806056976318
83044,hypothesis,2,contradiction | entailment,1,0.03769618272781372,0.03769618272781372,0.03769618272781372,0.4444444444444444,,0.03769618272781372,,0.4444444444444444,0.02013230323791504,0.25892857142857145,0.0162198543548584,0.02404475212097168,0.30024224519729614,0.4652777777777778,0.2870748043060303,0.313409686088562,1,0.013050734996795654,0.013050734996795654,0.013050734996795654,0.2727272727272727,,0.013050734996795654,,0.2727272727272727,0.006842076778411865,0.14999999999999997,0.006541430950164795,0.0071427226066589355,0.1416454315185547,0.22727272727272724,0.13854289054870605,0.14474797248840332
97129,hypothesis,2,contradiction | entailment,1,0.09322899580001831,0.09322899580001831,0.09322899580001831,0.5,,0.09322899580001831,,0.5,0.045915424823760986,0.39285714285714285,0.04028785228729248,0.05154299736022949,0.13758370280265808,0.4652777777777778,0.12938165664672852,0.14578574895858765,1,0.03087174892425537,0.03087174892425537,0.03087174892425537,0.23076923076923073,,0.03087174892425537,,0.23076923076923073,0.01414954662322998,0.12878787878787878,0.014137983322143555,0.014161109924316406,0.05035358667373657,0.19871794871794868,0.048230767250061035,0.05247640609741211
22300,premise,2,entailment | neutral,1,0.03112107515335083,0.03112107515335083,0.03112107515335083,0.18181818181818177,,0.03112107515335083,,0.18181818181818177,0.022379934787750244,0.19191919191919193,0.013510942459106445,0.031248927116394043,0.15393143892288208,0.35833333333333334,0.14400231838226318,0.16386055946350098,1,0.03341472148895264,0.03341472148895264,0.03341472148895264,0.16666666666666663,,0.03341472148895264,,0.16666666666666663,0.026822596788406372,0.175,0.019529283046722412,0.03411591053009033,0.08759304881095886,0.24475524475524474,0.07725727558135986,0.09792882204055786
27067,hypothesis,2,entailment | contradiction,1,0.006413936614990234,0.006413936614990234,0.006413936614990234,0.18181818181818177,,0.006413936614990234,,0.18181818181818177,0.0036051273345947266,0.09999999999999998,0.0019587278366088867,0.005251526832580566,0.14570704102516174,0.2727272727272727,0.1446264386177063,0.1467876434326172,1,0.0011644363403320312,0.0011644363403320312,0.0011644363403320312,0.1333333333333333,,0.0011644363403320312,,0.1333333333333333,0.0007663369178771973,0.0714285714285714,0.00044268369674682617,0.0010899901390075684,0.03512907028198242,0.1333333333333333,0.03431141376495361,0.03594672679901123
32_c,hypothesis,2,neutral | entailment,1,0.037788569927215576,0.037788569927215576,0.037788569927215576,0.36363636363636365,,0.037788569927215576,,0.36363636363636365,0.02235385775566101,0.2897727272727273,0.020077407360076904,0.024630308151245117,0.02235385775566101,0.2897727272727273,0.020077407360076904,0.024630308151245117,1,0.01482391357421875,0.01482391357421875,0.01482391357421875,0.2142857142857143,,0.01482391357421875,,0.2142857142857143,0.007635653018951416,0.18831168831168832,0.006907343864440918,0.008363962173461914,0.007635653018951416,0.18831168831168832,0.006907343864440918,0.008363962173461914
54419,premise,2,entailment | neutral,1,0.11686116456985474,0.11686116456985474,0.11686116456985474,0.5,,0.11686116456985474,,0.5,0.08167204260826111,0.31209150326797386,0.07474768161773682,0.0885964035987854,0.1043938398361206,0.4035087719298246,0.10240638256072998,0.10638129711151123,1,0.05026668310165405,0.05026668310165405,0.05026668310165405,0.30434782608695654,,0.05026668310165405,,0.30434782608695654,0.04310452938079834,0.1741854636591479,0.04244351387023926,0.04376554489135742,0.04889848828315735,0.26136363636363635,0.048118770122528076,0.04967820644378662
75_c,premise,2,entailment | neutral,1,0.11516594886779785,0.11516594886779785,0.11516594886779785,0.4545454545454546,,0.11516594886779785,,0.4545454545454546,0.05202549695968628,0.2625,0.0172613263130188,0.08678966760635376,0.24419811367988586,0.4393939393939394,0.22074031829833984,0.2676559090614319,1,0.07968586683273315,0.07968586683273315,0.07968586683273315,0.33333333333333337,,0.07968586683273315,,0.33333333333333337,0.03343820571899414,0.16666666666666669,0.008271455764770508,0.05860495567321777,0.12509867548942566,0.24230769230769228,0.10958141088485718,0.14061594009399414
117_c,hypothesis,2,contradiction | neutral,1,0.020460665225982666,0.020460665225982666,0.020460665225982666,0.1428571428571429,,0.020460665225982666,,0.1428571428571429,0.009861886501312256,0.07142857142857145,0.007557392120361328,0.012166380882263184,0.30736157298088074,0.33035714285714285,0.29546409845352173,0.31925904750823975,1,0.006175637245178223,0.006175637245178223,0.006175637245178223,0.0,,0.006175637245178223,,0.0,0.002991288900375366,0.0,0.0016442537307739258,0.004338324069976807,0.08975082635879517,0.09090909090909094,0.0887901782989502,0.09071147441864014
9678,premise,2,entailment | neutral,1,0.08275854587554932,0.08275854587554932,0.08275854587554932,0.4,,0.08275854587554932,,0.4,0.05313926935195923,0.21703296703296698,0.028139948844909668,0.07813858985900879,0.40443411469459534,0.3404761904761905,0.36288976669311523,0.44597846269607544,1,0.06794041395187378,0.06794041395187378,0.06794041395187378,0.3125,,0.06794041395187378,,0.3125,0.04393014311790466,0.16666666666666669,0.029964447021484375,0.05789583921432495,0.11192828416824341,0.21875,0.10099482536315918,0.12286174297332764
74_c,premise,2,neutral | contradiction,1,0.006402194499969482,0.006402194499969482,0.006402194499969482,0.0,,0.006402194499969482,,0.0,0.005808919668197632,0.0,0.003895580768585205,0.007722258567810059,0.20261994004249573,0.18181818181818177,0.20219486951828003,0.20304501056671143,1,0.003224194049835205,0.003224194049835205,0.003224194049835205,0.0,,0.003224194049835205,,0.0,0.0036652088165283203,0.0,0.0030608177185058594,0.004269599914550781,0.13821735978126526,0.07692307692307687,0.1366289258003235,0.13980579376220703
3232,premise,2,entailment | neutral,1,0.02728825807571411,0.02728825807571411,0.02728825807571411,0.11111111111111116,,0.02728825807571411,,0.11111111111111116,0.013833045959472656,0.05555555555555558,0.0038782358169555664,0.023787856101989746,0.29206496477127075,0.2611111111111111,0.2864112854003906,0.2977186441421509,1,0.014092743396759033,0.014092743396759033,0.014092743396759033,0.09090909090909094,,0.014092743396759033,,0.09090909090909094,0.00743556022644043,0.04545454545454547,0.00291597843170166,0.0119551420211792,0.16192716360092163,0.12878787878787878,0.15996158123016357,0.1638927459716797
14_c,premise,2,neutral | entailment,1,0.3709433078765869,0.3709433078765869,0.3709433078765869,0.4,,0.3709433078765869,,0.4,0.2770330607891083,0.4,0.2391400933265686,0.31492602825164795,0.3389824330806732,0.6666666666666667,0.30523353815078735,0.3727313280105591,1,0.16996651887893677,0.16996651887893677,0.16996651887893677,0.16666666666666663,,0.16996651887893677,,0.16666666666666663,0.1340734362602234,0.22619047619047616,0.08398938179016113,0.18415749073028564,0.14986786246299744,0.33035714285714285,0.09812659025192261,0.20160913467407227
34383,premise,2,entailment | neutral,1,0.047389447689056396,0.047389447689056396,0.047389447689056396,0.2727272727272727,,0.047389447689056396,,0.2727272727272727,0.03649860620498657,0.3068181818181818,0.02381598949432373,0.049181222915649414,0.12986651062965393,0.4423076923076923,0.12205219268798828,0.13768082857131958,1,0.043306589126586914,0.043306589126586914,0.043306589126586914,0.25,,0.043306589126586914,,0.25,0.03027510643005371,0.28205128205128205,0.01329803466796875,0.04725217819213867,0.0601804256439209,0.33516483516483514,0.0437237024307251,0.0766371488571167
57_c,premise,2,neutral | entailment,1,0.0078352689743042,0.0078352689743042,0.0078352689743042,0.4285714285714286,,0.0078352689743042,,0.4285714285714286,0.007361024618148804,0.26666666666666666,0.005314826965332031,0.009407222270965576,0.24269172549247742,0.5357142857142857,0.2389596700668335,0.24642378091812134,1,0.005920231342315674,0.005920231342315674,0.005920231342315674,0.33333333333333337,,0.005920231342315674,,0.33333333333333337,0.005911022424697876,0.19642857142857145,0.0037523508071899414,0.00806969404220581,0.12552165985107422,0.2916666666666667,0.12363302707672119,0.12741029262542725
39175,hypothesis,2,entailment | neutral,1,0.11572802066802979,0.11572802066802979,0.11572802066802979,0.2857142857142857,,0.11572802066802979,,0.2857142857142857,0.06207042932510376,0.14285714285714285,0.009461522102355957,0.11467933654785156,0.26159512996673584,0.2857142857142857,0.2592071294784546,0.2639831304550171,1,0.09412950277328491,0.09412950277328491,0.09412950277328491,0.16666666666666663,,0.09412950277328491,,0.16666666666666663,0.05252355337142944,0.08333333333333331,0.015468358993530273,0.08957874774932861,0.1776553988456726,0.16666666666666663,0.17693066596984863,0.17838013172149658
31944,hypothesis,2,contradiction | entailment,1,0.03159534931182861,0.03159534931182861,0.03159534931182861,0.4444444444444444,,0.03159534931182861,,0.4444444444444444,0.025718092918395996,0.2708333333333333,0.024248123168945312,0.02718806266784668,0.1707409918308258,0.4920634920634921,0.16818255186080933,0.17329943180084229,1,0.027840375900268555,0.027840375900268555,0.027840375900268555,0.30000000000000004,,0.027840375900268555,,0.30000000000000004,0.02077588438987732,0.1736111111111111,0.011999368667602539,0.0295524001121521,0.08088654279708862,0.2611111111111111,0.07243239879608154,0.0893406867980957
61912,premise,2,neutral | contradiction,1,0.019964158535003662,0.019964158535003662,0.019964158535003662,0.4545454545454546,,0.019964158535003662,,0.4545454545454546,0.014814198017120361,0.27142857142857146,0.007943511009216309,0.021684885025024414,0.2059788703918457,0.4602272727272727,0.20250022411346436,0.20945751667022705,1,0.010228455066680908,0.010228455066680908,0.010228455066680908,0.3846153846153846,,0.010228455066680908,,0.3846153846153846,0.007110595703125,0.22222222222222227,0.0037488937377929688,0.010472297668457031,0.0756935179233551,0.29230769230769227,0.07562661170959473,0.07576042413711548
101940,hypothesis,2,entailment | contradiction,1,0.22843897342681885,0.22843897342681885,0.22843897342681885,0.875,,0.22843897342681885,,0.875,0.11251294612884521,0.6166666666666667,0.0344080924987793,0.19061779975891113,0.41536569595336914,0.75,0.37765270471572876,0.4530786871910095,1,0.059748709201812744,0.059748709201812744,0.059748709201812744,0.5454545454545454,,0.059748709201812744,,0.5454545454545454,0.03126564621925354,0.3333333333333333,0.010527968406677246,0.052003324031829834,0.11050885915756226,0.4222222222222222,0.1066596508026123,0.11435806751251221
21569,premise,2,entailment | neutral,1,0.027764856815338135,0.027764856815338135,0.027764856815338135,0.2142857142857143,,0.027764856815338135,,0.2142857142857143,0.014133423566818237,0.11858974358974361,0.007151961326599121,0.021114885807037354,0.07721418142318726,0.2582417582417582,0.07410591840744019,0.08032244443893433,1,0.007201135158538818,0.007201135158538818,0.007201135158538818,0.1875,,0.007201135158538818,,0.1875,0.003873199224472046,0.10238095238095235,0.001622319221496582,0.00612407922744751,0.05110403895378113,0.16041666666666665,0.05104196071624756,0.0511661171913147
51339,premise,2,contradiction | neutral,1,0.04851418733596802,0.04851418733596802,0.04851418733596802,0.1428571428571429,,0.04851418733596802,,0.1428571428571429,0.04441040754318237,0.07142857142857145,0.03943514823913574,0.049385666847229004,0.3323526382446289,0.33035714285714285,0.3223189115524292,0.3423863649368286,1,0.019689857959747314,0.019689857959747314,0.019689857959747314,0.11111111111111116,,0.019689857959747314,,0.11111111111111116,0.01642286777496338,0.05555555555555558,0.01506739854812622,0.017778337001800537,0.2225566804409027,0.15555555555555556,0.21924066543579102,0.2258726954460144
76189,premise,2,neutral | entailment,1,0.005211293697357178,0.005211293697357178,0.005211293697357178,0.2222222222222222,,0.005211293697357178,,0.2222222222222222,0.002984374761581421,0.21111111111111108,0.0022167563438415527,0.003751993179321289,0.08010107278823853,0.38181818181818183,0.07947957515716553,0.08072257041931152,1,0.004839479923248291,0.004839479923248291,0.004839479923248291,0.19999999999999996,,0.004839479923248291,,0.19999999999999996,0.0027469992637634277,0.19090909090909086,0.000865936279296875,0.0046280622482299805,0.04663342237472534,0.3484848484848485,0.04655700922012329,0.04670983552932739
40028,hypothesis,2,contradiction | entailment,1,0.049565017223358154,0.049565017223358154,0.049565017223358154,0.33333333333333337,,0.049565017223358154,,0.33333333333333337,0.04443168640136719,0.19642857142857145,0.017424345016479492,0.07143902778625488,0.14080271124839783,0.4097222222222222,0.12724089622497559,0.15436452627182007,1,0.030390918254852295,0.030390918254852295,0.030390918254852295,0.25,,0.030390918254852295,,0.25,0.02496662735939026,0.14090909090909087,0.009651601314544678,0.04028165340423584,0.06530812382698059,0.21590909090909088,0.05470055341720581,0.07591569423675537
130_c,premise,2,neutral | entailment,1,0.016636550426483154,0.016636550426483154,0.016636550426483154,0.0,,0.016636550426483154,,0.0,0.017616599798202515,0.0,0.016418635845184326,0.018814563751220703,0.24282950162887573,0.25,0.23471105098724365,0.2509479522705078,1,0.0058560967445373535,0.0058560967445373535,0.0058560967445373535,0.0,,0.0058560967445373535,,0.0,0.00682145357131958,0.0,0.0060572028160095215,0.007585704326629639,0.1835135817527771,0.11111111111111116,0.18295419216156006,0.18407297134399414
116_c,premise,2,contradiction | entailment,1,0.008120894432067871,0.008120894432067871,0.008120894432067871,0.23076923076923073,,0.008120894432067871,,0.23076923076923073,0.004121720790863037,0.125,0.00368344783782959,0.004559993743896484,0.05937749147415161,0.2692307692307692,0.058931589126586914,0.05982339382171631,1,0.007087290287017822,0.007087290287017822,0.007087290287017822,0.0714285714285714,,0.007087290287017822,,0.0714285714285714,0.003499537706375122,0.0357142857142857,0.0028142333030700684,0.004184842109680176,0.03852337598800659,0.17142857142857143,0.03596377372741699,0.04108297824859619
35721,premise,2,entailment | neutral,1,0.10578995943069458,0.10578995943069458,0.10578995943069458,0.2222222222222222,,0.10578995943069458,,0.2222222222222222,0.043554723262786865,0.125,0.031848788261413574,0.055260658264160156,0.49376511573791504,0.33333333333333337,0.49330949783325195,0.4942207336425781,1,0.06553846597671509,0.06553846597671509,0.06553846597671509,0.19999999999999996,,0.06553846597671509,,0.19999999999999996,0.03285109996795654,0.11111111111111116,0.014817595481872559,0.05088460445404053,0.23702207207679749,0.19999999999999996,0.22457832098007202,0.24946582317352295
44932,both,4,contradiction | entailment | entailment | neutral,6,0.015281299750010172,0.0018421411514282227,0.02363687753677368,0.1816520467836257,0.0018984675407409668,0.017957866191864014,0.16666666666666663,0.18464912280701756,0.02276080846786499,0.3277777777777778,0.019700348377227783,0.02542322874069214,0.17892763018608093,0.42434210526315796,0.16654694080352783,0.19147634506225586,6,0.015281299750010172,0.0018421411514282227,0.02363687753677368,0.1816520467836257,0.0018984675407409668,0.017957866191864014,0.16666666666666663,0.18464912280701756,0.02276080846786499,0.3277777777777778,0.019700348377227783,0.02542322874069214,0.17892763018608093,0.42434210526315796,0.16654694080352783,0.19147634506225586
42873,premise,2,neutral | entailment,1,0.0629236102104187,0.0629236102104187,0.0629236102104187,0.4545454545454546,,0.0629236102104187,,0.4545454545454546,0.1117396354675293,0.4772727272727273,0.10711538791656494,0.11636388301849365,0.1573706567287445,0.5993589743589743,0.15583091974258423,0.15891039371490479,1,0.026796996593475342,0.026796996593475342,0.026796996593475342,0.41666666666666663,,0.026796996593475342,,0.41666666666666663,0.07196623086929321,0.4391025641025641,0.06858563423156738,0.07534682750701904,0.08612996339797974,0.4807692307692308,0.08283036947250366,0.08942955732345581
78442,hypothesis,2,entailment | neutral,1,0.08670800924301147,0.08670800924301147,0.08670800924301147,0.6363636363636364,,0.08670800924301147,,0.6363636363636364,0.05285221338272095,0.55,0.039691925048828125,0.06601250171661377,0.5194705724716187,0.6818181818181819,0.4706166982650757,0.5683243870735168,1,0.04481339454650879,0.04481339454650879,0.04481339454650879,0.3529411764705882,,0.04481339454650879,,0.3529411764705882,0.02438044548034668,0.2666666666666667,0.01307833194732666,0.0356825590133667,0.18156257271766663,0.3125,0.16793227195739746,0.1951928734779358
60260,hypothesis,2,entailment | neutral,1,0.17457276582717896,0.17457276582717896,0.17457276582717896,0.8,,0.17457276582717896,,0.8,0.11021852493286133,0.6888888888888889,0.08723747730255127,0.1331995725631714,0.4679363965988159,0.8666666666666667,0.4642528295516968,0.47161996364593506,1,0.10257905721664429,0.10257905721664429,0.10257905721664429,0.5454545454545454,,0.10257905721664429,,0.5454545454545454,0.05013290047645569,0.37499999999999994,0.028982818126678467,0.07128298282623291,0.21471652388572693,0.45054945054945056,0.2001352310180664,0.22929781675338745
97063,premise,2,entailment | neutral,1,0.05787152051925659,0.05787152051925659,0.05787152051925659,0.4285714285714286,,0.05787152051925659,,0.4285714285714286,0.047743648290634155,0.3327205882352941,0.036444008350372314,0.059043288230895996,0.07732585072517395,0.42810457516339867,0.06617456674575806,0.08847713470458984,1,0.0223388671875,0.0223388671875,0.0223388671875,0.40909090909090906,,0.0223388671875,,0.40909090909090906,0.01778891682624817,0.25653594771241833,0.014806091785430908,0.02077174186706543,0.037250518798828125,0.29678362573099415,0.0332794189453125,0.04122161865234375
16_c,premise,2,neutral | entailment,1,0.05192619562149048,0.05192619562149048,0.05192619562149048,0.4,,0.05192619562149048,,0.4,0.043493449687957764,0.3166666666666667,0.040338754653930664,0.04664814472198486,0.5676326751708984,0.4772727272727273,0.5673465132713318,0.5679188966751099,1,0.026439964771270752,0.026439964771270752,0.026439964771270752,0.36363636363636365,,0.026439964771270752,,0.36363636363636365,0.023209095001220703,0.2863636363636364,0.019499778747558594,0.026918411254882812,0.31321510672569275,0.3484848484848485,0.3117685317993164,0.3146616816520691
64918,both,2,entailment | contradiction,1,0.1203731894493103,0.1203731894493103,0.1203731894493103,0.3529411764705882,,0.1203731894493103,,0.3529411764705882,0.06023034453392029,0.19471153846153844,0.04300642013549805,0.07745426893234253,0.23345139622688293,0.2944444444444444,0.2264527678489685,0.24045002460479736,1,0.1203731894493103,0.1203731894493103,0.1203731894493103,0.3529411764705882,,0.1203731894493103,,0.3529411764705882,0.06023034453392029,0.19471153846153844,0.04300642013549805,0.07745426893234253,0.23345139622688293,0.2944444444444444,0.2264527678489685,0.24045002460479736
81650,hypothesis,2,neutral | contradiction,1,0.22476184368133545,0.22476184368133545,0.22476184368133545,0.15384615384615385,,0.22476184368133545,,0.15384615384615385,0.12481290102005005,0.15384615384615385,0.04748249053955078,0.20214331150054932,0.2838245928287506,0.15384615384615385,0.22049444913864136,0.34715473651885986,1,0.08754420280456543,0.08754420280456543,0.08754420280456543,0.1333333333333333,,0.08754420280456543,,0.1333333333333333,0.044312477111816406,0.1333333333333333,0.015120387077331543,0.07350456714630127,0.14016452431678772,0.1333333333333333,0.11618578433990479,0.16414326429367065
81494,premise,2,neutral | contradiction,1,0.06312501430511475,0.06312501430511475,0.06312501430511475,0.25,,0.06312501430511475,,0.25,0.03501027822494507,0.13636363636363635,0.006585597991943359,0.06343495845794678,0.06012079119682312,0.2916666666666667,0.03209364414215088,0.08814793825149536,1,0.02090972661972046,0.02090972661972046,0.02090972661972046,0.2142857142857143,,0.02090972661972046,,0.2142857142857143,0.012569636106491089,0.11538461538461536,0.0029509663581848145,0.022188305854797363,0.02527901530265808,0.1785714285714286,0.015244901180267334,0.03531312942504883
53_c,hypothesis,2,entailment | neutral,1,0.08142375946044922,0.08142375946044922,0.08142375946044922,0.6666666666666667,,0.08142375946044922,,0.6666666666666667,0.06498908996582031,0.6277777777777778,0.034740328788757324,0.0952378511428833,0.36144375801086426,0.6277777777777778,0.34730005264282227,0.37558746337890625,1,0.025247693061828613,0.025247693061828613,0.025247693061828613,0.4375,,0.025247693061828613,,0.4375,0.016478925943374634,0.358974358974359,0.009473025798797607,0.02348482608795166,0.10498479008674622,0.4065934065934066,0.10347640514373779,0.10649317502975464
76197,hypothesis,2,entailment | contradiction,1,0.034645140171051025,0.034645140171051025,0.034645140171051025,0.19999999999999996,,0.034645140171051025,,0.19999999999999996,0.04712793231010437,0.2222222222222222,0.0419391393661499,0.05231672525405884,0.09912416338920593,0.4,0.09323787689208984,0.10501044988632202,1,0.017611145973205566,0.017611145973205566,0.017611145973205566,0.1428571428571429,,0.017611145973205566,,0.1428571428571429,0.026885569095611572,0.15384615384615385,0.025058627128601074,0.02871251106262207,0.03905594348907471,0.2142857142857143,0.03717243671417236,0.04093945026397705
83828,premise,2,contradiction | neutral,1,0.02579355239868164,0.02579355239868164,0.02579355239868164,0.3571428571428571,,0.02579355239868164,,0.3571428571428571,0.013199478387832642,0.20384615384615384,0.011570334434509277,0.014828622341156006,0.07134804129600525,0.35064935064935066,0.07101589441299438,0.07168018817901611,1,0.022584140300750732,0.022584140300750732,0.022584140300750732,0.2941176470588235,,0.022584140300750732,,0.2941176470588235,0.010693937540054321,0.16346153846153844,0.010604321956634521,0.010783553123474121,0.026917219161987305,0.2184873949579832,0.026706278324127197,0.027128159999847412
2535,premise,2,entailment | neutral,1,0.015886902809143066,0.015886902809143066,0.015886902809143066,0.4,,0.015886902809143066,,0.4,0.02440515160560608,0.41666666666666663,0.020454049110412598,0.02835625410079956,0.2755827307701111,0.5384615384615384,0.265752911567688,0.2854125499725342,1,0.006200253963470459,0.006200253963470459,0.006200253963470459,0.2941176470588235,,0.006200253963470459,,0.2941176470588235,0.011027812957763672,0.2404761904761905,0.01051485538482666,0.011540770530700684,0.18798422813415527,0.28958333333333336,0.1832420825958252,0.19272637367248535
8101,hypothesis,2,contradiction | entailment,1,0.03680777549743652,0.03680777549743652,0.03680777549743652,0.33333333333333337,,0.03680777549743652,,0.33333333333333337,0.035445064306259155,0.19642857142857145,0.025259792804718018,0.04563033580780029,0.16749516129493713,0.4097222222222222,0.1606297492980957,0.17436057329177856,1,0.02230936288833618,0.02230936288833618,0.02230936288833618,0.19999999999999996,,0.02230936288833618,,0.19999999999999996,0.020795553922653198,0.11111111111111116,0.020536959171295166,0.02105414867401123,0.0880422294139862,0.19999999999999996,0.08747392892837524,0.08861052989959717
6852,premise,2,entailment | neutral,1,0.03329712152481079,0.03329712152481079,0.03329712152481079,0.25,,0.03329712152481079,,0.25,0.026681363582611084,0.13651315789473684,0.00822138786315918,0.04514133930206299,0.26567697525024414,0.2382352941176471,0.24503380060195923,0.28632014989852905,1,0.014770984649658203,0.014770984649658203,0.014770984649658203,0.21739130434782605,,0.014770984649658203,,0.21739130434782605,0.010607004165649414,0.11722488038277512,0.0038629770278930664,0.01735103130340576,0.1704878807067871,0.15869565217391302,0.1650984287261963,0.17587733268737793
28059,premise,2,entailment | neutral,1,0.01595902442932129,0.01595902442932129,0.01595902442932129,0.3529411764705882,,0.01595902442932129,,0.3529411764705882,0.008688509464263916,0.1919642857142857,0.004107356071472168,0.013269662857055664,0.06481212377548218,0.30588235294117644,0.06010091304779053,0.06952333450317383,1,0.0076223015785217285,0.0076223015785217285,0.0076223015785217285,0.19999999999999996,,0.0076223015785217285,,0.19999999999999996,0.0048198699951171875,0.10835913312693501,0.001399397850036621,0.008240342140197754,0.030906468629837036,0.15555555555555556,0.0270727276802063,0.03474020957946777
110_c,hypothesis,2,neutral | entailment,1,0.03381800651550293,0.03381800651550293,0.03381800651550293,0.33333333333333337,,0.03381800651550293,,0.33333333333333337,0.07670694589614868,0.5833333333333333,0.0718567967414856,0.08155709505081177,0.17173761129379272,0.6923076923076923,0.15397310256958008,0.18950212001800537,1,0.013686299324035645,0.013686299324035645,0.013686299324035645,0.15384615384615385,,0.013686299324035645,,0.15384615384615385,0.021630823612213135,0.2102564102564103,0.020422697067260742,0.022838950157165527,0.059474945068359375,0.26339285714285715,0.059233784675598145,0.059716105461120605
5708,premise,2,neutral | contradiction,1,0.009337127208709717,0.009337127208709717,0.009337127208709717,0.19999999999999996,,0.009337127208709717,,0.19999999999999996,0.012811750173568726,0.10989010989010989,0.010120630264282227,0.015502870082855225,0.05899360775947571,0.2404761904761905,0.0547560453414917,0.06323117017745972,1,0.00544428825378418,0.00544428825378418,0.00544428825378418,0.1875,,0.00544428825378418,,0.1875,0.008757412433624268,0.10238095238095235,0.00730741024017334,0.010207414627075195,0.03885999321937561,0.22499999999999998,0.0370599627494812,0.04066002368927002
4184,premise,2,neutral | entailment,1,0.12328833341598511,0.12328833341598511,0.12328833341598511,0.36363636363636365,,0.12328833341598511,,0.36363636363636365,0.05284148454666138,0.34469696969696967,0.04356837272644043,0.062114596366882324,0.330264151096344,0.47756410256410253,0.3212442398071289,0.3392840623855591,1,0.079883873462677,0.079883873462677,0.079883873462677,0.33333333333333337,,0.079883873462677,,0.33333333333333337,0.03702089190483093,0.3173076923076923,0.024195075035095215,0.04984670877456665,0.12571853399276733,0.36813186813186816,0.11775064468383789,0.13368642330169678
59939,hypothesis,2,entailment | neutral,1,0.09664648771286011,0.09664648771286011,0.09664648771286011,0.7142857142857143,,0.09664648771286011,,0.7142857142857143,0.0571475625038147,0.5,0.04424858093261719,0.07004654407501221,0.48915737867355347,0.75,0.48174768686294556,0.4965670704841614,1,0.037999749183654785,0.037999749183654785,0.037999749183654785,0.33333333333333337,,0.037999749183654785,,0.33333333333333337,0.020663738250732422,0.1923076923076923,0.015302538871765137,0.026024937629699707,0.13040950894355774,0.25,0.12569385766983032,0.13512516021728516
22885,hypothesis,2,contradiction | neutral,1,0.0925971269607544,0.0925971269607544,0.0925971269607544,0.25,,0.0925971269607544,,0.25,0.04746979475021362,0.13636363636363635,0.037827372550964355,0.05711221694946289,0.1159164309501648,0.2916666666666667,0.10438907146453857,0.12744379043579102,1,0.02719956636428833,0.02719956636428833,0.02719956636428833,0.15384615384615385,,0.02719956636428833,,0.15384615384615385,0.019347965717315674,0.08012820512820512,0.013972997665405273,0.024722933769226074,0.0357203483581543,0.14835164835164838,0.0349845290184021,0.036456167697906494
15100,premise,2,neutral | contradiction,1,0.08977741003036499,0.08977741003036499,0.08977741003036499,0.2222222222222222,,0.08977741003036499,,0.2222222222222222,0.04830178618431091,0.21111111111111108,0.020841777324676514,0.07576179504394531,0.4051273465156555,0.38181818181818183,0.38025474548339844,0.4299999475479126,1,0.04176729917526245,0.04176729917526245,0.04176729917526245,0.19999999999999996,,0.04176729917526245,,0.19999999999999996,0.026804357767105103,0.19090909090909086,0.009685933589935303,0.0439227819442749,0.1943964958190918,0.26136363636363635,0.18005692958831787,0.20873606204986572
73923,hypothesis,2,neutral | entailment,1,0.07849788665771484,0.07849788665771484,0.07849788665771484,0.41666666666666663,,0.07849788665771484,,0.41666666666666663,0.04833739995956421,0.2373737373737374,0.017772316932678223,0.0789024829864502,0.1820720136165619,0.4,0.147272527217865,0.2168715000152588,1,0.0876724123954773,0.0876724123954773,0.0876724123954773,0.2857142857142857,,0.0876724123954773,,0.2857142857142857,0.050952792167663574,0.16083916083916083,0.014216423034667969,0.08768916130065918,0.1560470461845398,0.30357142857142855,0.11371570825576782,0.19837838411331177
60164,both,4,entailment | entailment | entailment | neutral,6,0.0795207420984904,0.04881000518798828,0.13075441122055054,0.20386904761904764,0.07806436220804851,0.0809771219889323,0.2142857142857143,0.19345238095238096,0.07131180167198181,0.14955357142857145,0.03834253549575806,0.11189419031143188,0.12930305302143097,0.32093253968253965,0.09604346752166748,0.1666470766067505,6,0.0795207420984904,0.04881000518798828,0.13075441122055054,0.20386904761904764,0.07806436220804851,0.0809771219889323,0.2142857142857143,0.19345238095238096,0.07131180167198181,0.14955357142857145,0.03834253549575806,0.11189419031143188,0.12930305302143097,0.32093253968253965,0.09604346752166748,0.1666470766067505
76574,premise,2,contradiction | neutral,1,0.01001429557800293,0.01001429557800293,0.01001429557800293,0.15384615384615385,,0.01001429557800293,,0.15384615384615385,0.007711529731750488,0.08333333333333337,0.004593849182128906,0.01082921028137207,0.09028339385986328,0.23076923076923073,0.08702754974365234,0.09353923797607422,1,0.010997176170349121,0.010997176170349121,0.010997176170349121,0.1333333333333333,,0.010997176170349121,,0.1333333333333333,0.008473455905914307,0.0714285714285714,0.0050310492515563965,0.011915862560272217,0.06902182102203369,0.1333333333333333,0.06561636924743652,0.07242727279663086
47781,premise,2,contradiction | neutral,1,0.061815619468688965,0.061815619468688965,0.061815619468688965,0.18181818181818177,,0.061815619468688965,,0.18181818181818177,0.03272503614425659,0.09999999999999998,0.011561989784240723,0.05388808250427246,0.27904269099235535,0.18181818181818177,0.25761282444000244,0.30047255754470825,1,0.048968732357025146,0.048968732357025146,0.048968732357025146,0.16666666666666663,,0.048968732357025146,,0.16666666666666663,0.026166856288909912,0.09090909090909094,0.006973922252655029,0.045359790325164795,0.2460920512676239,0.16666666666666663,0.22225147485733032,0.2699326276779175
35449,hypothesis,2,entailment | neutral,1,0.00863027572631836,0.00863027572631836,0.00863027572631836,0.18181818181818177,,0.00863027572631836,,0.18181818181818177,0.00656166672706604,0.09999999999999998,0.005736649036407471,0.007386684417724609,0.13108113408088684,0.2727272727272727,0.12864089012145996,0.13352137804031372,1,0.004105985164642334,0.004105985164642334,0.004105985164642334,0.125,,0.004105985164642334,,0.125,0.0031227171421051025,0.06666666666666665,0.002226412296295166,0.004019021987915039,0.06826251745223999,0.1875,0.06646430492401123,0.07006072998046875
10144,premise,2,contradiction | neutral,1,0.0161779522895813,0.0161779522895813,0.0161779522895813,0.25,,0.0161779522895813,,0.25,0.009522050619125366,0.1428571428571429,0.008298218250274658,0.010745882987976074,0.17528069019317627,0.2666666666666667,0.16729950904846191,0.18326187133789062,1,0.015562474727630615,0.015562474727630615,0.015562474727630615,0.17647058823529416,,0.015562474727630615,,0.17647058823529416,0.008287489414215088,0.09583333333333333,0.00547713041305542,0.011097848415374756,0.08768758177757263,0.15073529411764708,0.08432066440582275,0.09105449914932251
55114,both,2,contradiction | neutral,1,0.07523733377456665,0.07523733377456665,0.07523733377456665,0.41666666666666663,,0.07523733377456665,,0.41666666666666663,0.04674538969993591,0.24431818181818182,0.04346787929534912,0.050022900104522705,0.3599618673324585,0.46923076923076923,0.34664905071258545,0.37327468395233154,1,0.07523733377456665,0.07523733377456665,0.07523733377456665,0.41666666666666663,,0.07523733377456665,,0.41666666666666663,0.04674538969993591,0.24431818181818182,0.04346787929534912,0.050022900104522705,0.3599618673324585,0.46923076923076923,0.34664905071258545,0.37327468395233154
101419,hypothesis,2,entailment | contradiction,1,0.10656607151031494,0.10656607151031494,0.10656607151031494,0.33333333333333337,,0.10656607151031494,,0.33333333333333337,0.05292657017707825,0.18131868131868129,0.01591867208480835,0.08993446826934814,0.12108674645423889,0.30714285714285716,0.06801313161849976,0.17416036128997803,1,0.07188957929611206,0.07188957929611206,0.07188957929611206,0.23809523809523814,,0.07188957929611206,,0.23809523809523814,0.03629666566848755,0.12631578947368421,0.011715829372406006,0.06087750196456909,0.060266852378845215,0.16904761904761906,0.0275304913520813,0.09300321340560913
13988,both,4,entailment | neutral | neutral | neutral,6,0.01081874966621399,0.0029217004776000977,0.02114105224609375,0.21686507936507934,0.009599447250366211,0.012038052082061768,0.21527777777777776,0.21845238095238095,0.014262720942497253,0.4019607843137255,0.004272103309631348,0.027364611625671387,0.16062915325164795,0.4690402476780186,0.1501970887184143,0.1741071343421936,6,0.01081874966621399,0.0029217004776000977,0.02114105224609375,0.21686507936507934,0.009599447250366211,0.012038052082061768,0.21527777777777776,0.21845238095238095,0.014262720942497253,0.4019607843137255,0.004272103309631348,0.027364611625671387,0.16062915325164795,0.4690402476780186,0.1501970887184143,0.1741071343421936
77368,premise,2,neutral | entailment,1,0.27734291553497314,0.27734291553497314,0.27734291553497314,0.23076923076923073,,0.27734291553497314,,0.23076923076923073,0.10822677612304688,0.1923076923076923,0.07561904191970825,0.1408345103263855,0.3757367432117462,0.3214285714285714,0.3551955819129944,0.39627790451049805,1,0.1814512014389038,0.1814512014389038,0.1814512014389038,0.17647058823529416,,0.1814512014389038,,0.17647058823529416,0.07087484002113342,0.1470588235294118,0.05364537239074707,0.08810430765151978,0.29288583993911743,0.19444444444444442,0.28287410736083984,0.302897572517395
100_c,premise,2,entailment | neutral,1,0.2714701294898987,0.2714701294898987,0.2714701294898987,0.5,,0.2714701294898987,,0.5,0.1358533799648285,0.4166666666666667,0.12068426609039307,0.15102249383926392,0.5611885190010071,0.5,0.552115797996521,0.5702612400054932,1,0.1423911452293396,0.1423911452293396,0.1423911452293396,0.375,,0.1423911452293396,,0.375,0.0802326500415802,0.2142857142857143,0.06226474046707153,0.09820055961608887,0.3184974789619446,0.3125,0.2897564172744751,0.34723854064941406
32203,premise,2,entailment | neutral,1,0.03421550989151001,0.03421550989151001,0.03421550989151001,0.4375,,0.03421550989151001,,0.4375,0.02651292085647583,0.26948051948051943,0.020363807678222656,0.032662034034729004,0.4130205810070038,0.4,0.4033094048500061,0.42273175716400146,1,0.03564453125,0.03564453125,0.03564453125,0.2777777777777778,,0.03564453125,,0.2777777777777778,0.015391647815704346,0.1388888888888889,0.0062531232833862305,0.02453017234802246,0.24657970666885376,0.19360902255639095,0.23398369550704956,0.25917571783065796
44_c,premise,2,neutral | entailment,1,0.0225600004196167,0.0225600004196167,0.0225600004196167,0.0,,0.0225600004196167,,0.0,0.00899648666381836,0.0,0.005227446556091309,0.01276552677154541,0.13984662294387817,0.2222222222222222,0.12908130884170532,0.15061193704605103,1,0.003035306930541992,0.003035306930541992,0.003035306930541992,0.0,,0.003035306930541992,,0.0,0.0031249821186065674,0.0,0.0019063949584960938,0.004343569278717041,0.05244046449661255,0.08333333333333337,0.05056607723236084,0.05431485176086426
89_c,premise,2,entailment | neutral,1,0.020202457904815674,0.020202457904815674,0.020202457904815674,0.5,,0.020202457904815674,,0.5,0.03427213430404663,0.33333333333333337,0.027829647064208984,0.04071462154388428,0.47081458568573,0.5,0.4648308753967285,0.47679829597473145,1,0.01661229133605957,0.01661229133605957,0.01661229133605957,0.3846153846153846,,0.01661229133605957,,0.3846153846153846,0.015567928552627563,0.23636363636363633,0.01138991117477417,0.019745945930480957,0.18174058198928833,0.30303030303030304,0.17397254705429077,0.1895086169242859
31619,hypothesis,2,entailment | neutral,1,0.04539453983306885,0.04539453983306885,0.04539453983306885,0.33333333333333337,,0.04539453983306885,,0.33333333333333337,0.023041337728500366,0.19642857142857145,0.01771235466003418,0.028370320796966553,0.1323157548904419,0.4097222222222222,0.13007622957229614,0.13455528020858765,1,0.01543349027633667,0.01543349027633667,0.01543349027633667,0.1333333333333333,,0.01543349027633667,,0.1333333333333333,0.007956475019454956,0.0714285714285714,0.00772470235824585,0.008188247680664062,0.020547538995742798,0.1333333333333333,0.019552171230316162,0.021542906761169434
55746,premise,2,neutral | entailment,1,0.09776556491851807,0.09776556491851807,0.09776556491851807,0.33333333333333337,,0.09776556491851807,,0.33333333333333337,0.0724707841873169,0.33333333333333337,0.06486517190933228,0.08007639646530151,0.1195332407951355,0.33333333333333337,0.10532587766647339,0.1337406039237976,1,0.0362926721572876,0.0362926721572876,0.0362926721572876,0.19999999999999996,,0.0362926721572876,,0.19999999999999996,0.033848583698272705,0.19999999999999996,0.0306892991065979,0.03700786828994751,0.06621381640434265,0.19999999999999996,0.060935914516448975,0.07149171829223633
36761,premise,2,entailment | neutral,1,0.048447251319885254,0.048447251319885254,0.048447251319885254,0.33333333333333337,,0.048447251319885254,,0.33333333333333337,0.024968117475509644,0.18452380952380953,0.00962287187576294,0.04031336307525635,0.22053676843643188,0.3153846153846154,0.21081328392028809,0.23026025295257568,1,0.0435832142829895,0.0435832142829895,0.0435832142829895,0.1875,,0.0435832142829895,,0.1875,0.024065256118774414,0.09375,0.00833350419998169,0.03979700803756714,0.09900733828544617,0.15336134453781514,0.0907219648361206,0.10729271173477173
10829,hypothesis,2,entailment | contradiction,1,0.14399677515029907,0.14399677515029907,0.14399677515029907,0.5,,0.14399677515029907,,0.5,0.07562869787216187,0.27622377622377625,0.024463534355163574,0.12679386138916016,0.2577769160270691,0.4107142857142857,0.2197788953781128,0.2957749366760254,1,0.03319507837295532,0.03319507837295532,0.03319507837295532,0.30000000000000004,,0.03319507837295532,,0.30000000000000004,0.019627898931503296,0.16099071207430343,0.0047852396965026855,0.034470558166503906,0.08156228065490723,0.2583333333333333,0.06863439083099365,0.0944901704788208
28632,hypothesis,2,neutral | entailment,1,0.05324089527130127,0.05324089527130127,0.05324089527130127,0.33333333333333337,,0.05324089527130127,,0.33333333333333337,0.031118124723434448,0.19999999999999996,0.029929637908935547,0.03230661153793335,0.6560960412025452,0.5,0.6479991674423218,0.6641929149627686,1,0.0306280255317688,0.0306280255317688,0.0306280255317688,0.2222222222222222,,0.0306280255317688,,0.2222222222222222,0.016201943159103394,0.125,0.012028098106384277,0.02037578821182251,0.1431349515914917,0.2222222222222222,0.14029455184936523,0.14597535133361816
82457,premise,2,contradiction | neutral,1,0.036691486835479736,0.036691486835479736,0.036691486835479736,0.3529411764705882,,0.036691486835479736,,0.3529411764705882,0.020009219646453857,0.19471153846153844,0.010008394718170166,0.03001004457473755,0.08951106667518616,0.3130252100840336,0.08536666631698608,0.09365546703338623,1,0.03553438186645508,0.03553438186645508,0.03553438186645508,0.3157894736842105,,0.03553438186645508,,0.3157894736842105,0.021571367979049683,0.17222222222222222,0.018270432949066162,0.024872303009033203,0.08651503920555115,0.22039473684210525,0.08470064401626587,0.08832943439483643
82498,premise,2,entailment | neutral,1,0.04743623733520508,0.04743623733520508,0.04743623733520508,0.4,,0.04743623733520508,,0.4,0.023468762636184692,0.22023809523809523,0.001446545124053955,0.04549098014831543,0.04790705442428589,0.3487179487179487,0.035476088523864746,0.06033802032470703,1,0.02642732858657837,0.02642732858657837,0.02642732858657837,0.375,,0.02642732858657837,,0.375,0.013449311256408691,0.20512820512820512,0.0008878707885742188,0.026010751724243164,0.026521503925323486,0.25892857142857145,0.013089179992675781,0.03995382785797119
96_c,premise,2,entailment | neutral,1,0.09712105989456177,0.09712105989456177,0.09712105989456177,0.375,,0.09712105989456177,,0.375,0.05392080545425415,0.2142857142857143,0.04372298717498779,0.06411862373352051,0.291687935590744,0.4375,0.282270610332489,0.301105260848999,1,0.05144292116165161,0.05144292116165161,0.05144292116165161,0.2727272727272727,,0.05144292116165161,,0.2727272727272727,0.027509182691574097,0.14999999999999997,0.01693415641784668,0.038084208965301514,0.12095662951469421,0.22727272727272724,0.11718487739562988,0.12472838163375854
53650,premise,2,contradiction | neutral,1,0.055868446826934814,0.055868446826934814,0.055868446826934814,0.33333333333333337,,0.055868446826934814,,0.33333333333333337,0.02344784140586853,0.1875,0.015608012676239014,0.03128767013549805,0.15317833423614502,0.3888888888888889,0.15026843547821045,0.1560882329940796,1,0.02370274066925049,0.02370274066925049,0.02370274066925049,0.2727272727272727,,0.02370274066925049,,0.2727272727272727,0.011113911867141724,0.14999999999999997,0.008868157863616943,0.013359665870666504,0.0687417984008789,0.22727272727272724,0.06411707401275635,0.07336652278900146
