{
  "Total Instances (Deduped)": 543,
  "Total Evaluated (No generation failures)": 535,
  "Ranking Accuracy (All valid < distractor)": 0.6915887850467289,
  "Ranking Accuracy (Any valid < distractor)": 0.908411214953271,
  "Mean KL Divergence (Valid Options)": 0.04362537148742222,
  "Mean KL Divergence (Distractor)": 0.17020470163959975
}