{
  "Total Instances (Deduped)": 543,
  "Total Evaluated (No generation failures)": 535,
  "Ranking Accuracy (All valid < distractor)": 0.4691588785046729,
  "Ranking Accuracy (Any valid < distractor)": 0.8242990654205608,
  "Mean KL Divergence (Valid Options)": 0.02785111312662792,
  "Mean KL Divergence (Distractor)": 0.16640170419200234
}