{
  "Total Instances (Deduped)": 543,
  "Total Evaluated (No generation failures)": 542,
  "Ranking Accuracy (All valid < distractor)": 0.6660516605166051,
  "Ranking Accuracy (Any valid < distractor)": 0.8763837638376384,
  "Mean KL Divergence (Valid Options)": 0.08883313520799793,
  "Mean KL Divergence (Distractor)": 0.2252305019987387
}