{
    "llada8b-n10-d16": {
        "diversity_mean_cosine_dist": 0.7430319872240555,
        "perplexity_median": 165.5612030029297,
        "perplexity_mean": 527.2878526469084,
        "overlap_mean": 0.17924926985316392,
        "num_evaluated_instances": 543,
        "local_save_path": "results/llada8b-n10-d16/task2_semantic_metrics_llada8b-n10-d16.json"
    }
}