model,section,total_instances,total_evaluated,artifact_rate,rank_acc_all,rank_acc_any,mean_kl_valid,mean_kl_distractor
llama8b-n100,Unnormalized_Unfiltered,543.0,543.0,0.025224713558046893,0.7790055248618785,0.9392265193370166,1.9985952591551919,4.777599257811566
llama8b-n100,Unnormalized_Cleaned,543.0,543.0,0.025224713558046893,0.7771639042357275,0.9392265193370166,2.014800072191722,4.81958259935111
llama8b-n100,Normalized_Unfiltered,543.0,543.0,0.025224713558046893,0.7605893186003683,0.9281767955801105,0.12834360896447614,0.30706740391435294
llama8b-n100,Normalized_Cleaned,543.0,543.0,0.025224713558046893,0.7605893186003683,0.9300184162062615,0.1277680031359018,0.3054394028042725
