blind_id,human_label,notes,reading_1_entailment_score,reading_2_entailment_score,reading_1_nli_label,reading_2_nli_label
T3A-0169,neither_or_invalid,auto_nli_roberta-large-mnli; threshold=0.5; not_human_annotation,0.001083,0.042866,neutral,neutral
T3A-0943,neither_or_invalid,auto_nli_roberta-large-mnli; threshold=0.5; not_human_annotation,0.111843,0.172388,contradiction,neutral
T3A-0736,neither_or_invalid,auto_nli_roberta-large-mnli; threshold=0.5; not_human_annotation,0.001490,0.001209,neutral,neutral
T3A-0075,neither_or_invalid,auto_nli_roberta-large-mnli; threshold=0.5; not_human_annotation,0.006834,0.012627,neutral,neutral
T3A-0023,neither_or_invalid,auto_nli_roberta-large-mnli; threshold=0.5; not_human_annotation,0.050189,0.020595,neutral,neutral
T3A-0119,neither_or_invalid,auto_nli_roberta-large-mnli; threshold=0.5; not_human_annotation,0.000677,0.004005,neutral,neutral
T3A-0268,reading_1,auto_nli_roberta-large-mnli; threshold=0.5; not_human_annotation,0.967957,0.811199,entailment,entailment
T3A-0903,neither_or_invalid,auto_nli_roberta-large-mnli; threshold=0.5; not_human_annotation,0.000796,0.001206,neutral,neutral
T3A-0841,neither_or_invalid,auto_nli_roberta-large-mnli; threshold=0.5; not_human_annotation,0.005194,0.003059,neutral,neutral
T3A-0426,neither_or_invalid,auto_nli_roberta-large-mnli; threshold=0.5; not_human_annotation,0.010018,0.016297,neutral,neutral
T3A-0715,neither_or_invalid,auto_nli_roberta-large-mnli; threshold=0.5; not_human_annotation,0.000721,0.000978,neutral,neutral
T3A-0976,neither_or_invalid,auto_nli_roberta-large-mnli; threshold=0.5; not_human_annotation,0.001080,0.002589,neutral,neutral
T3A-0056,neither_or_invalid,auto_nli_roberta-large-mnli; threshold=0.5; not_human_annotation,0.003529,0.006910,neutral,contradiction
T3A-0195,neither_or_invalid,auto_nli_roberta-large-mnli; threshold=0.5; not_human_annotation,0.002849,0.117938,neutral,neutral
T3A-0287,neither_or_invalid,auto_nli_roberta-large-mnli; threshold=0.5; not_human_annotation,0.388023,0.270072,neutral,neutral
T3A-0380,neither_or_invalid,auto_nli_roberta-large-mnli; threshold=0.5; not_human_annotation,0.001137,0.001001,neutral,neutral
T3A-0489,neither_or_invalid,auto_nli_roberta-large-mnli; threshold=0.5; not_human_annotation,0.050281,0.009731,neutral,neutral
T3A-1016,neither_or_invalid,auto_nli_roberta-large-mnli; threshold=0.5; not_human_annotation,0.010923,0.001684,neutral,neutral
T3A-0184,neither_or_invalid,auto_nli_roberta-large-mnli; threshold=0.5; not_human_annotation,0.001314,0.002578,neutral,neutral
T3A-0431,neither_or_invalid,auto_nli_roberta-large-mnli; threshold=0.5; not_human_annotation,0.005824,0.013060,contradiction,neutral
T3A-0565,neither_or_invalid,auto_nli_roberta-large-mnli; threshold=0.5; not_human_annotation,0.024589,0.016767,neutral,contradiction
T3A-1044,neither_or_invalid,auto_nli_roberta-large-mnli; threshold=0.5; not_human_annotation,0.000894,0.001116,neutral,neutral
T3A-0855,reading_1,auto_nli_roberta-large-mnli; threshold=0.5; not_human_annotation,0.846455,0.249837,entailment,neutral
T3A-0522,neither_or_invalid,auto_nli_roberta-large-mnli; threshold=0.5; not_human_annotation,0.304456,0.423864,neutral,contradiction
T3A-0479,neither_or_invalid,auto_nli_roberta-large-mnli; threshold=0.5; not_human_annotation,0.025506,0.087636,neutral,neutral
T3A-0611,neither_or_invalid,auto_nli_roberta-large-mnli; threshold=0.5; not_human_annotation,0.247665,0.025768,neutral,neutral
T3A-0634,neither_or_invalid,auto_nli_roberta-large-mnli; threshold=0.5; not_human_annotation,0.000763,0.001552,neutral,neutral
T3A-0332,neither_or_invalid,auto_nli_roberta-large-mnli; threshold=0.5; not_human_annotation,0.000355,0.000369,contradiction,contradiction
T3A-0653,neither_or_invalid,auto_nli_roberta-large-mnli; threshold=0.5; not_human_annotation,0.093036,0.175339,neutral,neutral
T3A-0936,neither_or_invalid,auto_nli_roberta-large-mnli; threshold=0.5; not_human_annotation,0.011569,0.021483,contradiction,contradiction
T3A-0092,neither_or_invalid,auto_nli_roberta-large-mnli; threshold=0.5; not_human_annotation,0.006992,0.002099,neutral,neutral
T3A-0884,neither_or_invalid,auto_nli_roberta-large-mnli; threshold=0.5; not_human_annotation,0.039652,0.004328,neutral,contradiction
T3A-0478,neither_or_invalid,auto_nli_roberta-large-mnli; threshold=0.5; not_human_annotation,0.000665,0.000775,neutral,neutral
T3A-0995,neither_or_invalid,auto_nli_roberta-large-mnli; threshold=0.5; not_human_annotation,0.002235,0.007114,neutral,neutral
T3A-0052,neither_or_invalid,auto_nli_roberta-large-mnli; threshold=0.5; not_human_annotation,0.011445,0.011758,neutral,neutral
T3A-0300,neither_or_invalid,auto_nli_roberta-large-mnli; threshold=0.5; not_human_annotation,0.000711,0.000699,neutral,neutral
T3A-0877,neither_or_invalid,auto_nli_roberta-large-mnli; threshold=0.5; not_human_annotation,0.066966,0.017243,neutral,neutral
T3A-0985,neither_or_invalid,auto_nli_roberta-large-mnli; threshold=0.5; not_human_annotation,0.202540,0.135636,neutral,neutral
T3A-0334,both_or_ambiguous,auto_nli_roberta-large-mnli; threshold=0.5; not_human_annotation,0.993093,0.973501,entailment,entailment
T3A-0224,neither_or_invalid,auto_nli_roberta-large-mnli; threshold=0.5; not_human_annotation,0.001014,0.000999,neutral,neutral
T3A-0201,neither_or_invalid,auto_nli_roberta-large-mnli; threshold=0.5; not_human_annotation,0.130758,0.022719,neutral,neutral
T3A-0004,neither_or_invalid,auto_nli_roberta-large-mnli; threshold=0.5; not_human_annotation,0.001191,0.000869,neutral,neutral
T3A-0793,neither_or_invalid,auto_nli_roberta-large-mnli; threshold=0.5; not_human_annotation,0.058905,0.012179,neutral,neutral
T3A-0881,neither_or_invalid,auto_nli_roberta-large-mnli; threshold=0.5; not_human_annotation,0.001316,0.043097,neutral,neutral
T3A-0596,neither_or_invalid,auto_nli_roberta-large-mnli; threshold=0.5; not_human_annotation,0.001227,0.001102,neutral,neutral
T3A-1006,neither_or_invalid,auto_nli_roberta-large-mnli; threshold=0.5; not_human_annotation,0.051799,0.016588,contradiction,contradiction
T3A-0748,reading_1,auto_nli_roberta-large-mnli; threshold=0.5; not_human_annotation,0.842875,0.609467,entailment,entailment
T3A-0422,neither_or_invalid,auto_nli_roberta-large-mnli; threshold=0.5; not_human_annotation,0.043430,0.005685,neutral,contradiction
T3A-0645,neither_or_invalid,auto_nli_roberta-large-mnli; threshold=0.5; not_human_annotation,0.001234,0.001073,neutral,neutral
T3A-1049,neither_or_invalid,auto_nli_roberta-large-mnli; threshold=0.5; not_human_annotation,0.008347,0.011363,neutral,neutral
T3A-0791,neither_or_invalid,auto_nli_roberta-large-mnli; threshold=0.5; not_human_annotation,0.218494,0.179585,neutral,neutral
T3A-0140,neither_or_invalid,auto_nli_roberta-large-mnli; threshold=0.5; not_human_annotation,0.001131,0.005311,neutral,neutral
T3A-0543,neither_or_invalid,auto_nli_roberta-large-mnli; threshold=0.5; not_human_annotation,0.003978,0.005355,neutral,neutral
T3A-0950,neither_or_invalid,auto_nli_roberta-large-mnli; threshold=0.5; not_human_annotation,0.054155,0.085822,neutral,neutral
T3A-0001,neither_or_invalid,auto_nli_roberta-large-mnli; threshold=0.5; not_human_annotation,0.000815,0.001022,neutral,neutral
T3A-0722,neither_or_invalid,auto_nli_roberta-large-mnli; threshold=0.5; not_human_annotation,0.002316,0.005206,neutral,neutral
T3A-0237,neither_or_invalid,auto_nli_roberta-large-mnli; threshold=0.5; not_human_annotation,0.003390,0.005389,neutral,contradiction
T3A-0837,neither_or_invalid,auto_nli_roberta-large-mnli; threshold=0.5; not_human_annotation,0.002722,0.064089,neutral,neutral
T3A-0353,neither_or_invalid,auto_nli_roberta-large-mnli; threshold=0.5; not_human_annotation,0.012474,0.002630,neutral,neutral
T3A-0576,neither_or_invalid,auto_nli_roberta-large-mnli; threshold=0.5; not_human_annotation,0.021240,0.019054,neutral,neutral
T3A-0581,neither_or_invalid,auto_nli_roberta-large-mnli; threshold=0.5; not_human_annotation,0.001232,0.000919,neutral,neutral
T3A-0335,neither_or_invalid,auto_nli_roberta-large-mnli; threshold=0.5; not_human_annotation,0.001252,0.000844,neutral,neutral
T3A-0802,neither_or_invalid,auto_nli_roberta-large-mnli; threshold=0.5; not_human_annotation,0.002558,0.012618,neutral,neutral
T3A-1043,neither_or_invalid,auto_nli_roberta-large-mnli; threshold=0.5; not_human_annotation,0.002091,0.002262,contradiction,neutral
T3A-0179,neither_or_invalid,auto_nli_roberta-large-mnli; threshold=0.5; not_human_annotation,0.003643,0.002980,neutral,neutral
T3A-0030,neither_or_invalid,auto_nli_roberta-large-mnli; threshold=0.5; not_human_annotation,0.041970,0.123548,neutral,neutral
T3A-1072,reading_2,auto_nli_roberta-large-mnli; threshold=0.5; not_human_annotation,0.340706,0.661334,neutral,entailment
T3A-1073,neither_or_invalid,auto_nli_roberta-large-mnli; threshold=0.5; not_human_annotation,0.000729,0.002583,neutral,neutral
T3A-1017,reading_1,auto_nli_roberta-large-mnli; threshold=0.5; not_human_annotation,0.958134,0.015646,entailment,neutral
T3A-0418,neither_or_invalid,auto_nli_roberta-large-mnli; threshold=0.5; not_human_annotation,0.003457,0.001845,contradiction,contradiction
T3A-0714,neither_or_invalid,auto_nli_roberta-large-mnli; threshold=0.5; not_human_annotation,0.001983,0.002171,neutral,contradiction
T3A-0805,neither_or_invalid,auto_nli_roberta-large-mnli; threshold=0.5; not_human_annotation,0.032679,0.060020,neutral,neutral
T3A-0741,neither_or_invalid,auto_nli_roberta-large-mnli; threshold=0.5; not_human_annotation,0.048482,0.078134,neutral,neutral
T3A-0932,neither_or_invalid,auto_nli_roberta-large-mnli; threshold=0.5; not_human_annotation,0.000799,0.001094,neutral,neutral
T3A-0926,neither_or_invalid,auto_nli_roberta-large-mnli; threshold=0.5; not_human_annotation,0.072843,0.035173,neutral,neutral
T3A-0925,neither_or_invalid,auto_nli_roberta-large-mnli; threshold=0.5; not_human_annotation,0.002033,0.001340,contradiction,contradiction
T3A-0069,neither_or_invalid,auto_nli_roberta-large-mnli; threshold=0.5; not_human_annotation,0.001166,0.000969,neutral,neutral
T3A-0600,neither_or_invalid,auto_nli_roberta-large-mnli; threshold=0.5; not_human_annotation,0.001318,0.001141,neutral,neutral
T3A-0808,neither_or_invalid,auto_nli_roberta-large-mnli; threshold=0.5; not_human_annotation,0.002606,0.009226,neutral,neutral
T3A-0439,neither_or_invalid,auto_nli_roberta-large-mnli; threshold=0.5; not_human_annotation,0.001238,0.001147,neutral,neutral
T3A-0638,neither_or_invalid,auto_nli_roberta-large-mnli; threshold=0.5; not_human_annotation,0.000904,0.000886,neutral,neutral
T3A-0989,neither_or_invalid,auto_nli_roberta-large-mnli; threshold=0.5; not_human_annotation,0.007527,0.002409,neutral,neutral
T3A-0306,neither_or_invalid,auto_nli_roberta-large-mnli; threshold=0.5; not_human_annotation,0.023554,0.047315,neutral,neutral
T3A-0206,neither_or_invalid,auto_nli_roberta-large-mnli; threshold=0.5; not_human_annotation,0.002350,0.070951,neutral,neutral
T3A-0218,neither_or_invalid,auto_nli_roberta-large-mnli; threshold=0.5; not_human_annotation,0.001988,0.000666,neutral,neutral
T3A-0642,neither_or_invalid,auto_nli_roberta-large-mnli; threshold=0.5; not_human_annotation,0.030798,0.036515,neutral,neutral
T3A-0700,neither_or_invalid,auto_nli_roberta-large-mnli; threshold=0.5; not_human_annotation,0.001718,0.002444,neutral,neutral
T3A-0768,neither_or_invalid,auto_nli_roberta-large-mnli; threshold=0.5; not_human_annotation,0.001219,0.002417,neutral,contradiction
T3A-0100,neither_or_invalid,auto_nli_roberta-large-mnli; threshold=0.5; not_human_annotation,0.002107,0.002386,neutral,neutral
T3A-0393,neither_or_invalid,auto_nli_roberta-large-mnli; threshold=0.5; not_human_annotation,0.202686,0.109912,neutral,neutral
T3A-0997,neither_or_invalid,auto_nli_roberta-large-mnli; threshold=0.5; not_human_annotation,0.001357,0.001791,neutral,neutral
T3A-0924,neither_or_invalid,auto_nli_roberta-large-mnli; threshold=0.5; not_human_annotation,0.073747,0.084342,neutral,neutral
T3A-0962,neither_or_invalid,auto_nli_roberta-large-mnli; threshold=0.5; not_human_annotation,0.000146,0.002404,contradiction,neutral
T3A-0234,neither_or_invalid,auto_nli_roberta-large-mnli; threshold=0.5; not_human_annotation,0.005385,0.003105,neutral,neutral
T3A-0762,neither_or_invalid,auto_nli_roberta-large-mnli; threshold=0.5; not_human_annotation,0.000593,0.000665,neutral,neutral
T3A-0729,neither_or_invalid,auto_nli_roberta-large-mnli; threshold=0.5; not_human_annotation,0.000824,0.000793,neutral,neutral
T3A-1012,neither_or_invalid,auto_nli_roberta-large-mnli; threshold=0.5; not_human_annotation,0.000679,0.003050,neutral,neutral
T3A-0591,neither_or_invalid,auto_nli_roberta-large-mnli; threshold=0.5; not_human_annotation,0.000877,0.001092,neutral,neutral
T3A-0388,neither_or_invalid,auto_nli_roberta-large-mnli; threshold=0.5; not_human_annotation,0.019329,0.046762,neutral,neutral
T3A-1075,neither_or_invalid,auto_nli_roberta-large-mnli; threshold=0.5; not_human_annotation,0.021297,0.004607,neutral,contradiction
T3A-1077,neither_or_invalid,auto_nli_roberta-large-mnli; threshold=0.5; not_human_annotation,0.002620,0.001887,neutral,neutral
T3A-0424,neither_or_invalid,auto_nli_roberta-large-mnli; threshold=0.5; not_human_annotation,0.001621,0.000796,neutral,neutral
T3A-0942,neither_or_invalid,auto_nli_roberta-large-mnli; threshold=0.5; not_human_annotation,0.002091,0.003866,contradiction,contradiction
T3A-0172,neither_or_invalid,auto_nli_roberta-large-mnli; threshold=0.5; not_human_annotation,0.002935,0.001825,neutral,contradiction
T3A-0120,neither_or_invalid,auto_nli_roberta-large-mnli; threshold=0.5; not_human_annotation,0.000684,0.004667,neutral,neutral
T3A-0027,neither_or_invalid,auto_nli_roberta-large-mnli; threshold=0.5; not_human_annotation,0.000967,0.001669,neutral,neutral
T3A-0281,neither_or_invalid,auto_nli_roberta-large-mnli; threshold=0.5; not_human_annotation,0.001666,0.002145,neutral,neutral
T3A-0249,neither_or_invalid,auto_nli_roberta-large-mnli; threshold=0.5; not_human_annotation,0.067181,0.281198,neutral,neutral
T3A-0980,neither_or_invalid,auto_nli_roberta-large-mnli; threshold=0.5; not_human_annotation,0.002846,0.002723,neutral,neutral
T3A-0628,neither_or_invalid,auto_nli_roberta-large-mnli; threshold=0.5; not_human_annotation,0.004370,0.004073,neutral,neutral
T3A-1034,neither_or_invalid,auto_nli_roberta-large-mnli; threshold=0.5; not_human_annotation,0.000729,0.001105,neutral,neutral
T3A-0577,neither_or_invalid,auto_nli_roberta-large-mnli; threshold=0.5; not_human_annotation,0.011445,0.016771,neutral,neutral
T3A-0914,reading_2,auto_nli_roberta-large-mnli; threshold=0.5; not_human_annotation,0.011661,0.887722,neutral,entailment
T3A-0838,neither_or_invalid,auto_nli_roberta-large-mnli; threshold=0.5; not_human_annotation,0.242841,0.371079,neutral,neutral
T3A-0032,neither_or_invalid,auto_nli_roberta-large-mnli; threshold=0.5; not_human_annotation,0.003855,0.004115,neutral,neutral
T3A-0743,neither_or_invalid,auto_nli_roberta-large-mnli; threshold=0.5; not_human_annotation,0.002502,0.002631,contradiction,contradiction
T3A-0062,neither_or_invalid,auto_nli_roberta-large-mnli; threshold=0.5; not_human_annotation,0.002465,0.002152,neutral,neutral
T3A-1057,neither_or_invalid,auto_nli_roberta-large-mnli; threshold=0.5; not_human_annotation,0.006601,0.001092,neutral,neutral
T3A-0836,neither_or_invalid,auto_nli_roberta-large-mnli; threshold=0.5; not_human_annotation,0.001188,0.002387,neutral,neutral
T3A-0443,reading_2,auto_nli_roberta-large-mnli; threshold=0.5; not_human_annotation,0.796911,0.947072,entailment,entailment
T3A-0994,neither_or_invalid,auto_nli_roberta-large-mnli; threshold=0.5; not_human_annotation,0.000762,0.000649,neutral,neutral
T3A-0442,both_or_ambiguous,auto_nli_roberta-large-mnli; threshold=0.5; not_human_annotation,0.963223,0.977473,entailment,entailment
T3A-0534,both_or_ambiguous,auto_nli_roberta-large-mnli; threshold=0.5; not_human_annotation,0.941084,0.975781,entailment,entailment
T3A-0967,neither_or_invalid,auto_nli_roberta-large-mnli; threshold=0.5; not_human_annotation,0.015873,0.001498,neutral,neutral
T3A-0112,neither_or_invalid,auto_nli_roberta-large-mnli; threshold=0.5; not_human_annotation,0.081349,0.166444,neutral,neutral
T3A-0444,neither_or_invalid,auto_nli_roberta-large-mnli; threshold=0.5; not_human_annotation,0.247846,0.006642,neutral,contradiction
T3A-0409,neither_or_invalid,auto_nli_roberta-large-mnli; threshold=0.5; not_human_annotation,0.010264,0.005538,neutral,contradiction
T3A-0929,neither_or_invalid,auto_nli_roberta-large-mnli; threshold=0.5; not_human_annotation,0.017476,0.031360,neutral,neutral
T3A-0583,neither_or_invalid,auto_nli_roberta-large-mnli; threshold=0.5; not_human_annotation,0.001161,0.002158,neutral,neutral
T3A-0940,neither_or_invalid,auto_nli_roberta-large-mnli; threshold=0.5; not_human_annotation,0.000905,0.001924,neutral,neutral
T3A-0500,reading_2,auto_nli_roberta-large-mnli; threshold=0.5; not_human_annotation,0.497517,0.501360,neutral,entailment
T3A-0420,neither_or_invalid,auto_nli_roberta-large-mnli; threshold=0.5; not_human_annotation,0.001583,0.002152,neutral,neutral
T3A-0788,neither_or_invalid,auto_nli_roberta-large-mnli; threshold=0.5; not_human_annotation,0.001482,0.002206,neutral,neutral
T3A-0494,neither_or_invalid,auto_nli_roberta-large-mnli; threshold=0.5; not_human_annotation,0.002120,0.000953,neutral,neutral
T3A-0827,neither_or_invalid,auto_nli_roberta-large-mnli; threshold=0.5; not_human_annotation,0.002728,0.003475,neutral,neutral
T3A-0686,neither_or_invalid,auto_nli_roberta-large-mnli; threshold=0.5; not_human_annotation,0.002804,0.018965,neutral,neutral
T3A-0828,both_or_ambiguous,auto_nli_roberta-large-mnli; threshold=0.5; not_human_annotation,0.973161,0.975722,entailment,entailment
T3A-0629,neither_or_invalid,auto_nli_roberta-large-mnli; threshold=0.5; not_human_annotation,0.003334,0.003564,neutral,neutral
T3A-0564,neither_or_invalid,auto_nli_roberta-large-mnli; threshold=0.5; not_human_annotation,0.001282,0.000164,contradiction,contradiction
T3A-0495,neither_or_invalid,auto_nli_roberta-large-mnli; threshold=0.5; not_human_annotation,0.042568,0.061630,neutral,neutral
T3A-0776,neither_or_invalid,auto_nli_roberta-large-mnli; threshold=0.5; not_human_annotation,0.014169,0.004364,neutral,neutral
T3A-0307,neither_or_invalid,auto_nli_roberta-large-mnli; threshold=0.5; not_human_annotation,0.021052,0.037842,neutral,neutral
T3A-0053,neither_or_invalid,auto_nli_roberta-large-mnli; threshold=0.5; not_human_annotation,0.000996,0.001010,neutral,neutral
T3A-0530,neither_or_invalid,auto_nli_roberta-large-mnli; threshold=0.5; not_human_annotation,0.001516,0.001317,neutral,neutral
T3A-0355,neither_or_invalid,auto_nli_roberta-large-mnli; threshold=0.5; not_human_annotation,0.001893,0.001044,neutral,neutral
T3A-0846,neither_or_invalid,auto_nli_roberta-large-mnli; threshold=0.5; not_human_annotation,0.437816,0.473177,neutral,neutral
T3A-0859,neither_or_invalid,auto_nli_roberta-large-mnli; threshold=0.5; not_human_annotation,0.011125,0.005875,neutral,contradiction
T3A-0113,neither_or_invalid,auto_nli_roberta-large-mnli; threshold=0.5; not_human_annotation,0.009613,0.026257,neutral,neutral
T3A-0466,neither_or_invalid,auto_nli_roberta-large-mnli; threshold=0.5; not_human_annotation,0.001288,0.001176,neutral,neutral
T3A-0817,neither_or_invalid,auto_nli_roberta-large-mnli; threshold=0.5; not_human_annotation,0.224522,0.012757,neutral,neutral
T3A-1026,neither_or_invalid,auto_nli_roberta-large-mnli; threshold=0.5; not_human_annotation,0.006518,0.006224,neutral,neutral
T3A-0475,neither_or_invalid,auto_nli_roberta-large-mnli; threshold=0.5; not_human_annotation,0.000798,0.000789,neutral,neutral
T3A-0009,neither_or_invalid,auto_nli_roberta-large-mnli; threshold=0.5; not_human_annotation,0.002610,0.003594,neutral,neutral
T3A-0880,neither_or_invalid,auto_nli_roberta-large-mnli; threshold=0.5; not_human_annotation,0.213890,0.099695,neutral,neutral
T3A-1084,neither_or_invalid,auto_nli_roberta-large-mnli; threshold=0.5; not_human_annotation,0.012376,0.003476,neutral,neutral
T3A-0277,neither_or_invalid,auto_nli_roberta-large-mnli; threshold=0.5; not_human_annotation,0.001110,0.000928,neutral,neutral
T3A-0459,neither_or_invalid,auto_nli_roberta-large-mnli; threshold=0.5; not_human_annotation,0.000973,0.000899,neutral,neutral
T3A-0519,neither_or_invalid,auto_nli_roberta-large-mnli; threshold=0.5; not_human_annotation,0.002080,0.005123,neutral,neutral
T3A-0977,neither_or_invalid,auto_nli_roberta-large-mnli; threshold=0.5; not_human_annotation,0.000722,0.000763,neutral,neutral
T3A-0905,neither_or_invalid,auto_nli_roberta-large-mnli; threshold=0.5; not_human_annotation,0.001474,0.001587,neutral,neutral
T3A-0273,neither_or_invalid,auto_nli_roberta-large-mnli; threshold=0.5; not_human_annotation,0.002212,0.003049,neutral,neutral
T3A-0468,neither_or_invalid,auto_nli_roberta-large-mnli; threshold=0.5; not_human_annotation,0.010117,0.029890,neutral,neutral
T3A-0990,neither_or_invalid,auto_nli_roberta-large-mnli; threshold=0.5; not_human_annotation,0.006056,0.020818,contradiction,neutral
T3A-0561,neither_or_invalid,auto_nli_roberta-large-mnli; threshold=0.5; not_human_annotation,0.004362,0.002832,neutral,neutral
T3A-0308,neither_or_invalid,auto_nli_roberta-large-mnli; threshold=0.5; not_human_annotation,0.003413,0.004294,contradiction,contradiction
T3A-0518,neither_or_invalid,auto_nli_roberta-large-mnli; threshold=0.5; not_human_annotation,0.002693,0.001422,neutral,neutral
T3A-0438,neither_or_invalid,auto_nli_roberta-large-mnli; threshold=0.5; not_human_annotation,0.006010,0.016337,neutral,neutral
T3A-0007,neither_or_invalid,auto_nli_roberta-large-mnli; threshold=0.5; not_human_annotation,0.000856,0.002672,neutral,neutral
T3A-1023,neither_or_invalid,auto_nli_roberta-large-mnli; threshold=0.5; not_human_annotation,0.011674,0.049920,neutral,neutral
T3A-0503,neither_or_invalid,auto_nli_roberta-large-mnli; threshold=0.5; not_human_annotation,0.002683,0.000798,neutral,neutral
T3A-0870,reading_2,auto_nli_roberta-large-mnli; threshold=0.5; not_human_annotation,0.095994,0.717862,neutral,entailment
T3A-0584,neither_or_invalid,auto_nli_roberta-large-mnli; threshold=0.5; not_human_annotation,0.001406,0.002542,contradiction,contradiction
T3A-0746,neither_or_invalid,auto_nli_roberta-large-mnli; threshold=0.5; not_human_annotation,0.000837,0.001489,neutral,neutral
T3A-0759,neither_or_invalid,auto_nli_roberta-large-mnli; threshold=0.5; not_human_annotation,0.000986,0.003678,neutral,neutral
T3A-0367,neither_or_invalid,auto_nli_roberta-large-mnli; threshold=0.5; not_human_annotation,0.000667,0.001466,neutral,neutral
T3A-0095,neither_or_invalid,auto_nli_roberta-large-mnli; threshold=0.5; not_human_annotation,0.025116,0.019805,neutral,neutral
T3A-0005,neither_or_invalid,auto_nli_roberta-large-mnli; threshold=0.5; not_human_annotation,0.073223,0.148460,contradiction,neutral
T3A-0200,neither_or_invalid,auto_nli_roberta-large-mnli; threshold=0.5; not_human_annotation,0.046499,0.034836,neutral,neutral
T3A-0998,neither_or_invalid,auto_nli_roberta-large-mnli; threshold=0.5; not_human_annotation,0.168400,0.061289,neutral,neutral
T3A-0456,neither_or_invalid,auto_nli_roberta-large-mnli; threshold=0.5; not_human_annotation,0.017259,0.001547,neutral,neutral
T3A-0325,neither_or_invalid,auto_nli_roberta-large-mnli; threshold=0.5; not_human_annotation,0.336933,0.001006,neutral,neutral
T3A-0801,neither_or_invalid,auto_nli_roberta-large-mnli; threshold=0.5; not_human_annotation,0.000857,0.004780,neutral,neutral
T3A-0209,neither_or_invalid,auto_nli_roberta-large-mnli; threshold=0.5; not_human_annotation,0.022833,0.003354,neutral,neutral
T3A-0636,neither_or_invalid,auto_nli_roberta-large-mnli; threshold=0.5; not_human_annotation,0.015608,0.003129,neutral,neutral
T3A-0216,neither_or_invalid,auto_nli_roberta-large-mnli; threshold=0.5; not_human_annotation,0.010124,0.003530,neutral,neutral
T3A-0896,neither_or_invalid,auto_nli_roberta-large-mnli; threshold=0.5; not_human_annotation,0.002253,0.001488,neutral,neutral
T3A-0823,neither_or_invalid,auto_nli_roberta-large-mnli; threshold=0.5; not_human_annotation,0.155964,0.303066,neutral,neutral
T3A-0271,neither_or_invalid,auto_nli_roberta-large-mnli; threshold=0.5; not_human_annotation,0.039101,0.005301,neutral,neutral
T3A-0219,neither_or_invalid,auto_nli_roberta-large-mnli; threshold=0.5; not_human_annotation,0.005905,0.019815,neutral,neutral
T3A-0953,neither_or_invalid,auto_nli_roberta-large-mnli; threshold=0.5; not_human_annotation,0.003458,0.001983,neutral,neutral
T3A-0276,neither_or_invalid,auto_nli_roberta-large-mnli; threshold=0.5; not_human_annotation,0.001346,0.001762,neutral,neutral
T3A-0223,neither_or_invalid,auto_nli_roberta-large-mnli; threshold=0.5; not_human_annotation,0.002255,0.051828,neutral,neutral
T3A-0658,neither_or_invalid,auto_nli_roberta-large-mnli; threshold=0.5; not_human_annotation,0.054897,0.170488,neutral,neutral
T3A-0891,both_or_ambiguous,auto_nli_roberta-large-mnli; threshold=0.5; not_human_annotation,0.993116,0.994258,entailment,entailment
T3A-0132,neither_or_invalid,auto_nli_roberta-large-mnli; threshold=0.5; not_human_annotation,0.014294,0.007776,neutral,neutral
T3A-0351,neither_or_invalid,auto_nli_roberta-large-mnli; threshold=0.5; not_human_annotation,0.000792,0.000750,neutral,neutral
T3A-0730,neither_or_invalid,auto_nli_roberta-large-mnli; threshold=0.5; not_human_annotation,0.000821,0.000865,neutral,neutral
T3A-0907,neither_or_invalid,auto_nli_roberta-large-mnli; threshold=0.5; not_human_annotation,0.001618,0.007056,neutral,neutral
T3A-1085,neither_or_invalid,auto_nli_roberta-large-mnli; threshold=0.5; not_human_annotation,0.002112,0.000961,neutral,neutral
T3A-0413,neither_or_invalid,auto_nli_roberta-large-mnli; threshold=0.5; not_human_annotation,0.002215,0.001355,neutral,neutral
T3A-0677,neither_or_invalid,auto_nli_roberta-large-mnli; threshold=0.5; not_human_annotation,0.004711,0.004585,neutral,neutral
T3A-0183,neither_or_invalid,auto_nli_roberta-large-mnli; threshold=0.5; not_human_annotation,0.001581,0.003638,neutral,neutral
T3A-0036,neither_or_invalid,auto_nli_roberta-large-mnli; threshold=0.5; not_human_annotation,0.004145,0.003723,neutral,neutral
T3A-0010,neither_or_invalid,auto_nli_roberta-large-mnli; threshold=0.5; not_human_annotation,0.130467,0.167641,neutral,neutral
T3A-0660,neither_or_invalid,auto_nli_roberta-large-mnli; threshold=0.5; not_human_annotation,0.001077,0.001091,neutral,neutral
T3A-0011,neither_or_invalid,auto_nli_roberta-large-mnli; threshold=0.5; not_human_annotation,0.086165,0.122637,neutral,neutral
T3A-0667,neither_or_invalid,auto_nli_roberta-large-mnli; threshold=0.5; not_human_annotation,0.012478,0.018827,neutral,neutral
T3A-0751,neither_or_invalid,auto_nli_roberta-large-mnli; threshold=0.5; not_human_annotation,0.010677,0.006664,neutral,neutral
T3A-1029,neither_or_invalid,auto_nli_roberta-large-mnli; threshold=0.5; not_human_annotation,0.001091,0.011703,neutral,neutral
T3A-1024,neither_or_invalid,auto_nli_roberta-large-mnli; threshold=0.5; not_human_annotation,0.001389,0.002353,neutral,neutral
T3A-1020,neither_or_invalid,auto_nli_roberta-large-mnli; threshold=0.5; not_human_annotation,0.006364,0.001706,contradiction,neutral
T3A-0037,neither_or_invalid,auto_nli_roberta-large-mnli; threshold=0.5; not_human_annotation,0.001530,0.000912,neutral,neutral
T3A-0194,neither_or_invalid,auto_nli_roberta-large-mnli; threshold=0.5; not_human_annotation,0.023362,0.010792,neutral,neutral
T3A-0243,neither_or_invalid,auto_nli_roberta-large-mnli; threshold=0.5; not_human_annotation,0.016015,0.004965,neutral,neutral
T3A-0470,reading_2,auto_nli_roberta-large-mnli; threshold=0.5; not_human_annotation,0.053281,0.639694,contradiction,entailment
T3A-0728,neither_or_invalid,auto_nli_roberta-large-mnli; threshold=0.5; not_human_annotation,0.001443,0.001012,neutral,neutral
T3A-0398,reading_2,auto_nli_roberta-large-mnli; threshold=0.5; not_human_annotation,0.004077,0.621988,neutral,entailment
T3A-0465,neither_or_invalid,auto_nli_roberta-large-mnli; threshold=0.5; not_human_annotation,0.010770,0.001586,neutral,neutral
T3A-0357,neither_or_invalid,auto_nli_roberta-large-mnli; threshold=0.5; not_human_annotation,0.004074,0.004430,neutral,neutral
T3A-0799,neither_or_invalid,auto_nli_roberta-large-mnli; threshold=0.5; not_human_annotation,0.007103,0.010090,neutral,neutral
T3A-0033,neither_or_invalid,auto_nli_roberta-large-mnli; threshold=0.5; not_human_annotation,0.000815,0.002616,neutral,neutral
T3A-0502,neither_or_invalid,auto_nli_roberta-large-mnli; threshold=0.5; not_human_annotation,0.002546,0.002112,contradiction,contradiction
T3A-0888,neither_or_invalid,auto_nli_roberta-large-mnli; threshold=0.5; not_human_annotation,0.111176,0.004293,neutral,neutral
T3A-0305,neither_or_invalid,auto_nli_roberta-large-mnli; threshold=0.5; not_human_annotation,0.001451,0.001161,neutral,neutral
T3A-0160,neither_or_invalid,auto_nli_roberta-large-mnli; threshold=0.5; not_human_annotation,0.001203,0.000968,neutral,neutral
T3A-0212,neither_or_invalid,auto_nli_roberta-large-mnli; threshold=0.5; not_human_annotation,0.000983,0.001065,neutral,neutral
T3A-0414,neither_or_invalid,auto_nli_roberta-large-mnli; threshold=0.5; not_human_annotation,0.001045,0.001015,neutral,neutral
T3A-0829,neither_or_invalid,auto_nli_roberta-large-mnli; threshold=0.5; not_human_annotation,0.034154,0.005944,neutral,neutral
T3A-0756,neither_or_invalid,auto_nli_roberta-large-mnli; threshold=0.5; not_human_annotation,0.002931,0.002763,neutral,neutral
T3A-0961,neither_or_invalid,auto_nli_roberta-large-mnli; threshold=0.5; not_human_annotation,0.001207,0.001292,neutral,neutral
T3A-0130,neither_or_invalid,auto_nli_roberta-large-mnli; threshold=0.5; not_human_annotation,0.006087,0.002678,neutral,neutral
T3A-0099,neither_or_invalid,auto_nli_roberta-large-mnli; threshold=0.5; not_human_annotation,0.004044,0.002696,neutral,neutral
T3A-0747,both_or_ambiguous,auto_nli_roberta-large-mnli; threshold=0.5; not_human_annotation,0.929144,0.916198,entailment,entailment
T3A-0652,reading_2,auto_nli_roberta-large-mnli; threshold=0.5; not_human_annotation,0.791534,0.953733,entailment,entailment
T3A-0688,neither_or_invalid,auto_nli_roberta-large-mnli; threshold=0.5; not_human_annotation,0.000960,0.001640,neutral,neutral
T3A-1071,neither_or_invalid,auto_nli_roberta-large-mnli; threshold=0.5; not_human_annotation,0.003130,0.006270,neutral,neutral
T3A-0286,neither_or_invalid,auto_nli_roberta-large-mnli; threshold=0.5; not_human_annotation,0.000883,0.000650,neutral,neutral
T3A-0144,neither_or_invalid,auto_nli_roberta-large-mnli; threshold=0.5; not_human_annotation,0.002979,0.001949,neutral,neutral
T3A-0749,neither_or_invalid,auto_nli_roberta-large-mnli; threshold=0.5; not_human_annotation,0.000832,0.005118,neutral,neutral
T3A-0706,neither_or_invalid,auto_nli_roberta-large-mnli; threshold=0.5; not_human_annotation,0.001609,0.001658,neutral,neutral
T3A-0966,both_or_ambiguous,auto_nli_roberta-large-mnli; threshold=0.5; not_human_annotation,0.979782,0.977208,entailment,entailment
T3A-0269,neither_or_invalid,auto_nli_roberta-large-mnli; threshold=0.5; not_human_annotation,0.005726,0.002128,neutral,neutral
T3A-0395,neither_or_invalid,auto_nli_roberta-large-mnli; threshold=0.5; not_human_annotation,0.003043,0.004418,neutral,neutral
T3A-0734,neither_or_invalid,auto_nli_roberta-large-mnli; threshold=0.5; not_human_annotation,0.004285,0.001552,neutral,neutral
T3A-0556,neither_or_invalid,auto_nli_roberta-large-mnli; threshold=0.5; not_human_annotation,0.000866,0.000969,neutral,neutral
T3A-0376,neither_or_invalid,auto_nli_roberta-large-mnli; threshold=0.5; not_human_annotation,0.011399,0.007269,neutral,neutral
T3A-0574,neither_or_invalid,auto_nli_roberta-large-mnli; threshold=0.5; not_human_annotation,0.032958,0.342357,neutral,neutral
T3A-0790,neither_or_invalid,auto_nli_roberta-large-mnli; threshold=0.5; not_human_annotation,0.028617,0.025721,contradiction,neutral
T3A-0552,both_or_ambiguous,auto_nli_roberta-large-mnli; threshold=0.5; not_human_annotation,0.993228,0.989581,entailment,entailment
T3A-0496,neither_or_invalid,auto_nli_roberta-large-mnli; threshold=0.5; not_human_annotation,0.011675,0.000361,contradiction,contradiction
T3A-0511,neither_or_invalid,auto_nli_roberta-large-mnli; threshold=0.5; not_human_annotation,0.014343,0.017340,neutral,neutral
T3A-0666,neither_or_invalid,auto_nli_roberta-large-mnli; threshold=0.5; not_human_annotation,0.010298,0.051326,neutral,contradiction
T3A-0984,neither_or_invalid,auto_nli_roberta-large-mnli; threshold=0.5; not_human_annotation,0.066119,0.051372,contradiction,neutral
T3A-0003,neither_or_invalid,auto_nli_roberta-large-mnli; threshold=0.5; not_human_annotation,0.001051,0.000807,neutral,neutral
T3A-1082,neither_or_invalid,auto_nli_roberta-large-mnli; threshold=0.5; not_human_annotation,0.001024,0.000967,neutral,neutral
T3A-0873,neither_or_invalid,auto_nli_roberta-large-mnli; threshold=0.5; not_human_annotation,0.007359,0.177248,neutral,neutral
T3A-0241,neither_or_invalid,auto_nli_roberta-large-mnli; threshold=0.5; not_human_annotation,0.002035,0.005100,neutral,neutral
T3A-0834,neither_or_invalid,auto_nli_roberta-large-mnli; threshold=0.5; not_human_annotation,0.003499,0.001894,contradiction,contradiction
T3A-1007,neither_or_invalid,auto_nli_roberta-large-mnli; threshold=0.5; not_human_annotation,0.010586,0.006039,neutral,neutral
T3A-0285,neither_or_invalid,auto_nli_roberta-large-mnli; threshold=0.5; not_human_annotation,0.001548,0.000765,neutral,neutral
T3A-0025,neither_or_invalid,auto_nli_roberta-large-mnli; threshold=0.5; not_human_annotation,0.290465,0.270209,neutral,neutral
T3A-0181,neither_or_invalid,auto_nli_roberta-large-mnli; threshold=0.5; not_human_annotation,0.006303,0.009388,neutral,neutral
T3A-0111,neither_or_invalid,auto_nli_roberta-large-mnli; threshold=0.5; not_human_annotation,0.174553,0.026736,neutral,neutral
T3A-0423,neither_or_invalid,auto_nli_roberta-large-mnli; threshold=0.5; not_human_annotation,0.000810,0.000917,neutral,neutral
T3A-0235,neither_or_invalid,auto_nli_roberta-large-mnli; threshold=0.5; not_human_annotation,0.004143,0.002384,neutral,neutral
T3A-0981,neither_or_invalid,auto_nli_roberta-large-mnli; threshold=0.5; not_human_annotation,0.001541,0.007872,neutral,neutral
T3A-0202,neither_or_invalid,auto_nli_roberta-large-mnli; threshold=0.5; not_human_annotation,0.013899,0.017138,neutral,neutral
T3A-0993,neither_or_invalid,auto_nli_roberta-large-mnli; threshold=0.5; not_human_annotation,0.007546,0.022225,neutral,neutral
T3A-0012,reading_2,auto_nli_roberta-large-mnli; threshold=0.5; not_human_annotation,0.060656,0.536427,neutral,entailment
T3A-1030,neither_or_invalid,auto_nli_roberta-large-mnli; threshold=0.5; not_human_annotation,0.002551,0.021847,neutral,neutral
T3A-0723,neither_or_invalid,auto_nli_roberta-large-mnli; threshold=0.5; not_human_annotation,0.002963,0.002578,neutral,neutral
T3A-0275,neither_or_invalid,auto_nli_roberta-large-mnli; threshold=0.5; not_human_annotation,0.001138,0.000840,neutral,neutral
T3A-0412,neither_or_invalid,auto_nli_roberta-large-mnli; threshold=0.5; not_human_annotation,0.001252,0.001362,neutral,neutral
T3A-0941,neither_or_invalid,auto_nli_roberta-large-mnli; threshold=0.5; not_human_annotation,0.010050,0.007440,neutral,neutral
T3A-1053,neither_or_invalid,auto_nli_roberta-large-mnli; threshold=0.5; not_human_annotation,0.003627,0.024757,neutral,neutral
T3A-0818,neither_or_invalid,auto_nli_roberta-large-mnli; threshold=0.5; not_human_annotation,0.405131,0.062420,neutral,neutral
T3A-0098,neither_or_invalid,auto_nli_roberta-large-mnli; threshold=0.5; not_human_annotation,0.001180,0.000982,neutral,neutral
T3A-0527,neither_or_invalid,auto_nli_roberta-large-mnli; threshold=0.5; not_human_annotation,0.000842,0.000657,neutral,neutral
T3A-0168,neither_or_invalid,auto_nli_roberta-large-mnli; threshold=0.5; not_human_annotation,0.003486,0.003673,neutral,neutral
T3A-0507,neither_or_invalid,auto_nli_roberta-large-mnli; threshold=0.5; not_human_annotation,0.002090,0.005663,neutral,neutral
T3A-1054,reading_2,auto_nli_roberta-large-mnli; threshold=0.5; not_human_annotation,0.061581,0.981411,neutral,entailment
T3A-0215,neither_or_invalid,auto_nli_roberta-large-mnli; threshold=0.5; not_human_annotation,0.010700,0.005419,neutral,neutral
T3A-0490,both_or_ambiguous,auto_nli_roberta-large-mnli; threshold=0.5; not_human_annotation,0.991793,0.993339,entailment,entailment
T3A-0339,neither_or_invalid,auto_nli_roberta-large-mnli; threshold=0.5; not_human_annotation,0.005581,0.004845,neutral,neutral
T3A-0026,both_or_ambiguous,auto_nli_roberta-large-mnli; threshold=0.5; not_human_annotation,0.987179,0.979083,entailment,entailment
T3A-0050,neither_or_invalid,auto_nli_roberta-large-mnli; threshold=0.5; not_human_annotation,0.015266,0.004155,neutral,neutral
T3A-0073,neither_or_invalid,auto_nli_roberta-large-mnli; threshold=0.5; not_human_annotation,0.000785,0.000816,neutral,neutral
T3A-0127,neither_or_invalid,auto_nli_roberta-large-mnli; threshold=0.5; not_human_annotation,0.002635,0.003558,neutral,neutral
T3A-0385,neither_or_invalid,auto_nli_roberta-large-mnli; threshold=0.5; not_human_annotation,0.000768,0.000721,neutral,neutral
T3A-0582,neither_or_invalid,auto_nli_roberta-large-mnli; threshold=0.5; not_human_annotation,0.000801,0.000897,neutral,neutral
T3A-0417,neither_or_invalid,auto_nli_roberta-large-mnli; threshold=0.5; not_human_annotation,0.003783,0.002591,contradiction,contradiction
T3A-0542,neither_or_invalid,auto_nli_roberta-large-mnli; threshold=0.5; not_human_annotation,0.068650,0.005635,contradiction,neutral
T3A-0124,neither_or_invalid,auto_nli_roberta-large-mnli; threshold=0.5; not_human_annotation,0.001626,0.001705,neutral,neutral
T3A-0302,neither_or_invalid,auto_nli_roberta-large-mnli; threshold=0.5; not_human_annotation,0.014113,0.007843,neutral,neutral
T3A-0664,neither_or_invalid,auto_nli_roberta-large-mnli; threshold=0.5; not_human_annotation,0.001897,0.001894,neutral,neutral
T3A-0674,neither_or_invalid,auto_nli_roberta-large-mnli; threshold=0.5; not_human_annotation,0.002869,0.004747,neutral,contradiction
T3A-0264,neither_or_invalid,auto_nli_roberta-large-mnli; threshold=0.5; not_human_annotation,0.004288,0.004150,neutral,neutral
T3A-0875,neither_or_invalid,auto_nli_roberta-large-mnli; threshold=0.5; not_human_annotation,0.039871,0.022356,contradiction,neutral
T3A-0375,neither_or_invalid,auto_nli_roberta-large-mnli; threshold=0.5; not_human_annotation,0.023441,0.024156,neutral,neutral
T3A-0566,neither_or_invalid,auto_nli_roberta-large-mnli; threshold=0.5; not_human_annotation,0.017275,0.003481,contradiction,contradiction
T3A-0683,neither_or_invalid,auto_nli_roberta-large-mnli; threshold=0.5; not_human_annotation,0.008450,0.021190,neutral,neutral
T3A-1062,neither_or_invalid,auto_nli_roberta-large-mnli; threshold=0.5; not_human_annotation,0.001246,0.001079,neutral,neutral
T3A-0933,neither_or_invalid,auto_nli_roberta-large-mnli; threshold=0.5; not_human_annotation,0.001346,0.001656,neutral,neutral
T3A-0504,neither_or_invalid,auto_nli_roberta-large-mnli; threshold=0.5; not_human_annotation,0.000776,0.000701,neutral,neutral
T3A-1080,reading_2,auto_nli_roberta-large-mnli; threshold=0.5; not_human_annotation,0.257688,0.984158,neutral,entailment
T3A-0105,neither_or_invalid,auto_nli_roberta-large-mnli; threshold=0.5; not_human_annotation,0.003907,0.006620,neutral,neutral
T3A-0238,neither_or_invalid,auto_nli_roberta-large-mnli; threshold=0.5; not_human_annotation,0.001020,0.005174,neutral,neutral
T3A-0563,neither_or_invalid,auto_nli_roberta-large-mnli; threshold=0.5; not_human_annotation,0.001194,0.000955,neutral,neutral
T3A-1064,neither_or_invalid,auto_nli_roberta-large-mnli; threshold=0.5; not_human_annotation,0.027793,0.020360,neutral,neutral
T3A-0992,neither_or_invalid,auto_nli_roberta-large-mnli; threshold=0.5; not_human_annotation,0.003901,0.001729,neutral,neutral
T3A-0607,neither_or_invalid,auto_nli_roberta-large-mnli; threshold=0.5; not_human_annotation,0.013149,0.003963,contradiction,neutral
T3A-0031,neither_or_invalid,auto_nli_roberta-large-mnli; threshold=0.5; not_human_annotation,0.006973,0.009876,neutral,neutral
T3A-0724,neither_or_invalid,auto_nli_roberta-large-mnli; threshold=0.5; not_human_annotation,0.001776,0.002182,neutral,neutral
T3A-0233,neither_or_invalid,auto_nli_roberta-large-mnli; threshold=0.5; not_human_annotation,0.024450,0.186122,contradiction,neutral
T3A-0153,neither_or_invalid,auto_nli_roberta-large-mnli; threshold=0.5; not_human_annotation,0.018355,0.014794,contradiction,neutral
T3A-0208,neither_or_invalid,auto_nli_roberta-large-mnli; threshold=0.5; not_human_annotation,0.001596,0.001759,neutral,neutral
T3A-0126,neither_or_invalid,auto_nli_roberta-large-mnli; threshold=0.5; not_human_annotation,0.001410,0.001777,neutral,neutral
T3A-0615,neither_or_invalid,auto_nli_roberta-large-mnli; threshold=0.5; not_human_annotation,0.047181,0.119240,neutral,neutral
T3A-0822,neither_or_invalid,auto_nli_roberta-large-mnli; threshold=0.5; not_human_annotation,0.128223,0.023316,neutral,neutral
T3A-0692,neither_or_invalid,auto_nli_roberta-large-mnli; threshold=0.5; not_human_annotation,0.013985,0.002903,neutral,neutral
T3A-0551,neither_or_invalid,auto_nli_roberta-large-mnli; threshold=0.5; not_human_annotation,0.099768,0.089627,neutral,neutral
T3A-0322,neither_or_invalid,auto_nli_roberta-large-mnli; threshold=0.5; not_human_annotation,0.001263,0.002863,neutral,neutral
T3A-0255,neither_or_invalid,auto_nli_roberta-large-mnli; threshold=0.5; not_human_annotation,0.001010,0.001072,neutral,neutral
T3A-0505,neither_or_invalid,auto_nli_roberta-large-mnli; threshold=0.5; not_human_annotation,0.006762,0.001628,neutral,neutral
T3A-0704,neither_or_invalid,auto_nli_roberta-large-mnli; threshold=0.5; not_human_annotation,0.004993,0.001812,neutral,contradiction
T3A-0214,neither_or_invalid,auto_nli_roberta-large-mnli; threshold=0.5; not_human_annotation,0.085046,0.037655,contradiction,contradiction
T3A-0555,neither_or_invalid,auto_nli_roberta-large-mnli; threshold=0.5; not_human_annotation,0.004742,0.003438,neutral,neutral
T3A-1025,neither_or_invalid,auto_nli_roberta-large-mnli; threshold=0.5; not_human_annotation,0.002291,0.002124,neutral,contradiction
T3A-0136,neither_or_invalid,auto_nli_roberta-large-mnli; threshold=0.5; not_human_annotation,0.001059,0.001182,neutral,neutral
T3A-1069,neither_or_invalid,auto_nli_roberta-large-mnli; threshold=0.5; not_human_annotation,0.000762,0.000796,neutral,neutral
T3A-0346,neither_or_invalid,auto_nli_roberta-large-mnli; threshold=0.5; not_human_annotation,0.015388,0.062521,contradiction,contradiction
T3A-0024,both_or_ambiguous,auto_nli_roberta-large-mnli; threshold=0.5; not_human_annotation,0.991555,0.987448,entailment,entailment
T3A-0042,neither_or_invalid,auto_nli_roberta-large-mnli; threshold=0.5; not_human_annotation,0.006272,0.012403,neutral,neutral
T3A-0015,neither_or_invalid,auto_nli_roberta-large-mnli; threshold=0.5; not_human_annotation,0.012909,0.022663,neutral,neutral
T3A-0938,neither_or_invalid,auto_nli_roberta-large-mnli; threshold=0.5; not_human_annotation,0.137429,0.114908,contradiction,contradiction
T3A-0796,neither_or_invalid,auto_nli_roberta-large-mnli; threshold=0.5; not_human_annotation,0.001661,0.002630,neutral,neutral
T3A-0911,neither_or_invalid,auto_nli_roberta-large-mnli; threshold=0.5; not_human_annotation,0.004331,0.003505,neutral,neutral
T3A-0486,neither_or_invalid,auto_nli_roberta-large-mnli; threshold=0.5; not_human_annotation,0.278214,0.022405,neutral,neutral
T3A-0320,neither_or_invalid,auto_nli_roberta-large-mnli; threshold=0.5; not_human_annotation,0.037347,0.005714,neutral,neutral
T3A-0789,neither_or_invalid,auto_nli_roberta-large-mnli; threshold=0.5; not_human_annotation,0.000815,0.000829,neutral,neutral
T3A-0605,neither_or_invalid,auto_nli_roberta-large-mnli; threshold=0.5; not_human_annotation,0.004333,0.001798,neutral,neutral
T3A-0545,neither_or_invalid,auto_nli_roberta-large-mnli; threshold=0.5; not_human_annotation,0.001974,0.014628,neutral,neutral
T3A-0298,neither_or_invalid,auto_nli_roberta-large-mnli; threshold=0.5; not_human_annotation,0.002588,0.006209,neutral,contradiction
T3A-0304,reading_1,auto_nli_roberta-large-mnli; threshold=0.5; not_human_annotation,0.924387,0.001316,entailment,neutral
T3A-0916,both_or_ambiguous,auto_nli_roberta-large-mnli; threshold=0.5; not_human_annotation,0.885660,0.962369,entailment,entailment
T3A-0387,neither_or_invalid,auto_nli_roberta-large-mnli; threshold=0.5; not_human_annotation,0.076719,0.046938,neutral,neutral
T3A-0621,neither_or_invalid,auto_nli_roberta-large-mnli; threshold=0.5; not_human_annotation,0.009800,0.003498,contradiction,contradiction
T3A-0048,neither_or_invalid,auto_nli_roberta-large-mnli; threshold=0.5; not_human_annotation,0.001154,0.000857,neutral,neutral
T3A-0538,reading_2,auto_nli_roberta-large-mnli; threshold=0.5; not_human_annotation,0.124508,0.573686,neutral,entailment
T3A-0315,neither_or_invalid,auto_nli_roberta-large-mnli; threshold=0.5; not_human_annotation,0.001534,0.006273,neutral,neutral
T3A-0598,reading_1,auto_nli_roberta-large-mnli; threshold=0.5; not_human_annotation,0.507651,0.403354,entailment,neutral
T3A-0949,neither_or_invalid,auto_nli_roberta-large-mnli; threshold=0.5; not_human_annotation,0.037635,0.018380,contradiction,neutral
T3A-0389,neither_or_invalid,auto_nli_roberta-large-mnli; threshold=0.5; not_human_annotation,0.011665,0.012241,contradiction,neutral
T3A-0650,neither_or_invalid,auto_nli_roberta-large-mnli; threshold=0.5; not_human_annotation,0.225557,0.007305,neutral,neutral
T3A-0379,neither_or_invalid,auto_nli_roberta-large-mnli; threshold=0.5; not_human_annotation,0.015833,0.006571,neutral,neutral
T3A-0326,reading_1,auto_nli_roberta-large-mnli; threshold=0.5; not_human_annotation,0.574132,0.000959,entailment,neutral
T3A-0101,reading_1,auto_nli_roberta-large-mnli; threshold=0.5; not_human_annotation,0.993161,0.093915,entailment,neutral
T3A-0129,neither_or_invalid,auto_nli_roberta-large-mnli; threshold=0.5; not_human_annotation,0.047354,0.061285,neutral,neutral
T3A-0812,neither_or_invalid,auto_nli_roberta-large-mnli; threshold=0.5; not_human_annotation,0.000614,0.000695,neutral,neutral
T3A-0146,neither_or_invalid,auto_nli_roberta-large-mnli; threshold=0.5; not_human_annotation,0.001588,0.001806,neutral,neutral
T3A-0603,neither_or_invalid,auto_nli_roberta-large-mnli; threshold=0.5; not_human_annotation,0.005442,0.003597,neutral,contradiction
T3A-0952,neither_or_invalid,auto_nli_roberta-large-mnli; threshold=0.5; not_human_annotation,0.000987,0.002425,neutral,neutral
T3A-0116,neither_or_invalid,auto_nli_roberta-large-mnli; threshold=0.5; not_human_annotation,0.001737,0.002270,neutral,neutral
T3A-1027,neither_or_invalid,auto_nli_roberta-large-mnli; threshold=0.5; not_human_annotation,0.033619,0.061032,neutral,neutral
T3A-1019,neither_or_invalid,auto_nli_roberta-large-mnli; threshold=0.5; not_human_annotation,0.002147,0.001602,neutral,neutral
T3A-0083,neither_or_invalid,auto_nli_roberta-large-mnli; threshold=0.5; not_human_annotation,0.001561,0.001254,neutral,neutral
T3A-0923,neither_or_invalid,auto_nli_roberta-large-mnli; threshold=0.5; not_human_annotation,0.005250,0.003245,neutral,neutral
T3A-0156,neither_or_invalid,auto_nli_roberta-large-mnli; threshold=0.5; not_human_annotation,0.000680,0.000761,neutral,neutral
T3A-0559,neither_or_invalid,auto_nli_roberta-large-mnli; threshold=0.5; not_human_annotation,0.000631,0.000614,neutral,neutral
T3A-0849,neither_or_invalid,auto_nli_roberta-large-mnli; threshold=0.5; not_human_annotation,0.001207,0.001165,neutral,neutral
T3A-0935,neither_or_invalid,auto_nli_roberta-large-mnli; threshold=0.5; not_human_annotation,0.002164,0.008929,contradiction,contradiction
T3A-0655,neither_or_invalid,auto_nli_roberta-large-mnli; threshold=0.5; not_human_annotation,0.000921,0.001017,neutral,neutral
T3A-0258,both_or_ambiguous,auto_nli_roberta-large-mnli; threshold=0.5; not_human_annotation,0.972114,0.983875,entailment,entailment
T3A-1058,neither_or_invalid,auto_nli_roberta-large-mnli; threshold=0.5; not_human_annotation,0.000750,0.000593,neutral,neutral
T3A-0403,neither_or_invalid,auto_nli_roberta-large-mnli; threshold=0.5; not_human_annotation,0.001481,0.001544,neutral,neutral
T3A-0670,neither_or_invalid,auto_nli_roberta-large-mnli; threshold=0.5; not_human_annotation,0.001063,0.001090,neutral,neutral
T3A-0601,neither_or_invalid,auto_nli_roberta-large-mnli; threshold=0.5; not_human_annotation,0.001747,0.002629,neutral,neutral
T3A-0328,neither_or_invalid,auto_nli_roberta-large-mnli; threshold=0.5; not_human_annotation,0.002575,0.001984,contradiction,contradiction
T3A-0404,neither_or_invalid,auto_nli_roberta-large-mnli; threshold=0.5; not_human_annotation,0.000937,0.002204,neutral,neutral
T3A-0066,neither_or_invalid,auto_nli_roberta-large-mnli; threshold=0.5; not_human_annotation,0.003419,0.001470,neutral,neutral
T3A-0813,neither_or_invalid,auto_nli_roberta-large-mnli; threshold=0.5; not_human_annotation,0.002498,0.003614,contradiction,neutral
T3A-0265,neither_or_invalid,auto_nli_roberta-large-mnli; threshold=0.5; not_human_annotation,0.110817,0.052118,neutral,neutral
T3A-0349,neither_or_invalid,auto_nli_roberta-large-mnli; threshold=0.5; not_human_annotation,0.038246,0.074237,neutral,neutral
T3A-0239,neither_or_invalid,auto_nli_roberta-large-mnli; threshold=0.5; not_human_annotation,0.000228,0.096833,contradiction,contradiction
T3A-0483,neither_or_invalid,auto_nli_roberta-large-mnli; threshold=0.5; not_human_annotation,0.013286,0.004223,neutral,contradiction
T3A-0970,neither_or_invalid,auto_nli_roberta-large-mnli; threshold=0.5; not_human_annotation,0.001857,0.022069,neutral,neutral
T3A-0531,neither_or_invalid,auto_nli_roberta-large-mnli; threshold=0.5; not_human_annotation,0.003009,0.001845,neutral,contradiction
T3A-0804,neither_or_invalid,auto_nli_roberta-large-mnli; threshold=0.5; not_human_annotation,0.048226,0.019655,neutral,neutral
T3A-0497,neither_or_invalid,auto_nli_roberta-large-mnli; threshold=0.5; not_human_annotation,0.005991,0.005053,neutral,neutral
T3A-0445,neither_or_invalid,auto_nli_roberta-large-mnli; threshold=0.5; not_human_annotation,0.003788,0.005748,neutral,neutral
T3A-0295,neither_or_invalid,auto_nli_roberta-large-mnli; threshold=0.5; not_human_annotation,0.000933,0.000747,neutral,neutral
T3A-0987,neither_or_invalid,auto_nli_roberta-large-mnli; threshold=0.5; not_human_annotation,0.001176,0.001716,neutral,neutral
T3A-0211,neither_or_invalid,auto_nli_roberta-large-mnli; threshold=0.5; not_human_annotation,0.002652,0.000911,neutral,neutral
T3A-0270,neither_or_invalid,auto_nli_roberta-large-mnli; threshold=0.5; not_human_annotation,0.008317,0.001610,contradiction,neutral
T3A-0246,neither_or_invalid,auto_nli_roberta-large-mnli; threshold=0.5; not_human_annotation,0.000877,0.001042,neutral,neutral
T3A-0369,neither_or_invalid,auto_nli_roberta-large-mnli; threshold=0.5; not_human_annotation,0.001223,0.007275,neutral,neutral
T3A-0368,neither_or_invalid,auto_nli_roberta-large-mnli; threshold=0.5; not_human_annotation,0.000656,0.010446,neutral,neutral
T3A-0697,both_or_ambiguous,auto_nli_roberta-large-mnli; threshold=0.5; not_human_annotation,0.993120,0.940128,entailment,entailment
T3A-0737,neither_or_invalid,auto_nli_roberta-large-mnli; threshold=0.5; not_human_annotation,0.012362,0.002335,neutral,neutral
T3A-0432,reading_2,auto_nli_roberta-large-mnli; threshold=0.5; not_human_annotation,0.751465,0.992142,entailment,entailment
T3A-0689,neither_or_invalid,auto_nli_roberta-large-mnli; threshold=0.5; not_human_annotation,0.015020,0.005020,neutral,neutral
T3A-0861,neither_or_invalid,auto_nli_roberta-large-mnli; threshold=0.5; not_human_annotation,0.002039,0.001775,neutral,neutral
T3A-0067,neither_or_invalid,auto_nli_roberta-large-mnli; threshold=0.5; not_human_annotation,0.045066,0.084346,neutral,neutral
T3A-0283,neither_or_invalid,auto_nli_roberta-large-mnli; threshold=0.5; not_human_annotation,0.061057,0.087304,contradiction,contradiction
T3A-0931,neither_or_invalid,auto_nli_roberta-large-mnli; threshold=0.5; not_human_annotation,0.002304,0.000687,neutral,neutral
T3A-0189,neither_or_invalid,auto_nli_roberta-large-mnli; threshold=0.5; not_human_annotation,0.001071,0.003416,neutral,neutral
T3A-0477,neither_or_invalid,auto_nli_roberta-large-mnli; threshold=0.5; not_human_annotation,0.059042,0.040776,neutral,neutral
T3A-0284,neither_or_invalid,auto_nli_roberta-large-mnli; threshold=0.5; not_human_annotation,0.050509,0.046732,neutral,neutral
T3A-0533,neither_or_invalid,auto_nli_roberta-large-mnli; threshold=0.5; not_human_annotation,0.019850,0.017297,neutral,neutral
T3A-0467,neither_or_invalid,auto_nli_roberta-large-mnli; threshold=0.5; not_human_annotation,0.009122,0.018808,neutral,neutral
T3A-0253,neither_or_invalid,auto_nli_roberta-large-mnli; threshold=0.5; not_human_annotation,0.002780,0.007858,neutral,neutral
T3A-0991,neither_or_invalid,auto_nli_roberta-large-mnli; threshold=0.5; not_human_annotation,0.002187,0.001199,neutral,neutral
T3A-0122,neither_or_invalid,auto_nli_roberta-large-mnli; threshold=0.5; not_human_annotation,0.031319,0.071458,neutral,neutral
T3A-0072,neither_or_invalid,auto_nli_roberta-large-mnli; threshold=0.5; not_human_annotation,0.124495,0.160137,neutral,neutral
T3A-0882,neither_or_invalid,auto_nli_roberta-large-mnli; threshold=0.5; not_human_annotation,0.005134,0.036895,neutral,neutral
T3A-0717,neither_or_invalid,auto_nli_roberta-large-mnli; threshold=0.5; not_human_annotation,0.329104,0.012147,neutral,neutral
T3A-1050,neither_or_invalid,auto_nli_roberta-large-mnli; threshold=0.5; not_human_annotation,0.015708,0.021614,neutral,neutral
T3A-0115,both_or_ambiguous,auto_nli_roberta-large-mnli; threshold=0.5; not_human_annotation,0.993254,0.991985,entailment,entailment
T3A-0261,neither_or_invalid,auto_nli_roberta-large-mnli; threshold=0.5; not_human_annotation,0.001546,0.024763,neutral,neutral
T3A-0575,neither_or_invalid,auto_nli_roberta-large-mnli; threshold=0.5; not_human_annotation,0.001629,0.001531,neutral,neutral
T3A-0959,neither_or_invalid,auto_nli_roberta-large-mnli; threshold=0.5; not_human_annotation,0.081991,0.015333,neutral,neutral
T3A-0090,neither_or_invalid,auto_nli_roberta-large-mnli; threshold=0.5; not_human_annotation,0.001331,0.002436,neutral,neutral
T3A-0654,neither_or_invalid,auto_nli_roberta-large-mnli; threshold=0.5; not_human_annotation,0.051807,0.038875,neutral,neutral
T3A-0878,neither_or_invalid,auto_nli_roberta-large-mnli; threshold=0.5; not_human_annotation,0.003594,0.005003,neutral,neutral
T3A-0815,neither_or_invalid,auto_nli_roberta-large-mnli; threshold=0.5; not_human_annotation,0.003940,0.006989,contradiction,contradiction
T3A-0365,neither_or_invalid,auto_nli_roberta-large-mnli; threshold=0.5; not_human_annotation,0.025659,0.004905,neutral,neutral
T3A-0535,neither_or_invalid,auto_nli_roberta-large-mnli; threshold=0.5; not_human_annotation,0.002269,0.009826,contradiction,contradiction
T3A-0637,neither_or_invalid,auto_nli_roberta-large-mnli; threshold=0.5; not_human_annotation,0.000747,0.000850,neutral,neutral
T3A-0149,neither_or_invalid,auto_nli_roberta-large-mnli; threshold=0.5; not_human_annotation,0.115886,0.193460,neutral,neutral
T3A-0278,neither_or_invalid,auto_nli_roberta-large-mnli; threshold=0.5; not_human_annotation,0.001289,0.002025,neutral,neutral
T3A-0516,neither_or_invalid,auto_nli_roberta-large-mnli; threshold=0.5; not_human_annotation,0.002736,0.001573,neutral,neutral
T3A-0034,neither_or_invalid,auto_nli_roberta-large-mnli; threshold=0.5; not_human_annotation,0.001041,0.006142,neutral,neutral
T3A-0364,neither_or_invalid,auto_nli_roberta-large-mnli; threshold=0.5; not_human_annotation,0.003374,0.001713,neutral,neutral
T3A-0890,neither_or_invalid,auto_nli_roberta-large-mnli; threshold=0.5; not_human_annotation,0.004408,0.037014,contradiction,contradiction
T3A-0886,neither_or_invalid,auto_nli_roberta-large-mnli; threshold=0.5; not_human_annotation,0.012371,0.002421,contradiction,neutral
T3A-0164,neither_or_invalid,auto_nli_roberta-large-mnli; threshold=0.5; not_human_annotation,0.001004,0.001145,neutral,neutral
T3A-0433,neither_or_invalid,auto_nli_roberta-large-mnli; threshold=0.5; not_human_annotation,0.001198,0.002531,neutral,neutral
T3A-0782,reading_2,auto_nli_roberta-large-mnli; threshold=0.5; not_human_annotation,0.041255,0.974022,neutral,entailment
T3A-0939,neither_or_invalid,auto_nli_roberta-large-mnli; threshold=0.5; not_human_annotation,0.005714,0.002274,neutral,neutral
T3A-0567,neither_or_invalid,auto_nli_roberta-large-mnli; threshold=0.5; not_human_annotation,0.000835,0.001265,neutral,neutral
T3A-0480,neither_or_invalid,auto_nli_roberta-large-mnli; threshold=0.5; not_human_annotation,0.001029,0.000511,contradiction,contradiction
T3A-0554,neither_or_invalid,auto_nli_roberta-large-mnli; threshold=0.5; not_human_annotation,0.004968,0.004194,neutral,neutral
T3A-0089,neither_or_invalid,auto_nli_roberta-large-mnli; threshold=0.5; not_human_annotation,0.001241,0.003375,neutral,neutral
T3A-0739,neither_or_invalid,auto_nli_roberta-large-mnli; threshold=0.5; not_human_annotation,0.001712,0.001543,neutral,neutral
T3A-0872,neither_or_invalid,auto_nli_roberta-large-mnli; threshold=0.5; not_human_annotation,0.001013,0.002065,neutral,neutral
T3A-0524,neither_or_invalid,auto_nli_roberta-large-mnli; threshold=0.5; not_human_annotation,0.012192,0.009291,neutral,neutral
T3A-0587,neither_or_invalid,auto_nli_roberta-large-mnli; threshold=0.5; not_human_annotation,0.003511,0.007627,neutral,neutral
T3A-1037,neither_or_invalid,auto_nli_roberta-large-mnli; threshold=0.5; not_human_annotation,0.003713,0.004809,neutral,neutral
T3A-0103,neither_or_invalid,auto_nli_roberta-large-mnli; threshold=0.5; not_human_annotation,0.017227,0.049044,neutral,neutral
T3A-0252,neither_or_invalid,auto_nli_roberta-large-mnli; threshold=0.5; not_human_annotation,0.002173,0.001051,neutral,neutral
T3A-0356,neither_or_invalid,auto_nli_roberta-large-mnli; threshold=0.5; not_human_annotation,0.001224,0.000989,neutral,neutral
T3A-0147,neither_or_invalid,auto_nli_roberta-large-mnli; threshold=0.5; not_human_annotation,0.000976,0.000973,neutral,neutral
T3A-0781,neither_or_invalid,auto_nli_roberta-large-mnli; threshold=0.5; not_human_annotation,0.000969,0.006451,neutral,neutral
T3A-0110,neither_or_invalid,auto_nli_roberta-large-mnli; threshold=0.5; not_human_annotation,0.119827,0.120608,neutral,neutral
T3A-0229,neither_or_invalid,auto_nli_roberta-large-mnli; threshold=0.5; not_human_annotation,0.001309,0.001321,neutral,neutral
T3A-0580,neither_or_invalid,auto_nli_roberta-large-mnli; threshold=0.5; not_human_annotation,0.001040,0.003435,contradiction,neutral
T3A-0134,neither_or_invalid,auto_nli_roberta-large-mnli; threshold=0.5; not_human_annotation,0.049948,0.013605,neutral,neutral
T3A-0592,neither_or_invalid,auto_nli_roberta-large-mnli; threshold=0.5; not_human_annotation,0.000691,0.000838,neutral,neutral
T3A-0974,neither_or_invalid,auto_nli_roberta-large-mnli; threshold=0.5; not_human_annotation,0.003742,0.013545,neutral,contradiction
T3A-0061,neither_or_invalid,auto_nli_roberta-large-mnli; threshold=0.5; not_human_annotation,0.000866,0.001129,neutral,neutral
T3A-0288,reading_1,auto_nli_roberta-large-mnli; threshold=0.5; not_human_annotation,0.954356,0.463476,entailment,neutral
T3A-0755,neither_or_invalid,auto_nli_roberta-large-mnli; threshold=0.5; not_human_annotation,0.000916,0.000921,neutral,neutral
T3A-0266,neither_or_invalid,auto_nli_roberta-large-mnli; threshold=0.5; not_human_annotation,0.001005,0.000846,neutral,neutral
T3A-0256,neither_or_invalid,auto_nli_roberta-large-mnli; threshold=0.5; not_human_annotation,0.000918,0.001124,neutral,neutral
T3A-1056,neither_or_invalid,auto_nli_roberta-large-mnli; threshold=0.5; not_human_annotation,0.001481,0.002249,neutral,neutral
T3A-0731,neither_or_invalid,auto_nli_roberta-large-mnli; threshold=0.5; not_human_annotation,0.000912,0.001225,neutral,neutral
T3A-0014,both_or_ambiguous,auto_nli_roberta-large-mnli; threshold=0.5; not_human_annotation,0.953125,0.951498,entailment,entailment
T3A-0752,neither_or_invalid,auto_nli_roberta-large-mnli; threshold=0.5; not_human_annotation,0.002048,0.002009,neutral,neutral
T3A-0550,neither_or_invalid,auto_nli_roberta-large-mnli; threshold=0.5; not_human_annotation,0.001469,0.002748,neutral,neutral
T3A-0646,neither_or_invalid,auto_nli_roberta-large-mnli; threshold=0.5; not_human_annotation,0.112288,0.272714,neutral,neutral
T3A-0937,neither_or_invalid,auto_nli_roberta-large-mnli; threshold=0.5; not_human_annotation,0.007463,0.002922,neutral,neutral
T3A-0161,neither_or_invalid,auto_nli_roberta-large-mnli; threshold=0.5; not_human_annotation,0.128836,0.019835,neutral,neutral
T3A-0204,neither_or_invalid,auto_nli_roberta-large-mnli; threshold=0.5; not_human_annotation,0.001132,0.012560,neutral,neutral
T3A-0492,neither_or_invalid,auto_nli_roberta-large-mnli; threshold=0.5; not_human_annotation,0.001299,0.019775,neutral,neutral
T3A-0272,neither_or_invalid,auto_nli_roberta-large-mnli; threshold=0.5; not_human_annotation,0.042891,0.058195,neutral,neutral
T3A-0071,neither_or_invalid,auto_nli_roberta-large-mnli; threshold=0.5; not_human_annotation,0.154240,0.118568,neutral,neutral
T3A-0648,neither_or_invalid,auto_nli_roberta-large-mnli; threshold=0.5; not_human_annotation,0.003378,0.003240,neutral,neutral
T3A-0908,neither_or_invalid,auto_nli_roberta-large-mnli; threshold=0.5; not_human_annotation,0.000956,0.002281,neutral,neutral
T3A-0391,neither_or_invalid,auto_nli_roberta-large-mnli; threshold=0.5; not_human_annotation,0.327625,0.193186,neutral,neutral
T3A-0669,neither_or_invalid,auto_nli_roberta-large-mnli; threshold=0.5; not_human_annotation,0.000977,0.001021,neutral,neutral
T3A-1079,reading_2,auto_nli_roberta-large-mnli; threshold=0.5; not_human_annotation,0.003148,0.675397,neutral,entailment
T3A-0190,neither_or_invalid,auto_nli_roberta-large-mnli; threshold=0.5; not_human_annotation,0.009229,0.009842,neutral,neutral
T3A-0231,neither_or_invalid,auto_nli_roberta-large-mnli; threshold=0.5; not_human_annotation,0.002783,0.002300,contradiction,contradiction
T3A-0501,neither_or_invalid,auto_nli_roberta-large-mnli; threshold=0.5; not_human_annotation,0.001932,0.001717,neutral,neutral
T3A-0844,reading_2,auto_nli_roberta-large-mnli; threshold=0.5; not_human_annotation,0.828473,0.962044,entailment,entailment
T3A-0310,neither_or_invalid,auto_nli_roberta-large-mnli; threshold=0.5; not_human_annotation,0.030105,0.049573,neutral,neutral
T3A-0616,neither_or_invalid,auto_nli_roberta-large-mnli; threshold=0.5; not_human_annotation,0.042833,0.065829,neutral,neutral
T3A-0784,neither_or_invalid,auto_nli_roberta-large-mnli; threshold=0.5; not_human_annotation,0.001350,0.001427,neutral,neutral
T3A-0487,neither_or_invalid,auto_nli_roberta-large-mnli; threshold=0.5; not_human_annotation,0.016063,0.033187,neutral,neutral
T3A-0740,neither_or_invalid,auto_nli_roberta-large-mnli; threshold=0.5; not_human_annotation,0.000995,0.000719,neutral,neutral
T3A-0968,neither_or_invalid,auto_nli_roberta-large-mnli; threshold=0.5; not_human_annotation,0.004790,0.022638,contradiction,neutral
T3A-1036,neither_or_invalid,auto_nli_roberta-large-mnli; threshold=0.5; not_human_annotation,0.005714,0.016874,neutral,neutral
T3A-0868,neither_or_invalid,auto_nli_roberta-large-mnli; threshold=0.5; not_human_annotation,0.002629,0.001744,contradiction,neutral
T3A-0399,neither_or_invalid,auto_nli_roberta-large-mnli; threshold=0.5; not_human_annotation,0.001665,0.001183,contradiction,neutral
T3A-0121,neither_or_invalid,auto_nli_roberta-large-mnli; threshold=0.5; not_human_annotation,0.002404,0.005106,neutral,neutral
T3A-0035,neither_or_invalid,auto_nli_roberta-large-mnli; threshold=0.5; not_human_annotation,0.009155,0.005536,neutral,neutral
T3A-0787,neither_or_invalid,auto_nli_roberta-large-mnli; threshold=0.5; not_human_annotation,0.021325,0.175109,neutral,neutral
T3A-0018,reading_2,auto_nli_roberta-large-mnli; threshold=0.5; not_human_annotation,0.314914,0.631748,neutral,entailment
T3A-0225,neither_or_invalid,auto_nli_roberta-large-mnli; threshold=0.5; not_human_annotation,0.005582,0.004891,neutral,neutral
T3A-0401,neither_or_invalid,auto_nli_roberta-large-mnli; threshold=0.5; not_human_annotation,0.003357,0.028484,neutral,neutral
T3A-0508,reading_2,auto_nli_roberta-large-mnli; threshold=0.5; not_human_annotation,0.001279,0.994344,neutral,entailment
T3A-0312,neither_or_invalid,auto_nli_roberta-large-mnli; threshold=0.5; not_human_annotation,0.003136,0.011746,neutral,neutral
T3A-0806,neither_or_invalid,auto_nli_roberta-large-mnli; threshold=0.5; not_human_annotation,0.002561,0.007059,neutral,neutral
T3A-0960,neither_or_invalid,auto_nli_roberta-large-mnli; threshold=0.5; not_human_annotation,0.128371,0.003509,neutral,contradiction
T3A-0016,neither_or_invalid,auto_nli_roberta-large-mnli; threshold=0.5; not_human_annotation,0.001040,0.001035,neutral,neutral
T3A-0824,neither_or_invalid,auto_nli_roberta-large-mnli; threshold=0.5; not_human_annotation,0.026390,0.024973,neutral,neutral
T3A-0775,neither_or_invalid,auto_nli_roberta-large-mnli; threshold=0.5; not_human_annotation,0.018802,0.003083,neutral,neutral
T3A-0906,neither_or_invalid,auto_nli_roberta-large-mnli; threshold=0.5; not_human_annotation,0.001565,0.001559,neutral,neutral
T3A-0963,neither_or_invalid,auto_nli_roberta-large-mnli; threshold=0.5; not_human_annotation,0.008132,0.005833,contradiction,neutral
T3A-0922,both_or_ambiguous,auto_nli_roberta-large-mnli; threshold=0.5; not_human_annotation,0.977043,0.952683,entailment,entailment
T3A-1028,neither_or_invalid,auto_nli_roberta-large-mnli; threshold=0.5; not_human_annotation,0.008818,0.005547,neutral,neutral
T3A-0803,neither_or_invalid,auto_nli_roberta-large-mnli; threshold=0.5; not_human_annotation,0.027034,0.003055,neutral,neutral
T3A-0416,neither_or_invalid,auto_nli_roberta-large-mnli; threshold=0.5; not_human_annotation,0.013311,0.004904,neutral,neutral
T3A-0077,neither_or_invalid,auto_nli_roberta-large-mnli; threshold=0.5; not_human_annotation,0.014000,0.004367,neutral,contradiction
T3A-0847,neither_or_invalid,auto_nli_roberta-large-mnli; threshold=0.5; not_human_annotation,0.140240,0.011277,neutral,neutral
T3A-0857,neither_or_invalid,auto_nli_roberta-large-mnli; threshold=0.5; not_human_annotation,0.134605,0.223225,neutral,neutral
T3A-0446,neither_or_invalid,auto_nli_roberta-large-mnli; threshold=0.5; not_human_annotation,0.003552,0.006384,contradiction,contradiction
T3A-0766,neither_or_invalid,auto_nli_roberta-large-mnli; threshold=0.5; not_human_annotation,0.003090,0.002349,neutral,neutral
T3A-0956,neither_or_invalid,auto_nli_roberta-large-mnli; threshold=0.5; not_human_annotation,0.001878,0.001846,neutral,neutral
T3A-0458,neither_or_invalid,auto_nli_roberta-large-mnli; threshold=0.5; not_human_annotation,0.004360,0.002946,neutral,neutral
T3A-0901,neither_or_invalid,auto_nli_roberta-large-mnli; threshold=0.5; not_human_annotation,0.047481,0.042010,neutral,neutral
T3A-0711,neither_or_invalid,auto_nli_roberta-large-mnli; threshold=0.5; not_human_annotation,0.019963,0.012760,contradiction,neutral
T3A-0171,neither_or_invalid,auto_nli_roberta-large-mnli; threshold=0.5; not_human_annotation,0.001221,0.003156,neutral,neutral
T3A-0437,neither_or_invalid,auto_nli_roberta-large-mnli; threshold=0.5; not_human_annotation,0.008643,0.050450,neutral,neutral
T3A-0457,neither_or_invalid,auto_nli_roberta-large-mnli; threshold=0.5; not_human_annotation,0.000712,0.000641,neutral,neutral
T3A-0314,neither_or_invalid,auto_nli_roberta-large-mnli; threshold=0.5; not_human_annotation,0.103728,0.048137,neutral,neutral
T3A-0735,neither_or_invalid,auto_nli_roberta-large-mnli; threshold=0.5; not_human_annotation,0.006748,0.004899,neutral,neutral
T3A-0978,neither_or_invalid,auto_nli_roberta-large-mnli; threshold=0.5; not_human_annotation,0.000820,0.001084,neutral,neutral
T3A-0641,neither_or_invalid,auto_nli_roberta-large-mnli; threshold=0.5; not_human_annotation,0.035412,0.070809,neutral,neutral
T3A-0681,neither_or_invalid,auto_nli_roberta-large-mnli; threshold=0.5; not_human_annotation,0.002739,0.003073,neutral,neutral
T3A-0329,neither_or_invalid,auto_nli_roberta-large-mnli; threshold=0.5; not_human_annotation,0.110942,0.257567,neutral,neutral
T3A-0569,neither_or_invalid,auto_nli_roberta-large-mnli; threshold=0.5; not_human_annotation,0.332693,0.270103,neutral,neutral
T3A-0744,neither_or_invalid,auto_nli_roberta-large-mnli; threshold=0.5; not_human_annotation,0.000950,0.002914,neutral,neutral
T3A-0973,neither_or_invalid,auto_nli_roberta-large-mnli; threshold=0.5; not_human_annotation,0.001805,0.023735,neutral,neutral
T3A-0920,neither_or_invalid,auto_nli_roberta-large-mnli; threshold=0.5; not_human_annotation,0.008429,0.008578,neutral,neutral
T3A-1014,neither_or_invalid,auto_nli_roberta-large-mnli; threshold=0.5; not_human_annotation,0.000963,0.000936,neutral,neutral
T3A-0085,neither_or_invalid,auto_nli_roberta-large-mnli; threshold=0.5; not_human_annotation,0.190126,0.227530,neutral,neutral
T3A-0274,neither_or_invalid,auto_nli_roberta-large-mnli; threshold=0.5; not_human_annotation,0.001425,0.001846,neutral,neutral
T3A-0532,neither_or_invalid,auto_nli_roberta-large-mnli; threshold=0.5; not_human_annotation,0.002685,0.000952,neutral,neutral
T3A-0619,neither_or_invalid,auto_nli_roberta-large-mnli; threshold=0.5; not_human_annotation,0.001182,0.001096,neutral,neutral
T3A-0975,neither_or_invalid,auto_nli_roberta-large-mnli; threshold=0.5; not_human_annotation,0.000837,0.000946,neutral,neutral
T3A-0509,neither_or_invalid,auto_nli_roberta-large-mnli; threshold=0.5; not_human_annotation,0.007397,0.003373,neutral,contradiction
T3A-0856,reading_1,auto_nli_roberta-large-mnli; threshold=0.5; not_human_annotation,0.720376,0.541102,entailment,entailment
T3A-0915,neither_or_invalid,auto_nli_roberta-large-mnli; threshold=0.5; not_human_annotation,0.002137,0.000859,neutral,neutral
T3A-0957,neither_or_invalid,auto_nli_roberta-large-mnli; threshold=0.5; not_human_annotation,0.002090,0.008270,neutral,contradiction
T3A-0864,both_or_ambiguous,auto_nli_roberta-large-mnli; threshold=0.5; not_human_annotation,0.993940,0.991590,entailment,entailment
T3A-0410,neither_or_invalid,auto_nli_roberta-large-mnli; threshold=0.5; not_human_annotation,0.060847,0.011162,neutral,contradiction
T3A-0671,neither_or_invalid,auto_nli_roberta-large-mnli; threshold=0.5; not_human_annotation,0.328436,0.247199,neutral,neutral
T3A-0701,neither_or_invalid,auto_nli_roberta-large-mnli; threshold=0.5; not_human_annotation,0.075691,0.183184,neutral,neutral
T3A-0769,neither_or_invalid,auto_nli_roberta-large-mnli; threshold=0.5; not_human_annotation,0.000737,0.001172,neutral,neutral
T3A-0675,neither_or_invalid,auto_nli_roberta-large-mnli; threshold=0.5; not_human_annotation,0.001562,0.001103,neutral,neutral
T3A-0340,both_or_ambiguous,auto_nli_roberta-large-mnli; threshold=0.5; not_human_annotation,0.514129,0.540841,entailment,entailment
T3A-0627,neither_or_invalid,auto_nli_roberta-large-mnli; threshold=0.5; not_human_annotation,0.015203,0.019589,neutral,neutral
T3A-0946,neither_or_invalid,auto_nli_roberta-large-mnli; threshold=0.5; not_human_annotation,0.003412,0.012836,neutral,neutral
T3A-0293,neither_or_invalid,auto_nli_roberta-large-mnli; threshold=0.5; not_human_annotation,0.000796,0.000726,neutral,neutral
T3A-0196,neither_or_invalid,auto_nli_roberta-large-mnli; threshold=0.5; not_human_annotation,0.071749,0.340627,neutral,neutral
T3A-0570,reading_2,auto_nli_roberta-large-mnli; threshold=0.5; not_human_annotation,0.572307,0.976148,entailment,entailment
T3A-0948,neither_or_invalid,auto_nli_roberta-large-mnli; threshold=0.5; not_human_annotation,0.002669,0.002138,contradiction,neutral
T3A-0485,neither_or_invalid,auto_nli_roberta-large-mnli; threshold=0.5; not_human_annotation,0.004229,0.001288,neutral,neutral
T3A-0557,neither_or_invalid,auto_nli_roberta-large-mnli; threshold=0.5; not_human_annotation,0.012068,0.079492,neutral,contradiction
T3A-0408,neither_or_invalid,auto_nli_roberta-large-mnli; threshold=0.5; not_human_annotation,0.003562,0.004059,contradiction,neutral
T3A-0889,reading_2,auto_nli_roberta-large-mnli; threshold=0.5; not_human_annotation,0.044029,0.936502,neutral,entailment
T3A-0763,neither_or_invalid,auto_nli_roberta-large-mnli; threshold=0.5; not_human_annotation,0.005684,0.004382,neutral,neutral
T3A-0866,reading_1,auto_nli_roberta-large-mnli; threshold=0.5; not_human_annotation,0.716401,0.124501,entailment,contradiction
T3A-0832,neither_or_invalid,auto_nli_roberta-large-mnli; threshold=0.5; not_human_annotation,0.003257,0.001183,neutral,neutral
T3A-0690,neither_or_invalid,auto_nli_roberta-large-mnli; threshold=0.5; not_human_annotation,0.004052,0.003361,neutral,neutral
T3A-0593,neither_or_invalid,auto_nli_roberta-large-mnli; threshold=0.5; not_human_annotation,0.339826,0.003830,neutral,neutral
T3A-0207,neither_or_invalid,auto_nli_roberta-large-mnli; threshold=0.5; not_human_annotation,0.000947,0.000881,neutral,neutral
T3A-0301,neither_or_invalid,auto_nli_roberta-large-mnli; threshold=0.5; not_human_annotation,0.008629,0.008348,neutral,contradiction
T3A-0038,neither_or_invalid,auto_nli_roberta-large-mnli; threshold=0.5; not_human_annotation,0.001298,0.014622,neutral,neutral
T3A-0635,neither_or_invalid,auto_nli_roberta-large-mnli; threshold=0.5; not_human_annotation,0.368139,0.083884,neutral,neutral
T3A-0623,neither_or_invalid,auto_nli_roberta-large-mnli; threshold=0.5; not_human_annotation,0.096124,0.070765,contradiction,contradiction
T3A-0139,neither_or_invalid,auto_nli_roberta-large-mnli; threshold=0.5; not_human_annotation,0.005083,0.003807,neutral,neutral
T3A-1081,neither_or_invalid,auto_nli_roberta-large-mnli; threshold=0.5; not_human_annotation,0.010305,0.000942,neutral,neutral
T3A-0491,reading_2,auto_nli_roberta-large-mnli; threshold=0.5; not_human_annotation,0.738703,0.961602,entailment,entailment
T3A-1052,neither_or_invalid,auto_nli_roberta-large-mnli; threshold=0.5; not_human_annotation,0.086652,0.073611,neutral,neutral
T3A-1083,neither_or_invalid,auto_nli_roberta-large-mnli; threshold=0.5; not_human_annotation,0.001436,0.000744,neutral,neutral
T3A-0797,neither_or_invalid,auto_nli_roberta-large-mnli; threshold=0.5; not_human_annotation,0.223849,0.290379,neutral,neutral
T3A-1047,neither_or_invalid,auto_nli_roberta-large-mnli; threshold=0.5; not_human_annotation,0.469838,0.286825,neutral,neutral
T3A-0964,neither_or_invalid,auto_nli_roberta-large-mnli; threshold=0.5; not_human_annotation,0.006804,0.004459,contradiction,neutral
T3A-0046,neither_or_invalid,auto_nli_roberta-large-mnli; threshold=0.5; not_human_annotation,0.002249,0.004663,neutral,neutral
T3A-0137,neither_or_invalid,auto_nli_roberta-large-mnli; threshold=0.5; not_human_annotation,0.264505,0.071655,neutral,neutral
T3A-0341,neither_or_invalid,auto_nli_roberta-large-mnli; threshold=0.5; not_human_annotation,0.344715,0.094641,neutral,neutral
T3A-0107,neither_or_invalid,auto_nli_roberta-large-mnli; threshold=0.5; not_human_annotation,0.058060,0.165846,neutral,neutral
T3A-0840,neither_or_invalid,auto_nli_roberta-large-mnli; threshold=0.5; not_human_annotation,0.000936,0.001344,neutral,neutral
T3A-1004,neither_or_invalid,auto_nli_roberta-large-mnli; threshold=0.5; not_human_annotation,0.000795,0.000627,neutral,neutral
T3A-0602,neither_or_invalid,auto_nli_roberta-large-mnli; threshold=0.5; not_human_annotation,0.002265,0.002077,neutral,neutral
T3A-0366,neither_or_invalid,auto_nli_roberta-large-mnli; threshold=0.5; not_human_annotation,0.002558,0.004983,neutral,neutral
T3A-0780,neither_or_invalid,auto_nli_roberta-large-mnli; threshold=0.5; not_human_annotation,0.011746,0.058283,neutral,neutral
T3A-0260,neither_or_invalid,auto_nli_roberta-large-mnli; threshold=0.5; not_human_annotation,0.237397,0.302571,neutral,neutral
T3A-0843,neither_or_invalid,auto_nli_roberta-large-mnli; threshold=0.5; not_human_annotation,0.025719,0.023954,neutral,neutral
T3A-0800,neither_or_invalid,auto_nli_roberta-large-mnli; threshold=0.5; not_human_annotation,0.003445,0.002858,neutral,neutral
T3A-0770,neither_or_invalid,auto_nli_roberta-large-mnli; threshold=0.5; not_human_annotation,0.002539,0.005186,contradiction,contradiction
T3A-0482,neither_or_invalid,auto_nli_roberta-large-mnli; threshold=0.5; not_human_annotation,0.343103,0.393963,neutral,neutral
T3A-0400,neither_or_invalid,auto_nli_roberta-large-mnli; threshold=0.5; not_human_annotation,0.000775,0.001283,neutral,neutral
T3A-0021,neither_or_invalid,auto_nli_roberta-large-mnli; threshold=0.5; not_human_annotation,0.004348,0.010605,contradiction,neutral
T3A-0682,neither_or_invalid,auto_nli_roberta-large-mnli; threshold=0.5; not_human_annotation,0.002701,0.002722,neutral,neutral
T3A-0599,neither_or_invalid,auto_nli_roberta-large-mnli; threshold=0.5; not_human_annotation,0.000855,0.000825,neutral,neutral
T3A-0733,neither_or_invalid,auto_nli_roberta-large-mnli; threshold=0.5; not_human_annotation,0.002655,0.004270,neutral,neutral
T3A-0558,neither_or_invalid,auto_nli_roberta-large-mnli; threshold=0.5; not_human_annotation,0.006581,0.016521,neutral,neutral
T3A-0539,neither_or_invalid,auto_nli_roberta-large-mnli; threshold=0.5; not_human_annotation,0.007737,0.058504,neutral,neutral
T3A-0863,neither_or_invalid,auto_nli_roberta-large-mnli; threshold=0.5; not_human_annotation,0.034724,0.005057,neutral,neutral
T3A-1048,both_or_ambiguous,auto_nli_roberta-large-mnli; threshold=0.5; not_human_annotation,0.994536,0.993902,entailment,entailment
T3A-0807,neither_or_invalid,auto_nli_roberta-large-mnli; threshold=0.5; not_human_annotation,0.000505,0.006654,contradiction,neutral
T3A-0088,neither_or_invalid,auto_nli_roberta-large-mnli; threshold=0.5; not_human_annotation,0.002173,0.005561,contradiction,contradiction
T3A-0192,neither_or_invalid,auto_nli_roberta-large-mnli; threshold=0.5; not_human_annotation,0.001258,0.000964,neutral,neutral
T3A-0427,neither_or_invalid,auto_nli_roberta-large-mnli; threshold=0.5; not_human_annotation,0.001203,0.001080,neutral,neutral
T3A-1031,neither_or_invalid,auto_nli_roberta-large-mnli; threshold=0.5; not_human_annotation,0.132497,0.195526,neutral,neutral
T3A-0247,neither_or_invalid,auto_nli_roberta-large-mnli; threshold=0.5; not_human_annotation,0.001610,0.003127,neutral,neutral
T3A-0362,neither_or_invalid,auto_nli_roberta-large-mnli; threshold=0.5; not_human_annotation,0.108562,0.012514,neutral,neutral
T3A-0002,neither_or_invalid,auto_nli_roberta-large-mnli; threshold=0.5; not_human_annotation,0.002575,0.002524,neutral,contradiction
T3A-0947,neither_or_invalid,auto_nli_roberta-large-mnli; threshold=0.5; not_human_annotation,0.001497,0.002381,contradiction,contradiction
T3A-0299,neither_or_invalid,auto_nli_roberta-large-mnli; threshold=0.5; not_human_annotation,0.001435,0.001332,neutral,neutral
T3A-0148,neither_or_invalid,auto_nli_roberta-large-mnli; threshold=0.5; not_human_annotation,0.002443,0.002292,neutral,neutral
T3A-0248,neither_or_invalid,auto_nli_roberta-large-mnli; threshold=0.5; not_human_annotation,0.001262,0.006820,neutral,neutral
T3A-0589,neither_or_invalid,auto_nli_roberta-large-mnli; threshold=0.5; not_human_annotation,0.175381,0.348857,neutral,neutral
T3A-0528,neither_or_invalid,auto_nli_roberta-large-mnli; threshold=0.5; not_human_annotation,0.007623,0.003194,neutral,neutral
T3A-0017,neither_or_invalid,auto_nli_roberta-large-mnli; threshold=0.5; not_human_annotation,0.144404,0.237150,neutral,neutral
T3A-0549,neither_or_invalid,auto_nli_roberta-large-mnli; threshold=0.5; not_human_annotation,0.009795,0.010862,neutral,neutral
T3A-0810,neither_or_invalid,auto_nli_roberta-large-mnli; threshold=0.5; not_human_annotation,0.002020,0.036562,neutral,neutral
T3A-0512,neither_or_invalid,auto_nli_roberta-large-mnli; threshold=0.5; not_human_annotation,0.001111,0.002049,neutral,neutral
T3A-0632,neither_or_invalid,auto_nli_roberta-large-mnli; threshold=0.5; not_human_annotation,0.011881,0.004514,contradiction,neutral
T3A-0065,neither_or_invalid,auto_nli_roberta-large-mnli; threshold=0.5; not_human_annotation,0.038150,0.061747,contradiction,contradiction
T3A-0469,neither_or_invalid,auto_nli_roberta-large-mnli; threshold=0.5; not_human_annotation,0.000604,0.001286,contradiction,contradiction
T3A-0430,neither_or_invalid,auto_nli_roberta-large-mnli; threshold=0.5; not_human_annotation,0.003874,0.003991,neutral,neutral
T3A-0705,neither_or_invalid,auto_nli_roberta-large-mnli; threshold=0.5; not_human_annotation,0.001447,0.003284,neutral,neutral
T3A-0049,neither_or_invalid,auto_nli_roberta-large-mnli; threshold=0.5; not_human_annotation,0.192682,0.008282,neutral,neutral
T3A-0125,neither_or_invalid,auto_nli_roberta-large-mnli; threshold=0.5; not_human_annotation,0.020133,0.047042,neutral,neutral
T3A-0986,neither_or_invalid,auto_nli_roberta-large-mnli; threshold=0.5; not_human_annotation,0.009131,0.032809,neutral,neutral
T3A-0712,neither_or_invalid,auto_nli_roberta-large-mnli; threshold=0.5; not_human_annotation,0.360253,0.423953,neutral,neutral
T3A-0296,neither_or_invalid,auto_nli_roberta-large-mnli; threshold=0.5; not_human_annotation,0.001265,0.000661,neutral,neutral
T3A-1002,neither_or_invalid,auto_nli_roberta-large-mnli; threshold=0.5; not_human_annotation,0.059895,0.110819,neutral,neutral
T3A-0750,neither_or_invalid,auto_nli_roberta-large-mnli; threshold=0.5; not_human_annotation,0.001135,0.017742,neutral,neutral
T3A-0713,neither_or_invalid,auto_nli_roberta-large-mnli; threshold=0.5; not_human_annotation,0.001600,0.000747,neutral,neutral
T3A-0624,neither_or_invalid,auto_nli_roberta-large-mnli; threshold=0.5; not_human_annotation,0.102498,0.019650,contradiction,contradiction
T3A-0562,neither_or_invalid,auto_nli_roberta-large-mnli; threshold=0.5; not_human_annotation,0.027389,0.012176,neutral,neutral
T3A-0876,neither_or_invalid,auto_nli_roberta-large-mnli; threshold=0.5; not_human_annotation,0.433761,0.101342,neutral,neutral
T3A-1008,both_or_ambiguous,auto_nli_roberta-large-mnli; threshold=0.5; not_human_annotation,0.987008,0.993824,entailment,entailment
T3A-0918,neither_or_invalid,auto_nli_roberta-large-mnli; threshold=0.5; not_human_annotation,0.007569,0.009941,neutral,contradiction
T3A-0954,neither_or_invalid,auto_nli_roberta-large-mnli; threshold=0.5; not_human_annotation,0.002778,0.002589,neutral,neutral
T3A-0082,neither_or_invalid,auto_nli_roberta-large-mnli; threshold=0.5; not_human_annotation,0.011383,0.072431,neutral,neutral
T3A-0006,neither_or_invalid,auto_nli_roberta-large-mnli; threshold=0.5; not_human_annotation,0.000912,0.004142,neutral,neutral
T3A-0631,neither_or_invalid,auto_nli_roberta-large-mnli; threshold=0.5; not_human_annotation,0.000712,0.001833,neutral,neutral
T3A-0708,neither_or_invalid,auto_nli_roberta-large-mnli; threshold=0.5; not_human_annotation,0.125848,0.042829,neutral,neutral
T3A-0703,neither_or_invalid,auto_nli_roberta-large-mnli; threshold=0.5; not_human_annotation,0.011513,0.010813,contradiction,contradiction
T3A-1039,neither_or_invalid,auto_nli_roberta-large-mnli; threshold=0.5; not_human_annotation,0.001093,0.001729,neutral,neutral
T3A-0484,neither_or_invalid,auto_nli_roberta-large-mnli; threshold=0.5; not_human_annotation,0.422361,0.277258,entailment,contradiction
T3A-0845,neither_or_invalid,auto_nli_roberta-large-mnli; threshold=0.5; not_human_annotation,0.126872,0.212835,neutral,neutral
T3A-0040,neither_or_invalid,auto_nli_roberta-large-mnli; threshold=0.5; not_human_annotation,0.017995,0.024322,neutral,neutral
T3A-0738,neither_or_invalid,auto_nli_roberta-large-mnli; threshold=0.5; not_human_annotation,0.117378,0.269352,neutral,contradiction
T3A-0893,neither_or_invalid,auto_nli_roberta-large-mnli; threshold=0.5; not_human_annotation,0.331314,0.003285,neutral,neutral
T3A-0344,both_or_ambiguous,auto_nli_roberta-large-mnli; threshold=0.5; not_human_annotation,0.993196,0.993202,entailment,entailment
T3A-0102,neither_or_invalid,auto_nli_roberta-large-mnli; threshold=0.5; not_human_annotation,0.002824,0.002056,neutral,neutral
T3A-0327,neither_or_invalid,auto_nli_roberta-large-mnli; threshold=0.5; not_human_annotation,0.026254,0.008882,neutral,neutral
T3A-0029,neither_or_invalid,auto_nli_roberta-large-mnli; threshold=0.5; not_human_annotation,0.001218,0.001498,neutral,neutral
T3A-0230,neither_or_invalid,auto_nli_roberta-large-mnli; threshold=0.5; not_human_annotation,0.001094,0.001135,neutral,neutral
T3A-0384,neither_or_invalid,auto_nli_roberta-large-mnli; threshold=0.5; not_human_annotation,0.003061,0.034298,neutral,neutral
T3A-0777,neither_or_invalid,auto_nli_roberta-large-mnli; threshold=0.5; not_human_annotation,0.006494,0.006431,neutral,neutral
T3A-0785,neither_or_invalid,auto_nli_roberta-large-mnli; threshold=0.5; not_human_annotation,0.014192,0.194872,neutral,neutral
T3A-0895,neither_or_invalid,auto_nli_roberta-large-mnli; threshold=0.5; not_human_annotation,0.096145,0.139352,neutral,neutral
T3A-0383,neither_or_invalid,auto_nli_roberta-large-mnli; threshold=0.5; not_human_annotation,0.002256,0.022691,neutral,neutral
T3A-0694,both_or_ambiguous,auto_nli_roberta-large-mnli; threshold=0.5; not_human_annotation,0.935263,0.993188,entailment,entailment
T3A-0919,neither_or_invalid,auto_nli_roberta-large-mnli; threshold=0.5; not_human_annotation,0.003351,0.001207,neutral,contradiction
T3A-0055,neither_or_invalid,auto_nli_roberta-large-mnli; threshold=0.5; not_human_annotation,0.004352,0.015411,neutral,neutral
T3A-1010,neither_or_invalid,auto_nli_roberta-large-mnli; threshold=0.5; not_human_annotation,0.002201,0.001057,neutral,neutral
T3A-0028,neither_or_invalid,auto_nli_roberta-large-mnli; threshold=0.5; not_human_annotation,0.000826,0.001587,neutral,neutral
T3A-0902,neither_or_invalid,auto_nli_roberta-large-mnli; threshold=0.5; not_human_annotation,0.001677,0.001045,neutral,neutral
T3A-0820,neither_or_invalid,auto_nli_roberta-large-mnli; threshold=0.5; not_human_annotation,0.003411,0.002015,contradiction,contradiction
T3A-0228,reading_2,auto_nli_roberta-large-mnli; threshold=0.5; not_human_annotation,0.869765,0.993360,entailment,entailment
T3A-0094,neither_or_invalid,auto_nli_roberta-large-mnli; threshold=0.5; not_human_annotation,0.002028,0.001768,neutral,neutral
T3A-0928,neither_or_invalid,auto_nli_roberta-large-mnli; threshold=0.5; not_human_annotation,0.158576,0.093099,neutral,neutral
T3A-0151,neither_or_invalid,auto_nli_roberta-large-mnli; threshold=0.5; not_human_annotation,0.022455,0.014871,neutral,neutral
T3A-0526,neither_or_invalid,auto_nli_roberta-large-mnli; threshold=0.5; not_human_annotation,0.019213,0.001310,neutral,neutral
T3A-0831,neither_or_invalid,auto_nli_roberta-large-mnli; threshold=0.5; not_human_annotation,0.008109,0.011653,neutral,neutral
T3A-1009,neither_or_invalid,auto_nli_roberta-large-mnli; threshold=0.5; not_human_annotation,0.365527,0.149388,neutral,neutral
T3A-0165,neither_or_invalid,auto_nli_roberta-large-mnli; threshold=0.5; not_human_annotation,0.008391,0.005691,neutral,neutral
T3A-0086,both_or_ambiguous,auto_nli_roberta-large-mnli; threshold=0.5; not_human_annotation,0.928993,0.933135,entailment,entailment
T3A-0709,neither_or_invalid,auto_nli_roberta-large-mnli; threshold=0.5; not_human_annotation,0.001665,0.003430,contradiction,contradiction
T3A-0128,neither_or_invalid,auto_nli_roberta-large-mnli; threshold=0.5; not_human_annotation,0.001069,0.001072,neutral,neutral
T3A-0529,neither_or_invalid,auto_nli_roberta-large-mnli; threshold=0.5; not_human_annotation,0.000747,0.000741,neutral,neutral
T3A-0819,neither_or_invalid,auto_nli_roberta-large-mnli; threshold=0.5; not_human_annotation,0.001106,0.000870,neutral,neutral
T3A-0897,neither_or_invalid,auto_nli_roberta-large-mnli; threshold=0.5; not_human_annotation,0.001895,0.001103,neutral,neutral
T3A-0381,neither_or_invalid,auto_nli_roberta-large-mnli; threshold=0.5; not_human_annotation,0.054677,0.004208,neutral,neutral
T3A-0493,neither_or_invalid,auto_nli_roberta-large-mnli; threshold=0.5; not_human_annotation,0.031569,0.014739,neutral,neutral
T3A-0657,neither_or_invalid,auto_nli_roberta-large-mnli; threshold=0.5; not_human_annotation,0.095486,0.017457,neutral,contradiction
T3A-0912,neither_or_invalid,auto_nli_roberta-large-mnli; threshold=0.5; not_human_annotation,0.051416,0.070404,contradiction,contradiction
T3A-0257,neither_or_invalid,auto_nli_roberta-large-mnli; threshold=0.5; not_human_annotation,0.011656,0.012186,neutral,neutral
T3A-0142,neither_or_invalid,auto_nli_roberta-large-mnli; threshold=0.5; not_human_annotation,0.000709,0.000834,neutral,neutral
T3A-0825,neither_or_invalid,auto_nli_roberta-large-mnli; threshold=0.5; not_human_annotation,0.057788,0.131095,neutral,neutral
T3A-0205,neither_or_invalid,auto_nli_roberta-large-mnli; threshold=0.5; not_human_annotation,0.023758,0.131714,neutral,contradiction
T3A-0166,both_or_ambiguous,auto_nli_roberta-large-mnli; threshold=0.5; not_human_annotation,0.992393,0.993488,entailment,entailment
T3A-0429,neither_or_invalid,auto_nli_roberta-large-mnli; threshold=0.5; not_human_annotation,0.001331,0.001732,contradiction,contradiction
T3A-0541,neither_or_invalid,auto_nli_roberta-large-mnli; threshold=0.5; not_human_annotation,0.001763,0.001032,neutral,neutral
T3A-0515,neither_or_invalid,auto_nli_roberta-large-mnli; threshold=0.5; not_human_annotation,0.002419,0.001155,contradiction,contradiction
T3A-0392,neither_or_invalid,auto_nli_roberta-large-mnli; threshold=0.5; not_human_annotation,0.012168,0.004347,neutral,neutral
T3A-0289,neither_or_invalid,auto_nli_roberta-large-mnli; threshold=0.5; not_human_annotation,0.001751,0.002085,neutral,neutral
T3A-0850,neither_or_invalid,auto_nli_roberta-large-mnli; threshold=0.5; not_human_annotation,0.011430,0.010086,neutral,neutral
T3A-0452,neither_or_invalid,auto_nli_roberta-large-mnli; threshold=0.5; not_human_annotation,0.001933,0.001510,neutral,neutral
T3A-0585,neither_or_invalid,auto_nli_roberta-large-mnli; threshold=0.5; not_human_annotation,0.006409,0.001974,neutral,neutral
T3A-0983,neither_or_invalid,auto_nli_roberta-large-mnli; threshold=0.5; not_human_annotation,0.003685,0.005829,contradiction,neutral
T3A-0377,neither_or_invalid,auto_nli_roberta-large-mnli; threshold=0.5; not_human_annotation,0.104156,0.109125,contradiction,neutral
T3A-0904,neither_or_invalid,auto_nli_roberta-large-mnli; threshold=0.5; not_human_annotation,0.007356,0.025992,neutral,neutral
T3A-0862,neither_or_invalid,auto_nli_roberta-large-mnli; threshold=0.5; not_human_annotation,0.069762,0.490882,neutral,neutral
T3A-0900,neither_or_invalid,auto_nli_roberta-large-mnli; threshold=0.5; not_human_annotation,0.026635,0.008281,neutral,neutral
T3A-0245,neither_or_invalid,auto_nli_roberta-large-mnli; threshold=0.5; not_human_annotation,0.001061,0.001544,neutral,neutral
T3A-0547,neither_or_invalid,auto_nli_roberta-large-mnli; threshold=0.5; not_human_annotation,0.002288,0.001119,neutral,neutral
T3A-0240,both_or_ambiguous,auto_nli_roberta-large-mnli; threshold=0.5; not_human_annotation,0.992251,0.987171,entailment,entailment
T3A-0874,neither_or_invalid,auto_nli_roberta-large-mnli; threshold=0.5; not_human_annotation,0.016439,0.024640,contradiction,contradiction
T3A-0292,neither_or_invalid,auto_nli_roberta-large-mnli; threshold=0.5; not_human_annotation,0.034410,0.005189,contradiction,neutral
T3A-0626,neither_or_invalid,auto_nli_roberta-large-mnli; threshold=0.5; not_human_annotation,0.017388,0.002572,neutral,neutral
T3A-0455,neither_or_invalid,auto_nli_roberta-large-mnli; threshold=0.5; not_human_annotation,0.004081,0.001441,neutral,neutral
T3A-0244,neither_or_invalid,auto_nli_roberta-large-mnli; threshold=0.5; not_human_annotation,0.016337,0.002803,neutral,neutral
T3A-0693,neither_or_invalid,auto_nli_roberta-large-mnli; threshold=0.5; not_human_annotation,0.002331,0.000719,neutral,neutral
T3A-0374,reading_2,auto_nli_roberta-large-mnli; threshold=0.5; not_human_annotation,0.123949,0.620430,neutral,entailment
T3A-0421,neither_or_invalid,auto_nli_roberta-large-mnli; threshold=0.5; not_human_annotation,0.002172,0.002764,neutral,neutral
T3A-0045,neither_or_invalid,auto_nli_roberta-large-mnli; threshold=0.5; not_human_annotation,0.003418,0.001866,neutral,neutral
T3A-0809,neither_or_invalid,auto_nli_roberta-large-mnli; threshold=0.5; not_human_annotation,0.183013,0.374494,neutral,neutral
T3A-0170,reading_2,auto_nli_roberta-large-mnli; threshold=0.5; not_human_annotation,0.005804,0.561603,neutral,entailment
T3A-0869,neither_or_invalid,auto_nli_roberta-large-mnli; threshold=0.5; not_human_annotation,0.048013,0.066921,neutral,neutral
T3A-0710,neither_or_invalid,auto_nli_roberta-large-mnli; threshold=0.5; not_human_annotation,0.017773,0.015794,neutral,neutral
T3A-0186,neither_or_invalid,auto_nli_roberta-large-mnli; threshold=0.5; not_human_annotation,0.137640,0.046667,neutral,neutral
T3A-0167,neither_or_invalid,auto_nli_roberta-large-mnli; threshold=0.5; not_human_annotation,0.003195,0.003639,neutral,neutral
T3A-0158,reading_1,auto_nli_roberta-large-mnli; threshold=0.5; not_human_annotation,0.993396,0.868154,entailment,entailment
T3A-0761,neither_or_invalid,auto_nli_roberta-large-mnli; threshold=0.5; not_human_annotation,0.000828,0.000905,neutral,neutral
T3A-0612,neither_or_invalid,auto_nli_roberta-large-mnli; threshold=0.5; not_human_annotation,0.060489,0.009839,neutral,neutral
T3A-0135,neither_or_invalid,auto_nli_roberta-large-mnli; threshold=0.5; not_human_annotation,0.001014,0.001010,neutral,neutral
T3A-0934,reading_2,auto_nli_roberta-large-mnli; threshold=0.5; not_human_annotation,0.213521,0.970386,neutral,entailment
T3A-0345,neither_or_invalid,auto_nli_roberta-large-mnli; threshold=0.5; not_human_annotation,0.003627,0.012629,neutral,neutral
T3A-1015,neither_or_invalid,auto_nli_roberta-large-mnli; threshold=0.5; not_human_annotation,0.012603,0.001485,neutral,neutral
T3A-0848,neither_or_invalid,auto_nli_roberta-large-mnli; threshold=0.5; not_human_annotation,0.464156,0.108235,neutral,neutral
T3A-0754,neither_or_invalid,auto_nli_roberta-large-mnli; threshold=0.5; not_human_annotation,0.002776,0.002512,contradiction,contradiction
T3A-0553,neither_or_invalid,auto_nli_roberta-large-mnli; threshold=0.5; not_human_annotation,0.010674,0.006456,neutral,neutral
T3A-0899,neither_or_invalid,auto_nli_roberta-large-mnli; threshold=0.5; not_human_annotation,0.163807,0.149555,neutral,neutral
T3A-0104,neither_or_invalid,auto_nli_roberta-large-mnli; threshold=0.5; not_human_annotation,0.170904,0.032834,neutral,neutral
T3A-0303,neither_or_invalid,auto_nli_roberta-large-mnli; threshold=0.5; not_human_annotation,0.011252,0.002852,neutral,neutral
T3A-0951,neither_or_invalid,auto_nli_roberta-large-mnli; threshold=0.5; not_human_annotation,0.051795,0.006600,neutral,neutral
T3A-0159,neither_or_invalid,auto_nli_roberta-large-mnli; threshold=0.5; not_human_annotation,0.001354,0.000774,neutral,neutral
T3A-0982,neither_or_invalid,auto_nli_roberta-large-mnli; threshold=0.5; not_human_annotation,0.003174,0.009346,neutral,neutral
T3A-0232,neither_or_invalid,auto_nli_roberta-large-mnli; threshold=0.5; not_human_annotation,0.003008,0.003934,contradiction,contradiction
T3A-0197,neither_or_invalid,auto_nli_roberta-large-mnli; threshold=0.5; not_human_annotation,0.082406,0.309728,neutral,neutral
T3A-1013,neither_or_invalid,auto_nli_roberta-large-mnli; threshold=0.5; not_human_annotation,0.002314,0.003112,neutral,neutral
T3A-0350,neither_or_invalid,auto_nli_roberta-large-mnli; threshold=0.5; not_human_annotation,0.054885,0.131911,neutral,neutral
T3A-0220,neither_or_invalid,auto_nli_roberta-large-mnli; threshold=0.5; not_human_annotation,0.004323,0.014916,neutral,neutral
T3A-0185,neither_or_invalid,auto_nli_roberta-large-mnli; threshold=0.5; not_human_annotation,0.386890,0.165437,neutral,neutral
T3A-1061,neither_or_invalid,auto_nli_roberta-large-mnli; threshold=0.5; not_human_annotation,0.001326,0.001080,neutral,neutral
T3A-1042,neither_or_invalid,auto_nli_roberta-large-mnli; threshold=0.5; not_human_annotation,0.044428,0.007086,neutral,neutral
T3A-0019,neither_or_invalid,auto_nli_roberta-large-mnli; threshold=0.5; not_human_annotation,0.005375,0.002330,neutral,contradiction
T3A-1032,neither_or_invalid,auto_nli_roberta-large-mnli; threshold=0.5; not_human_annotation,0.001129,0.000994,neutral,neutral
T3A-0521,neither_or_invalid,auto_nli_roberta-large-mnli; threshold=0.5; not_human_annotation,0.001582,0.003146,neutral,contradiction
T3A-0434,neither_or_invalid,auto_nli_roberta-large-mnli; threshold=0.5; not_human_annotation,0.002757,0.028580,neutral,neutral
T3A-0833,neither_or_invalid,auto_nli_roberta-large-mnli; threshold=0.5; not_human_annotation,0.000902,0.000907,neutral,neutral
T3A-0814,neither_or_invalid,auto_nli_roberta-large-mnli; threshold=0.5; not_human_annotation,0.001848,0.002052,contradiction,neutral
T3A-0096,neither_or_invalid,auto_nli_roberta-large-mnli; threshold=0.5; not_human_annotation,0.015621,0.009429,neutral,neutral
T3A-0996,reading_2,auto_nli_roberta-large-mnli; threshold=0.5; not_human_annotation,0.129919,0.942938,neutral,entailment
T3A-0702,both_or_ambiguous,auto_nli_roberta-large-mnli; threshold=0.5; not_human_annotation,0.553936,0.573722,entailment,entailment
T3A-0720,neither_or_invalid,auto_nli_roberta-large-mnli; threshold=0.5; not_human_annotation,0.002015,0.001457,neutral,neutral
T3A-0687,neither_or_invalid,auto_nli_roberta-large-mnli; threshold=0.5; not_human_annotation,0.008627,0.008142,neutral,neutral
T3A-0131,neither_or_invalid,auto_nli_roberta-large-mnli; threshold=0.5; not_human_annotation,0.020362,0.057826,neutral,neutral
T3A-0337,neither_or_invalid,auto_nli_roberta-large-mnli; threshold=0.5; not_human_annotation,0.050833,0.140767,neutral,neutral
T3A-0871,neither_or_invalid,auto_nli_roberta-large-mnli; threshold=0.5; not_human_annotation,0.001519,0.009351,neutral,neutral
T3A-0386,neither_or_invalid,auto_nli_roberta-large-mnli; threshold=0.5; not_human_annotation,0.028333,0.003030,neutral,contradiction
T3A-0965,neither_or_invalid,auto_nli_roberta-large-mnli; threshold=0.5; not_human_annotation,0.039574,0.011858,neutral,neutral
T3A-0772,neither_or_invalid,auto_nli_roberta-large-mnli; threshold=0.5; not_human_annotation,0.005291,0.001642,neutral,neutral
T3A-0858,neither_or_invalid,auto_nli_roberta-large-mnli; threshold=0.5; not_human_annotation,0.017437,0.042721,neutral,neutral
T3A-0726,neither_or_invalid,auto_nli_roberta-large-mnli; threshold=0.5; not_human_annotation,0.106728,0.016603,neutral,neutral
T3A-0610,neither_or_invalid,auto_nli_roberta-large-mnli; threshold=0.5; not_human_annotation,0.007287,0.029527,neutral,neutral
T3A-0971,neither_or_invalid,auto_nli_roberta-large-mnli; threshold=0.5; not_human_annotation,0.003939,0.055336,neutral,neutral
T3A-0402,neither_or_invalid,auto_nli_roberta-large-mnli; threshold=0.5; not_human_annotation,0.001442,0.009064,neutral,neutral
T3A-0679,neither_or_invalid,auto_nli_roberta-large-mnli; threshold=0.5; not_human_annotation,0.014844,0.053645,neutral,neutral
T3A-0716,neither_or_invalid,auto_nli_roberta-large-mnli; threshold=0.5; not_human_annotation,0.001773,0.002378,neutral,neutral
T3A-1078,neither_or_invalid,auto_nli_roberta-large-mnli; threshold=0.5; not_human_annotation,0.003206,0.006460,neutral,neutral
T3A-0851,neither_or_invalid,auto_nli_roberta-large-mnli; threshold=0.5; not_human_annotation,0.034881,0.024789,neutral,neutral
T3A-0359,neither_or_invalid,auto_nli_roberta-large-mnli; threshold=0.5; not_human_annotation,0.009564,0.010220,neutral,neutral
T3A-0145,neither_or_invalid,auto_nli_roberta-large-mnli; threshold=0.5; not_human_annotation,0.027041,0.009188,neutral,neutral
T3A-0680,neither_or_invalid,auto_nli_roberta-large-mnli; threshold=0.5; not_human_annotation,0.001381,0.003819,neutral,neutral
T3A-0597,neither_or_invalid,auto_nli_roberta-large-mnli; threshold=0.5; not_human_annotation,0.036282,0.066943,neutral,neutral
T3A-1018,neither_or_invalid,auto_nli_roberta-large-mnli; threshold=0.5; not_human_annotation,0.003238,0.003021,neutral,neutral
T3A-0913,neither_or_invalid,auto_nli_roberta-large-mnli; threshold=0.5; not_human_annotation,0.004332,0.008456,neutral,neutral
T3A-0154,neither_or_invalid,auto_nli_roberta-large-mnli; threshold=0.5; not_human_annotation,0.037558,0.034942,neutral,neutral
T3A-0618,neither_or_invalid,auto_nli_roberta-large-mnli; threshold=0.5; not_human_annotation,0.001450,0.004077,neutral,neutral
T3A-0673,neither_or_invalid,auto_nli_roberta-large-mnli; threshold=0.5; not_human_annotation,0.005848,0.003734,neutral,neutral
T3A-0742,neither_or_invalid,auto_nli_roberta-large-mnli; threshold=0.5; not_human_annotation,0.016701,0.050539,neutral,neutral
T3A-0259,neither_or_invalid,auto_nli_roberta-large-mnli; threshold=0.5; not_human_annotation,0.001814,0.005955,neutral,neutral
T3A-1001,neither_or_invalid,auto_nli_roberta-large-mnli; threshold=0.5; not_human_annotation,0.000983,0.000852,neutral,neutral
T3A-0396,reading_1,auto_nli_roberta-large-mnli; threshold=0.5; not_human_annotation,0.971488,0.755085,entailment,entailment
T3A-0999,neither_or_invalid,auto_nli_roberta-large-mnli; threshold=0.5; not_human_annotation,0.002919,0.001709,neutral,neutral
T3A-0572,neither_or_invalid,auto_nli_roberta-large-mnli; threshold=0.5; not_human_annotation,0.001893,0.001058,neutral,neutral
T3A-0097,neither_or_invalid,auto_nli_roberta-large-mnli; threshold=0.5; not_human_annotation,0.002275,0.002906,neutral,neutral
T3A-0338,reading_1,auto_nli_roberta-large-mnli; threshold=0.5; not_human_annotation,0.676554,0.010717,entailment,neutral
T3A-0068,neither_or_invalid,auto_nli_roberta-large-mnli; threshold=0.5; not_human_annotation,0.416694,0.139945,neutral,neutral
T3A-0343,neither_or_invalid,auto_nli_roberta-large-mnli; threshold=0.5; not_human_annotation,0.008604,0.004766,neutral,neutral
T3A-0663,neither_or_invalid,auto_nli_roberta-large-mnli; threshold=0.5; not_human_annotation,0.042135,0.037825,neutral,neutral
T3A-1033,neither_or_invalid,auto_nli_roberta-large-mnli; threshold=0.5; not_human_annotation,0.004527,0.001105,neutral,neutral
T3A-1051,neither_or_invalid,auto_nli_roberta-large-mnli; threshold=0.5; not_human_annotation,0.003582,0.001816,neutral,neutral
T3A-0613,neither_or_invalid,auto_nli_roberta-large-mnli; threshold=0.5; not_human_annotation,0.005784,0.005928,neutral,neutral
T3A-1045,neither_or_invalid,auto_nli_roberta-large-mnli; threshold=0.5; not_human_annotation,0.000821,0.000638,neutral,neutral
T3A-0347,neither_or_invalid,auto_nli_roberta-large-mnli; threshold=0.5; not_human_annotation,0.002652,0.003128,neutral,neutral
T3A-0794,reading_1,auto_nli_roberta-large-mnli; threshold=0.5; not_human_annotation,0.817003,0.048238,entailment,contradiction
T3A-0419,neither_or_invalid,auto_nli_roberta-large-mnli; threshold=0.5; not_human_annotation,0.004909,0.001477,neutral,neutral
T3A-0397,neither_or_invalid,auto_nli_roberta-large-mnli; threshold=0.5; not_human_annotation,0.001121,0.134602,neutral,neutral
T3A-0290,neither_or_invalid,auto_nli_roberta-large-mnli; threshold=0.5; not_human_annotation,0.001502,0.002005,neutral,neutral
T3A-0382,neither_or_invalid,auto_nli_roberta-large-mnli; threshold=0.5; not_human_annotation,0.211343,0.013549,neutral,neutral
T3A-0373,neither_or_invalid,auto_nli_roberta-large-mnli; threshold=0.5; not_human_annotation,0.022185,0.137313,neutral,neutral
T3A-0163,neither_or_invalid,auto_nli_roberta-large-mnli; threshold=0.5; not_human_annotation,0.000856,0.002098,neutral,neutral
T3A-0625,neither_or_invalid,auto_nli_roberta-large-mnli; threshold=0.5; not_human_annotation,0.289934,0.021429,neutral,neutral
T3A-0536,neither_or_invalid,auto_nli_roberta-large-mnli; threshold=0.5; not_human_annotation,0.000168,0.008126,contradiction,contradiction
T3A-0921,neither_or_invalid,auto_nli_roberta-large-mnli; threshold=0.5; not_human_annotation,0.004348,0.065682,neutral,neutral
T3A-0450,neither_or_invalid,auto_nli_roberta-large-mnli; threshold=0.5; not_human_annotation,0.019128,0.054864,contradiction,contradiction
T3A-0449,neither_or_invalid,auto_nli_roberta-large-mnli; threshold=0.5; not_human_annotation,0.098756,0.074217,contradiction,neutral
T3A-1070,neither_or_invalid,auto_nli_roberta-large-mnli; threshold=0.5; not_human_annotation,0.007012,0.008731,neutral,neutral
T3A-0254,reading_2,auto_nli_roberta-large-mnli; threshold=0.5; not_human_annotation,0.401241,0.993186,neutral,entailment
T3A-0041,neither_or_invalid,auto_nli_roberta-large-mnli; threshold=0.5; not_human_annotation,0.037792,0.078225,neutral,neutral
T3A-0177,reading_1,auto_nli_roberta-large-mnli; threshold=0.5; not_human_annotation,0.988000,0.003674,entailment,neutral
T3A-0662,both_or_ambiguous,auto_nli_roberta-large-mnli; threshold=0.5; not_human_annotation,0.982446,0.989162,entailment,entailment
T3A-0517,neither_or_invalid,auto_nli_roberta-large-mnli; threshold=0.5; not_human_annotation,0.003166,0.002925,neutral,neutral
T3A-0087,reading_2,auto_nli_roberta-large-mnli; threshold=0.5; not_human_annotation,0.498251,0.711508,entailment,entailment
T3A-0732,both_or_ambiguous,auto_nli_roberta-large-mnli; threshold=0.5; not_human_annotation,0.991283,0.942999,entailment,entailment
T3A-0352,neither_or_invalid,auto_nli_roberta-large-mnli; threshold=0.5; not_human_annotation,0.012857,0.009674,neutral,neutral
T3A-0894,neither_or_invalid,auto_nli_roberta-large-mnli; threshold=0.5; not_human_annotation,0.078276,0.001444,neutral,neutral
T3A-0462,neither_or_invalid,auto_nli_roberta-large-mnli; threshold=0.5; not_human_annotation,0.002726,0.000733,neutral,neutral
T3A-0064,neither_or_invalid,auto_nli_roberta-large-mnli; threshold=0.5; not_human_annotation,0.137936,0.086289,neutral,neutral
T3A-0927,reading_1,auto_nli_roberta-large-mnli; threshold=0.5; not_human_annotation,0.958634,0.804181,entailment,entailment
T3A-0514,neither_or_invalid,auto_nli_roberta-large-mnli; threshold=0.5; not_human_annotation,0.019503,0.002404,neutral,neutral
T3A-0488,both_or_ambiguous,auto_nli_roberta-large-mnli; threshold=0.5; not_human_annotation,0.959336,0.958248,entailment,entailment
T3A-0620,neither_or_invalid,auto_nli_roberta-large-mnli; threshold=0.5; not_human_annotation,0.001532,0.000742,neutral,neutral
T3A-0330,neither_or_invalid,auto_nli_roberta-large-mnli; threshold=0.5; not_human_annotation,0.028717,0.205225,neutral,neutral
T3A-0193,neither_or_invalid,auto_nli_roberta-large-mnli; threshold=0.5; not_human_annotation,0.310328,0.177627,neutral,neutral
T3A-0668,neither_or_invalid,auto_nli_roberta-large-mnli; threshold=0.5; not_human_annotation,0.052726,0.088172,neutral,neutral
T3A-0586,neither_or_invalid,auto_nli_roberta-large-mnli; threshold=0.5; not_human_annotation,0.000805,0.000922,neutral,neutral
T3A-0830,neither_or_invalid,auto_nli_roberta-large-mnli; threshold=0.5; not_human_annotation,0.001620,0.001356,neutral,neutral
T3A-0461,neither_or_invalid,auto_nli_roberta-large-mnli; threshold=0.5; not_human_annotation,0.088549,0.040016,neutral,neutral
T3A-0043,neither_or_invalid,auto_nli_roberta-large-mnli; threshold=0.5; not_human_annotation,0.184935,0.321312,neutral,neutral
T3A-0757,neither_or_invalid,auto_nli_roberta-large-mnli; threshold=0.5; not_human_annotation,0.001196,0.000946,neutral,neutral
T3A-0811,neither_or_invalid,auto_nli_roberta-large-mnli; threshold=0.5; not_human_annotation,0.001646,0.001816,neutral,neutral
T3A-0568,neither_or_invalid,auto_nli_roberta-large-mnli; threshold=0.5; not_human_annotation,0.007515,0.001422,neutral,neutral
T3A-0595,neither_or_invalid,auto_nli_roberta-large-mnli; threshold=0.5; not_human_annotation,0.021926,0.038446,neutral,neutral
T3A-0474,neither_or_invalid,auto_nli_roberta-large-mnli; threshold=0.5; not_human_annotation,0.002676,0.001873,neutral,neutral
T3A-0394,reading_2,auto_nli_roberta-large-mnli; threshold=0.5; not_human_annotation,0.506338,0.683929,entailment,entailment
T3A-0853,neither_or_invalid,auto_nli_roberta-large-mnli; threshold=0.5; not_human_annotation,0.001671,0.005291,neutral,neutral
T3A-0609,neither_or_invalid,auto_nli_roberta-large-mnli; threshold=0.5; not_human_annotation,0.002472,0.003739,neutral,neutral
T3A-0630,neither_or_invalid,auto_nli_roberta-large-mnli; threshold=0.5; not_human_annotation,0.039231,0.005080,neutral,neutral
T3A-0093,neither_or_invalid,auto_nli_roberta-large-mnli; threshold=0.5; not_human_annotation,0.001075,0.000976,neutral,neutral
T3A-0898,neither_or_invalid,auto_nli_roberta-large-mnli; threshold=0.5; not_human_annotation,0.007098,0.003188,neutral,neutral
T3A-0910,neither_or_invalid,auto_nli_roberta-large-mnli; threshold=0.5; not_human_annotation,0.001020,0.000939,neutral,neutral
T3A-1041,neither_or_invalid,auto_nli_roberta-large-mnli; threshold=0.5; not_human_annotation,0.086064,0.058539,neutral,neutral
T3A-0378,neither_or_invalid,auto_nli_roberta-large-mnli; threshold=0.5; not_human_annotation,0.006343,0.364246,contradiction,neutral
T3A-0059,neither_or_invalid,auto_nli_roberta-large-mnli; threshold=0.5; not_human_annotation,0.085375,0.002419,neutral,neutral
T3A-0039,neither_or_invalid,auto_nli_roberta-large-mnli; threshold=0.5; not_human_annotation,0.000765,0.000907,neutral,neutral
T3A-0463,neither_or_invalid,auto_nli_roberta-large-mnli; threshold=0.5; not_human_annotation,0.003660,0.042711,neutral,neutral
T3A-0473,neither_or_invalid,auto_nli_roberta-large-mnli; threshold=0.5; not_human_annotation,0.002303,0.005662,neutral,contradiction
T3A-0917,neither_or_invalid,auto_nli_roberta-large-mnli; threshold=0.5; not_human_annotation,0.032255,0.038353,contradiction,neutral
T3A-0076,neither_or_invalid,auto_nli_roberta-large-mnli; threshold=0.5; not_human_annotation,0.048081,0.234921,contradiction,contradiction
T3A-0520,neither_or_invalid,auto_nli_roberta-large-mnli; threshold=0.5; not_human_annotation,0.025286,0.022848,neutral,neutral
T3A-0361,neither_or_invalid,auto_nli_roberta-large-mnli; threshold=0.5; not_human_annotation,0.002091,0.002067,neutral,neutral
T3A-0058,neither_or_invalid,auto_nli_roberta-large-mnli; threshold=0.5; not_human_annotation,0.002336,0.001142,neutral,neutral
T3A-0606,neither_or_invalid,auto_nli_roberta-large-mnli; threshold=0.5; not_human_annotation,0.033993,0.063800,neutral,neutral
T3A-0282,neither_or_invalid,auto_nli_roberta-large-mnli; threshold=0.5; not_human_annotation,0.017382,0.011464,neutral,neutral
T3A-0816,neither_or_invalid,auto_nli_roberta-large-mnli; threshold=0.5; not_human_annotation,0.014648,0.018140,contradiction,contradiction
T3A-0311,neither_or_invalid,auto_nli_roberta-large-mnli; threshold=0.5; not_human_annotation,0.000672,0.000841,neutral,neutral
T3A-0647,neither_or_invalid,auto_nli_roberta-large-mnli; threshold=0.5; not_human_annotation,0.001743,0.001859,neutral,neutral
T3A-1011,neither_or_invalid,auto_nli_roberta-large-mnli; threshold=0.5; not_human_annotation,0.006484,0.019141,neutral,neutral
T3A-0481,neither_or_invalid,auto_nli_roberta-large-mnli; threshold=0.5; not_human_annotation,0.045601,0.049715,neutral,neutral
T3A-0070,neither_or_invalid,auto_nli_roberta-large-mnli; threshold=0.5; not_human_annotation,0.001744,0.001585,neutral,neutral
T3A-0451,neither_or_invalid,auto_nli_roberta-large-mnli; threshold=0.5; not_human_annotation,0.039133,0.014289,neutral,neutral
T3A-0155,neither_or_invalid,auto_nli_roberta-large-mnli; threshold=0.5; not_human_annotation,0.043399,0.062707,neutral,neutral
T3A-0324,neither_or_invalid,auto_nli_roberta-large-mnli; threshold=0.5; not_human_annotation,0.034814,0.076551,neutral,neutral
T3A-0643,neither_or_invalid,auto_nli_roberta-large-mnli; threshold=0.5; not_human_annotation,0.004163,0.010385,neutral,neutral
T3A-0331,neither_or_invalid,auto_nli_roberta-large-mnli; threshold=0.5; not_human_annotation,0.119345,0.051571,neutral,neutral
T3A-1066,neither_or_invalid,auto_nli_roberta-large-mnli; threshold=0.5; not_human_annotation,0.000735,0.000726,neutral,neutral
T3A-0651,neither_or_invalid,auto_nli_roberta-large-mnli; threshold=0.5; not_human_annotation,0.004359,0.016007,neutral,neutral
T3A-0659,neither_or_invalid,auto_nli_roberta-large-mnli; threshold=0.5; not_human_annotation,0.001272,0.001255,neutral,neutral
T3A-0579,neither_or_invalid,auto_nli_roberta-large-mnli; threshold=0.5; not_human_annotation,0.006934,0.001607,contradiction,neutral
T3A-0698,neither_or_invalid,auto_nli_roberta-large-mnli; threshold=0.5; not_human_annotation,0.001379,0.001899,neutral,neutral
T3A-1059,neither_or_invalid,auto_nli_roberta-large-mnli; threshold=0.5; not_human_annotation,0.002188,0.000991,neutral,neutral
T3A-0594,neither_or_invalid,auto_nli_roberta-large-mnli; threshold=0.5; not_human_annotation,0.167136,0.004421,neutral,neutral
T3A-0887,neither_or_invalid,auto_nli_roberta-large-mnli; threshold=0.5; not_human_annotation,0.001521,0.002271,neutral,neutral
T3A-0578,neither_or_invalid,auto_nli_roberta-large-mnli; threshold=0.5; not_human_annotation,0.002101,0.002344,neutral,neutral
T3A-1022,neither_or_invalid,auto_nli_roberta-large-mnli; threshold=0.5; not_human_annotation,0.002143,0.002020,neutral,neutral
T3A-0476,neither_or_invalid,auto_nli_roberta-large-mnli; threshold=0.5; not_human_annotation,0.001264,0.001642,neutral,neutral
T3A-0506,neither_or_invalid,auto_nli_roberta-large-mnli; threshold=0.5; not_human_annotation,0.014839,0.002550,neutral,neutral
T3A-0644,neither_or_invalid,auto_nli_roberta-large-mnli; threshold=0.5; not_human_annotation,0.003359,0.035152,neutral,neutral
T3A-0792,neither_or_invalid,auto_nli_roberta-large-mnli; threshold=0.5; not_human_annotation,0.211065,0.114137,neutral,neutral
T3A-0182,neither_or_invalid,auto_nli_roberta-large-mnli; threshold=0.5; not_human_annotation,0.001300,0.001875,neutral,neutral
T3A-0078,neither_or_invalid,auto_nli_roberta-large-mnli; threshold=0.5; not_human_annotation,0.027858,0.009038,neutral,contradiction
T3A-0672,neither_or_invalid,auto_nli_roberta-large-mnli; threshold=0.5; not_human_annotation,0.025939,0.008971,neutral,neutral
T3A-0778,neither_or_invalid,auto_nli_roberta-large-mnli; threshold=0.5; not_human_annotation,0.001484,0.002225,contradiction,contradiction
T3A-0779,neither_or_invalid,auto_nli_roberta-large-mnli; threshold=0.5; not_human_annotation,0.156831,0.011251,neutral,neutral
T3A-0157,neither_or_invalid,auto_nli_roberta-large-mnli; threshold=0.5; not_human_annotation,0.001539,0.003184,neutral,neutral
T3A-0617,neither_or_invalid,auto_nli_roberta-large-mnli; threshold=0.5; not_human_annotation,0.007349,0.003179,neutral,contradiction
T3A-0178,neither_or_invalid,auto_nli_roberta-large-mnli; threshold=0.5; not_human_annotation,0.000625,0.000605,neutral,neutral
T3A-0203,neither_or_invalid,auto_nli_roberta-large-mnli; threshold=0.5; not_human_annotation,0.001574,0.000960,neutral,neutral
T3A-0263,neither_or_invalid,auto_nli_roberta-large-mnli; threshold=0.5; not_human_annotation,0.001861,0.000915,neutral,neutral
T3A-0150,neither_or_invalid,auto_nli_roberta-large-mnli; threshold=0.5; not_human_annotation,0.019099,0.008008,neutral,neutral
T3A-1068,reading_1,auto_nli_roberta-large-mnli; threshold=0.5; not_human_annotation,0.986727,0.237733,entailment,neutral
T3A-0242,reading_1,auto_nli_roberta-large-mnli; threshold=0.5; not_human_annotation,0.795532,0.171084,entailment,neutral
T3A-0152,neither_or_invalid,auto_nli_roberta-large-mnli; threshold=0.5; not_human_annotation,0.002378,0.002548,neutral,neutral
T3A-0835,neither_or_invalid,auto_nli_roberta-large-mnli; threshold=0.5; not_human_annotation,0.001236,0.001969,neutral,neutral
T3A-0661,neither_or_invalid,auto_nli_roberta-large-mnli; threshold=0.5; not_human_annotation,0.001314,0.001248,neutral,neutral
T3A-0839,neither_or_invalid,auto_nli_roberta-large-mnli; threshold=0.5; not_human_annotation,0.002789,0.014594,contradiction,neutral
T3A-0745,neither_or_invalid,auto_nli_roberta-large-mnli; threshold=0.5; not_human_annotation,0.000914,0.002476,neutral,neutral
T3A-0360,reading_2,auto_nli_roberta-large-mnli; threshold=0.5; not_human_annotation,0.097630,0.880700,neutral,entailment
T3A-0358,neither_or_invalid,auto_nli_roberta-large-mnli; threshold=0.5; not_human_annotation,0.001383,0.001431,neutral,neutral
T3A-0795,neither_or_invalid,auto_nli_roberta-large-mnli; threshold=0.5; not_human_annotation,0.001729,0.001942,neutral,neutral
T3A-0199,neither_or_invalid,auto_nli_roberta-large-mnli; threshold=0.5; not_human_annotation,0.040476,0.033867,neutral,neutral
T3A-0909,neither_or_invalid,auto_nli_roberta-large-mnli; threshold=0.5; not_human_annotation,0.001303,0.001173,neutral,neutral
T3A-0544,neither_or_invalid,auto_nli_roberta-large-mnli; threshold=0.5; not_human_annotation,0.009434,0.070487,contradiction,neutral
T3A-1005,neither_or_invalid,auto_nli_roberta-large-mnli; threshold=0.5; not_human_annotation,0.002384,0.002993,neutral,contradiction
T3A-0649,neither_or_invalid,auto_nli_roberta-large-mnli; threshold=0.5; not_human_annotation,0.045847,0.003032,contradiction,contradiction
T3A-1086,neither_or_invalid,auto_nli_roberta-large-mnli; threshold=0.5; not_human_annotation,0.002601,0.002938,neutral,neutral
T3A-0079,neither_or_invalid,auto_nli_roberta-large-mnli; threshold=0.5; not_human_annotation,0.013085,0.041942,neutral,neutral
T3A-0173,neither_or_invalid,auto_nli_roberta-large-mnli; threshold=0.5; not_human_annotation,0.001994,0.002180,neutral,neutral
T3A-0798,neither_or_invalid,auto_nli_roberta-large-mnli; threshold=0.5; not_human_annotation,0.193566,0.080893,neutral,contradiction
T3A-0342,neither_or_invalid,auto_nli_roberta-large-mnli; threshold=0.5; not_human_annotation,0.001016,0.001256,neutral,neutral
T3A-0227,neither_or_invalid,auto_nli_roberta-large-mnli; threshold=0.5; not_human_annotation,0.001158,0.001672,neutral,neutral
T3A-0348,neither_or_invalid,auto_nli_roberta-large-mnli; threshold=0.5; not_human_annotation,0.002441,0.002035,contradiction,neutral
T3A-1076,neither_or_invalid,auto_nli_roberta-large-mnli; threshold=0.5; not_human_annotation,0.054626,0.013904,neutral,contradiction
T3A-0318,neither_or_invalid,auto_nli_roberta-large-mnli; threshold=0.5; not_human_annotation,0.000794,0.001282,neutral,neutral
T3A-0892,neither_or_invalid,auto_nli_roberta-large-mnli; threshold=0.5; not_human_annotation,0.000757,0.019901,neutral,neutral
T3A-0406,neither_or_invalid,auto_nli_roberta-large-mnli; threshold=0.5; not_human_annotation,0.007193,0.002681,neutral,neutral
T3A-0081,neither_or_invalid,auto_nli_roberta-large-mnli; threshold=0.5; not_human_annotation,0.025343,0.047485,neutral,neutral
T3A-0537,neither_or_invalid,auto_nli_roberta-large-mnli; threshold=0.5; not_human_annotation,0.117619,0.156937,neutral,neutral
T3A-0411,neither_or_invalid,auto_nli_roberta-large-mnli; threshold=0.5; not_human_annotation,0.003826,0.003414,neutral,neutral
T3A-0604,neither_or_invalid,auto_nli_roberta-large-mnli; threshold=0.5; not_human_annotation,0.001266,0.001334,neutral,neutral
T3A-0955,neither_or_invalid,auto_nli_roberta-large-mnli; threshold=0.5; not_human_annotation,0.010056,0.003298,neutral,neutral
T3A-0250,neither_or_invalid,auto_nli_roberta-large-mnli; threshold=0.5; not_human_annotation,0.003462,0.000966,contradiction,neutral
T3A-0109,neither_or_invalid,auto_nli_roberta-large-mnli; threshold=0.5; not_human_annotation,0.014843,0.018655,neutral,neutral
T3A-0865,neither_or_invalid,auto_nli_roberta-large-mnli; threshold=0.5; not_human_annotation,0.005876,0.013909,neutral,neutral
T3A-0448,neither_or_invalid,auto_nli_roberta-large-mnli; threshold=0.5; not_human_annotation,0.015910,0.008590,neutral,neutral
T3A-0091,neither_or_invalid,auto_nli_roberta-large-mnli; threshold=0.5; not_human_annotation,0.008217,0.025527,neutral,neutral
T3A-0371,neither_or_invalid,auto_nli_roberta-large-mnli; threshold=0.5; not_human_annotation,0.002536,0.001877,contradiction,neutral
T3A-0707,neither_or_invalid,auto_nli_roberta-large-mnli; threshold=0.5; not_human_annotation,0.034063,0.015910,neutral,neutral
T3A-0852,neither_or_invalid,auto_nli_roberta-large-mnli; threshold=0.5; not_human_annotation,0.012380,0.014209,neutral,neutral
T3A-0472,neither_or_invalid,auto_nli_roberta-large-mnli; threshold=0.5; not_human_annotation,0.002602,0.000656,contradiction,contradiction
T3A-1021,neither_or_invalid,auto_nli_roberta-large-mnli; threshold=0.5; not_human_annotation,0.015999,0.019575,neutral,neutral
T3A-1063,neither_or_invalid,auto_nli_roberta-large-mnli; threshold=0.5; not_human_annotation,0.085712,0.045916,neutral,neutral
T3A-0176,neither_or_invalid,auto_nli_roberta-large-mnli; threshold=0.5; not_human_annotation,0.255236,0.016445,neutral,neutral
T3A-0333,neither_or_invalid,auto_nli_roberta-large-mnli; threshold=0.5; not_human_annotation,0.000752,0.001080,neutral,neutral
T3A-0022,neither_or_invalid,auto_nli_roberta-large-mnli; threshold=0.5; not_human_annotation,0.004047,0.003321,contradiction,contradiction
T3A-0945,neither_or_invalid,auto_nli_roberta-large-mnli; threshold=0.5; not_human_annotation,0.001481,0.004397,neutral,neutral
T3A-0118,neither_or_invalid,auto_nli_roberta-large-mnli; threshold=0.5; not_human_annotation,0.001467,0.002579,neutral,neutral
T3A-0979,neither_or_invalid,auto_nli_roberta-large-mnli; threshold=0.5; not_human_annotation,0.415654,0.274255,neutral,neutral
T3A-0428,neither_or_invalid,auto_nli_roberta-large-mnli; threshold=0.5; not_human_annotation,0.001923,0.001469,neutral,neutral
T3A-0656,neither_or_invalid,auto_nli_roberta-large-mnli; threshold=0.5; not_human_annotation,0.000710,0.000650,contradiction,contradiction
T3A-0727,neither_or_invalid,auto_nli_roberta-large-mnli; threshold=0.5; not_human_annotation,0.018038,0.018862,neutral,neutral
T3A-0415,neither_or_invalid,auto_nli_roberta-large-mnli; threshold=0.5; not_human_annotation,0.002791,0.001870,neutral,neutral
T3A-0588,neither_or_invalid,auto_nli_roberta-large-mnli; threshold=0.5; not_human_annotation,0.309550,0.450859,neutral,neutral
T3A-0440,neither_or_invalid,auto_nli_roberta-large-mnli; threshold=0.5; not_human_annotation,0.007176,0.007880,neutral,neutral
T3A-1067,neither_or_invalid,auto_nli_roberta-large-mnli; threshold=0.5; not_human_annotation,0.000913,0.003955,neutral,neutral
T3A-0321,neither_or_invalid,auto_nli_roberta-large-mnli; threshold=0.5; not_human_annotation,0.004134,0.002885,neutral,neutral
T3A-0958,neither_or_invalid,auto_nli_roberta-large-mnli; threshold=0.5; not_human_annotation,0.004107,0.008795,neutral,contradiction
T3A-0080,neither_or_invalid,auto_nli_roberta-large-mnli; threshold=0.5; not_human_annotation,0.003560,0.000392,neutral,contradiction
T3A-0944,neither_or_invalid,auto_nli_roberta-large-mnli; threshold=0.5; not_human_annotation,0.000505,0.004391,contradiction,contradiction
T3A-0471,neither_or_invalid,auto_nli_roberta-large-mnli; threshold=0.5; not_human_annotation,0.028077,0.020632,neutral,contradiction
T3A-0020,neither_or_invalid,auto_nli_roberta-large-mnli; threshold=0.5; not_human_annotation,0.008386,0.010829,neutral,neutral
T3A-0447,neither_or_invalid,auto_nli_roberta-large-mnli; threshold=0.5; not_human_annotation,0.004481,0.002232,neutral,neutral
T3A-0044,neither_or_invalid,auto_nli_roberta-large-mnli; threshold=0.5; not_human_annotation,0.175462,0.241039,neutral,neutral
T3A-0760,neither_or_invalid,auto_nli_roberta-large-mnli; threshold=0.5; not_human_annotation,0.046760,0.011427,neutral,neutral
T3A-0883,neither_or_invalid,auto_nli_roberta-large-mnli; threshold=0.5; not_human_annotation,0.025764,0.018739,neutral,contradiction
T3A-0407,neither_or_invalid,auto_nli_roberta-large-mnli; threshold=0.5; not_human_annotation,0.002758,0.001637,neutral,neutral
T3A-0074,neither_or_invalid,auto_nli_roberta-large-mnli; threshold=0.5; not_human_annotation,0.248118,0.291710,neutral,neutral
T3A-0363,neither_or_invalid,auto_nli_roberta-large-mnli; threshold=0.5; not_human_annotation,0.089095,0.039424,neutral,neutral
T3A-0826,neither_or_invalid,auto_nli_roberta-large-mnli; threshold=0.5; not_human_annotation,0.031909,0.047262,neutral,neutral
T3A-0685,neither_or_invalid,auto_nli_roberta-large-mnli; threshold=0.5; not_human_annotation,0.001139,0.002922,neutral,neutral
T3A-0854,reading_1,auto_nli_roberta-large-mnli; threshold=0.5; not_human_annotation,0.537450,0.118744,entailment,neutral
T3A-0573,neither_or_invalid,auto_nli_roberta-large-mnli; threshold=0.5; not_human_annotation,0.165278,0.284849,neutral,neutral
T3A-0513,neither_or_invalid,auto_nli_roberta-large-mnli; threshold=0.5; not_human_annotation,0.000820,0.002156,neutral,neutral
T3A-1055,neither_or_invalid,auto_nli_roberta-large-mnli; threshold=0.5; not_human_annotation,0.006429,0.015967,neutral,neutral
T3A-1065,neither_or_invalid,auto_nli_roberta-large-mnli; threshold=0.5; not_human_annotation,0.001005,0.001102,neutral,neutral
T3A-0546,neither_or_invalid,auto_nli_roberta-large-mnli; threshold=0.5; not_human_annotation,0.002403,0.005401,contradiction,contradiction
T3A-0390,neither_or_invalid,auto_nli_roberta-large-mnli; threshold=0.5; not_human_annotation,0.001080,0.001001,neutral,neutral
T3A-0133,neither_or_invalid,auto_nli_roberta-large-mnli; threshold=0.5; not_human_annotation,0.001674,0.001728,neutral,neutral
T3A-0180,neither_or_invalid,auto_nli_roberta-large-mnli; threshold=0.5; not_human_annotation,0.003855,0.006983,neutral,neutral
T3A-1003,neither_or_invalid,auto_nli_roberta-large-mnli; threshold=0.5; not_human_annotation,0.001427,0.001086,neutral,neutral
T3A-0765,neither_or_invalid,auto_nli_roberta-large-mnli; threshold=0.5; not_human_annotation,0.000974,0.001027,neutral,neutral
T3A-0510,neither_or_invalid,auto_nli_roberta-large-mnli; threshold=0.5; not_human_annotation,0.054466,0.246281,neutral,neutral
T3A-1060,neither_or_invalid,auto_nli_roberta-large-mnli; threshold=0.5; not_human_annotation,0.001453,0.002399,contradiction,contradiction
T3A-1074,neither_or_invalid,auto_nli_roberta-large-mnli; threshold=0.5; not_human_annotation,0.008481,0.007504,neutral,contradiction
T3A-0336,neither_or_invalid,auto_nli_roberta-large-mnli; threshold=0.5; not_human_annotation,0.001871,0.001230,neutral,neutral
T3A-0297,neither_or_invalid,auto_nli_roberta-large-mnli; threshold=0.5; not_human_annotation,0.005702,0.006833,neutral,contradiction
T3A-0262,neither_or_invalid,auto_nli_roberta-large-mnli; threshold=0.5; not_human_annotation,0.000596,0.357501,contradiction,contradiction
T3A-0783,neither_or_invalid,auto_nli_roberta-large-mnli; threshold=0.5; not_human_annotation,0.001288,0.001320,neutral,neutral
T3A-0141,neither_or_invalid,auto_nli_roberta-large-mnli; threshold=0.5; not_human_annotation,0.002311,0.001384,neutral,neutral
T3A-0786,neither_or_invalid,auto_nli_roberta-large-mnli; threshold=0.5; not_human_annotation,0.001091,0.002223,neutral,neutral
T3A-0217,neither_or_invalid,auto_nli_roberta-large-mnli; threshold=0.5; not_human_annotation,0.001316,0.000821,contradiction,contradiction
T3A-0969,neither_or_invalid,auto_nli_roberta-large-mnli; threshold=0.5; not_human_annotation,0.031340,0.020306,neutral,neutral
T3A-0309,neither_or_invalid,auto_nli_roberta-large-mnli; threshold=0.5; not_human_annotation,0.001051,0.002612,neutral,neutral
T3A-0210,neither_or_invalid,auto_nli_roberta-large-mnli; threshold=0.5; not_human_annotation,0.010287,0.005009,neutral,contradiction
T3A-0008,neither_or_invalid,auto_nli_roberta-large-mnli; threshold=0.5; not_human_annotation,0.001141,0.001768,neutral,neutral
T3A-0057,neither_or_invalid,auto_nli_roberta-large-mnli; threshold=0.5; not_human_annotation,0.002254,0.002536,neutral,neutral
T3A-0614,both_or_ambiguous,auto_nli_roberta-large-mnli; threshold=0.5; not_human_annotation,0.898637,0.822802,entailment,entailment
T3A-0405,neither_or_invalid,auto_nli_roberta-large-mnli; threshold=0.5; not_human_annotation,0.002361,0.003630,neutral,neutral
T3A-0226,neither_or_invalid,auto_nli_roberta-large-mnli; threshold=0.5; not_human_annotation,0.001462,0.001196,neutral,neutral
T3A-0047,neither_or_invalid,auto_nli_roberta-large-mnli; threshold=0.5; not_human_annotation,0.002597,0.002568,contradiction,contradiction
T3A-0316,neither_or_invalid,auto_nli_roberta-large-mnli; threshold=0.5; not_human_annotation,0.201358,0.018297,neutral,neutral
T3A-0684,neither_or_invalid,auto_nli_roberta-large-mnli; threshold=0.5; not_human_annotation,0.065235,0.308115,neutral,neutral
T3A-0540,neither_or_invalid,auto_nli_roberta-large-mnli; threshold=0.5; not_human_annotation,0.001231,0.000972,neutral,neutral
T3A-0499,neither_or_invalid,auto_nli_roberta-large-mnli; threshold=0.5; not_human_annotation,0.012384,0.003271,neutral,neutral
T3A-0608,neither_or_invalid,auto_nli_roberta-large-mnli; threshold=0.5; not_human_annotation,0.003127,0.001006,neutral,neutral
T3A-1000,neither_or_invalid,auto_nli_roberta-large-mnli; threshold=0.5; not_human_annotation,0.002773,0.002151,neutral,neutral
T3A-0695,neither_or_invalid,auto_nli_roberta-large-mnli; threshold=0.5; not_human_annotation,0.028867,0.024103,neutral,neutral
T3A-1038,both_or_ambiguous,auto_nli_roberta-large-mnli; threshold=0.5; not_human_annotation,0.894742,0.879891,entailment,entailment
T3A-0114,reading_2,auto_nli_roberta-large-mnli; threshold=0.5; not_human_annotation,0.016601,0.533645,contradiction,entailment
T3A-1035,neither_or_invalid,auto_nli_roberta-large-mnli; threshold=0.5; not_human_annotation,0.016891,0.007521,neutral,neutral
T3A-0354,neither_or_invalid,auto_nli_roberta-large-mnli; threshold=0.5; not_human_annotation,0.475852,0.001644,entailment,neutral
T3A-0117,neither_or_invalid,auto_nli_roberta-large-mnli; threshold=0.5; not_human_annotation,0.000753,0.000835,neutral,neutral
T3A-0525,neither_or_invalid,auto_nli_roberta-large-mnli; threshold=0.5; not_human_annotation,0.034977,0.002313,neutral,neutral
T3A-0774,neither_or_invalid,auto_nli_roberta-large-mnli; threshold=0.5; not_human_annotation,0.111037,0.094547,neutral,neutral
T3A-0221,neither_or_invalid,auto_nli_roberta-large-mnli; threshold=0.5; not_human_annotation,0.001603,0.002050,neutral,neutral
T3A-0280,neither_or_invalid,auto_nli_roberta-large-mnli; threshold=0.5; not_human_annotation,0.001229,0.004609,neutral,neutral
T3A-0425,neither_or_invalid,auto_nli_roberta-large-mnli; threshold=0.5; not_human_annotation,0.069115,0.023095,neutral,neutral
T3A-0453,neither_or_invalid,auto_nli_roberta-large-mnli; threshold=0.5; not_human_annotation,0.000962,0.000991,neutral,neutral
T3A-0622,neither_or_invalid,auto_nli_roberta-large-mnli; threshold=0.5; not_human_annotation,0.007031,0.003635,neutral,contradiction
T3A-0498,neither_or_invalid,auto_nli_roberta-large-mnli; threshold=0.5; not_human_annotation,0.121968,0.002440,neutral,neutral
T3A-0435,neither_or_invalid,auto_nli_roberta-large-mnli; threshold=0.5; not_human_annotation,0.080585,0.030295,neutral,neutral
T3A-0678,neither_or_invalid,auto_nli_roberta-large-mnli; threshold=0.5; not_human_annotation,0.013008,0.015840,neutral,neutral
T3A-0454,neither_or_invalid,auto_nli_roberta-large-mnli; threshold=0.5; not_human_annotation,0.005000,0.032648,neutral,neutral
T3A-0279,neither_or_invalid,auto_nli_roberta-large-mnli; threshold=0.5; not_human_annotation,0.001765,0.001631,neutral,neutral
T3A-0084,both_or_ambiguous,auto_nli_roberta-large-mnli; threshold=0.5; not_human_annotation,0.994081,0.993331,entailment,entailment
T3A-0691,neither_or_invalid,auto_nli_roberta-large-mnli; threshold=0.5; not_human_annotation,0.002086,0.001309,neutral,neutral
T3A-0051,reading_1,auto_nli_roberta-large-mnli; threshold=0.5; not_human_annotation,0.635956,0.250884,entailment,neutral
T3A-1046,neither_or_invalid,auto_nli_roberta-large-mnli; threshold=0.5; not_human_annotation,0.004594,0.006714,neutral,neutral
T3A-0773,neither_or_invalid,auto_nli_roberta-large-mnli; threshold=0.5; not_human_annotation,0.001839,0.001013,neutral,neutral
T3A-0162,reading_1,auto_nli_roberta-large-mnli; threshold=0.5; not_human_annotation,0.989483,0.001802,entailment,neutral
T3A-0319,neither_or_invalid,auto_nli_roberta-large-mnli; threshold=0.5; not_human_annotation,0.006209,0.001218,neutral,neutral
T3A-0108,neither_or_invalid,auto_nli_roberta-large-mnli; threshold=0.5; not_human_annotation,0.001147,0.001638,neutral,neutral
T3A-0174,neither_or_invalid,auto_nli_roberta-large-mnli; threshold=0.5; not_human_annotation,0.403488,0.471497,neutral,neutral
T3A-0665,neither_or_invalid,auto_nli_roberta-large-mnli; threshold=0.5; not_human_annotation,0.001191,0.004055,neutral,contradiction
T3A-0639,neither_or_invalid,auto_nli_roberta-large-mnli; threshold=0.5; not_human_annotation,0.035763,0.035508,neutral,neutral
T3A-0758,neither_or_invalid,auto_nli_roberta-large-mnli; threshold=0.5; not_human_annotation,0.001279,0.001092,neutral,neutral
T3A-0323,neither_or_invalid,auto_nli_roberta-large-mnli; threshold=0.5; not_human_annotation,0.002501,0.002460,neutral,neutral
T3A-0699,neither_or_invalid,auto_nli_roberta-large-mnli; threshold=0.5; not_human_annotation,0.001008,0.000852,neutral,neutral
T3A-0930,neither_or_invalid,auto_nli_roberta-large-mnli; threshold=0.5; not_human_annotation,0.000784,0.001133,neutral,neutral
T3A-0860,neither_or_invalid,auto_nli_roberta-large-mnli; threshold=0.5; not_human_annotation,0.000987,0.003063,neutral,neutral
T3A-0771,neither_or_invalid,auto_nli_roberta-large-mnli; threshold=0.5; not_human_annotation,0.001113,0.001147,neutral,neutral
T3A-0441,neither_or_invalid,auto_nli_roberta-large-mnli; threshold=0.5; not_human_annotation,0.032981,0.008852,neutral,contradiction
T3A-0188,neither_or_invalid,auto_nli_roberta-large-mnli; threshold=0.5; not_human_annotation,0.005479,0.001274,neutral,neutral
T3A-0063,both_or_ambiguous,auto_nli_roberta-large-mnli; threshold=0.5; not_human_annotation,0.686222,0.698645,entailment,entailment
T3A-0291,neither_or_invalid,auto_nli_roberta-large-mnli; threshold=0.5; not_human_annotation,0.002619,0.001542,neutral,neutral
T3A-0143,neither_or_invalid,auto_nli_roberta-large-mnli; threshold=0.5; not_human_annotation,0.002618,0.005278,neutral,neutral
T3A-0821,both_or_ambiguous,auto_nli_roberta-large-mnli; threshold=0.5; not_human_annotation,0.940160,0.929369,entailment,entailment
T3A-0294,both_or_ambiguous,auto_nli_roberta-large-mnli; threshold=0.5; not_human_annotation,0.993086,0.993245,entailment,entailment
T3A-0372,neither_or_invalid,auto_nli_roberta-large-mnli; threshold=0.5; not_human_annotation,0.005084,0.002663,neutral,neutral
T3A-0013,neither_or_invalid,auto_nli_roberta-large-mnli; threshold=0.5; not_human_annotation,0.002357,0.002260,neutral,neutral
T3A-0719,neither_or_invalid,auto_nli_roberta-large-mnli; threshold=0.5; not_human_annotation,0.003743,0.003208,neutral,neutral
T3A-0696,neither_or_invalid,auto_nli_roberta-large-mnli; threshold=0.5; not_human_annotation,0.048375,0.041503,contradiction,contradiction
T3A-0633,neither_or_invalid,auto_nli_roberta-large-mnli; threshold=0.5; not_human_annotation,0.011330,0.006984,neutral,neutral
T3A-0560,neither_or_invalid,auto_nli_roberta-large-mnli; threshold=0.5; not_human_annotation,0.023979,0.042625,neutral,neutral
T3A-0370,reading_2,auto_nli_roberta-large-mnli; threshold=0.5; not_human_annotation,0.599516,0.787310,entailment,entailment
T3A-0060,neither_or_invalid,auto_nli_roberta-large-mnli; threshold=0.5; not_human_annotation,0.000309,0.000315,contradiction,contradiction
T3A-0548,neither_or_invalid,auto_nli_roberta-large-mnli; threshold=0.5; not_human_annotation,0.000716,0.000963,neutral,neutral
T3A-0054,neither_or_invalid,auto_nli_roberta-large-mnli; threshold=0.5; not_human_annotation,0.001378,0.001415,neutral,neutral
T3A-0879,neither_or_invalid,auto_nli_roberta-large-mnli; threshold=0.5; not_human_annotation,0.112294,0.019999,neutral,neutral
T3A-0464,neither_or_invalid,auto_nli_roberta-large-mnli; threshold=0.5; not_human_annotation,0.002591,0.011461,neutral,neutral
T3A-0571,neither_or_invalid,auto_nli_roberta-large-mnli; threshold=0.5; not_human_annotation,0.006858,0.002686,neutral,neutral
T3A-0236,neither_or_invalid,auto_nli_roberta-large-mnli; threshold=0.5; not_human_annotation,0.001033,0.002804,neutral,neutral
T3A-0753,both_or_ambiguous,auto_nli_roberta-large-mnli; threshold=0.5; not_human_annotation,0.979484,0.989388,entailment,entailment
T3A-0718,neither_or_invalid,auto_nli_roberta-large-mnli; threshold=0.5; not_human_annotation,0.103160,0.200608,neutral,neutral
T3A-0222,neither_or_invalid,auto_nli_roberta-large-mnli; threshold=0.5; not_human_annotation,0.005808,0.021941,neutral,neutral
T3A-0460,neither_or_invalid,auto_nli_roberta-large-mnli; threshold=0.5; not_human_annotation,0.000967,0.000995,neutral,neutral
T3A-0988,neither_or_invalid,auto_nli_roberta-large-mnli; threshold=0.5; not_human_annotation,0.014144,0.015764,neutral,neutral
T3A-0317,neither_or_invalid,auto_nli_roberta-large-mnli; threshold=0.5; not_human_annotation,0.000933,0.000905,neutral,neutral
T3A-0436,neither_or_invalid,auto_nli_roberta-large-mnli; threshold=0.5; not_human_annotation,0.005801,0.032332,neutral,neutral
T3A-1040,neither_or_invalid,auto_nli_roberta-large-mnli; threshold=0.5; not_human_annotation,0.001488,0.003866,neutral,neutral
T3A-0213,neither_or_invalid,auto_nli_roberta-large-mnli; threshold=0.5; not_human_annotation,0.405822,0.081031,neutral,neutral
T3A-0721,neither_or_invalid,auto_nli_roberta-large-mnli; threshold=0.5; not_human_annotation,0.002080,0.002162,neutral,neutral
T3A-0640,neither_or_invalid,auto_nli_roberta-large-mnli; threshold=0.5; not_human_annotation,0.010180,0.020072,neutral,neutral
T3A-0590,neither_or_invalid,auto_nli_roberta-large-mnli; threshold=0.5; not_human_annotation,0.001309,0.009019,contradiction,contradiction
T3A-0106,reading_2,auto_nli_roberta-large-mnli; threshold=0.5; not_human_annotation,0.761940,0.942790,entailment,entailment
T3A-0867,neither_or_invalid,auto_nli_roberta-large-mnli; threshold=0.5; not_human_annotation,0.002302,0.000679,neutral,neutral
T3A-0725,neither_or_invalid,auto_nli_roberta-large-mnli; threshold=0.5; not_human_annotation,0.001499,0.001487,neutral,neutral
T3A-0842,neither_or_invalid,auto_nli_roberta-large-mnli; threshold=0.5; not_human_annotation,0.000888,0.002991,neutral,neutral
T3A-0251,neither_or_invalid,auto_nli_roberta-large-mnli; threshold=0.5; not_human_annotation,0.001349,0.000673,neutral,neutral
T3A-0676,neither_or_invalid,auto_nli_roberta-large-mnli; threshold=0.5; not_human_annotation,0.012283,0.003310,neutral,neutral
T3A-0123,neither_or_invalid,auto_nli_roberta-large-mnli; threshold=0.5; not_human_annotation,0.001555,0.001529,neutral,neutral
T3A-0267,reading_1,auto_nli_roberta-large-mnli; threshold=0.5; not_human_annotation,0.965280,0.763306,entailment,entailment
T3A-0764,neither_or_invalid,auto_nli_roberta-large-mnli; threshold=0.5; not_human_annotation,0.010385,0.007745,neutral,neutral
T3A-0198,both_or_ambiguous,auto_nli_roberta-large-mnli; threshold=0.5; not_human_annotation,0.984373,0.986982,entailment,entailment
T3A-0885,neither_or_invalid,auto_nli_roberta-large-mnli; threshold=0.5; not_human_annotation,0.019466,0.003163,neutral,neutral
T3A-0191,neither_or_invalid,auto_nli_roberta-large-mnli; threshold=0.5; not_human_annotation,0.014500,0.010249,neutral,neutral
T3A-0175,neither_or_invalid,auto_nli_roberta-large-mnli; threshold=0.5; not_human_annotation,0.002574,0.001395,neutral,neutral
T3A-0187,neither_or_invalid,auto_nli_roberta-large-mnli; threshold=0.5; not_human_annotation,0.006771,0.001201,neutral,neutral
T3A-0138,reading_1,auto_nli_roberta-large-mnli; threshold=0.5; not_human_annotation,0.990263,0.002506,entailment,neutral
T3A-0972,neither_or_invalid,auto_nli_roberta-large-mnli; threshold=0.5; not_human_annotation,0.007271,0.220272,neutral,neutral
T3A-0313,neither_or_invalid,auto_nli_roberta-large-mnli; threshold=0.5; not_human_annotation,0.036037,0.009621,neutral,neutral
T3A-0767,neither_or_invalid,auto_nli_roberta-large-mnli; threshold=0.5; not_human_annotation,0.001300,0.006335,neutral,neutral
T3A-0523,neither_or_invalid,auto_nli_roberta-large-mnli; threshold=0.5; not_human_annotation,0.046868,0.063168,neutral,neutral
